- 1117838570 2005.06.03 R02-M1-N0-C:J12-U11 2005-06-03-15.42.50.363779 R02-M1-N0-C:J12-U11 RAS KERNEL INFO instruction cache parity error corrected
- 1117838570 2005.06.03 R02-M1-N0-C:J12-U11 2005-06-03-15.42.50.823719 R02-M1-N0-C:J12-U11 RAS KERNEL INFO instruction cache parity error corrected
- 1117838571 2005.06.03 R02-M1-N0-C:J12-U11 2005-06-03-15.42.51.293532 R02-M1-N0-C:J12-U11 RAS KERNEL INFO instruction cache parity error corrected
- 1117838571 2005.06.03 R02-M1-N0-C:J12-U11 2005-06-03-15.42.51.749199 R02-M1-N0-C:J12-U11 RAS KERNEL INFO instruction cache parity error corrected
- 1117838572 2005.06.03 R02-M1-N0-C:J12-U11 2005-06-03-15.42.52.199063 R02-M1-N0-C:J12-U11 RAS KERNEL INFO instruction cache parity error corrected
- 1117838572 2005.06.03 R02-M1-N0-C:J12-U11 2005-06-03-15.42.52.638135 R02-M1-N0-C:J12-U11 RAS KERNEL INFO instruction cache parity error corrected
- 1117838573 2005.06.03 R02-M1-N0-C:J12-U11 2005-06-03-15.42.53.125780 R02-M1-N0-C:J12-U11 RAS KERNEL INFO instruction cache parity error corrected
- 1117838573 2005.06.03 R02-M1-N0-C:J12-U11 2005-06-03-15.42.53.573391 R02-M1-N0-C:J12-U11 RAS KERNEL INFO instruction cache parity error corrected
- 1117838574 2005.06.03 R02-M1-N0-C:J12-U11 2005-06-03-15.42.54.019446 R02-M1-N0-C:J12-U11 RAS KERNEL INFO instruction cache parity error corrected
- 1117838574 2005.06.03 R02-M1-N0-C:J12-U11 2005-06-03-15.42.54.532078 R02-M1-N0-C:J12-U11 RAS KERNEL INFO instruction cache parity error corrected
- 1117838574 2005.06.03 R02-M1-N0-C:J12-U11 2005-06-03-15.42.54.958702 R02-M1-N0-C:J12-U11 RAS KERNEL INFO instruction cache parity error corrected
- 1117838575 2005.06.03 R02-M1-N0-C:J12-U11 2005-06-03-15.42.55.401336 R02-M1-N0-C:J12-U11 RAS KERNEL INFO instruction cache parity error corrected
- 1117838575 2005.06.03 R02-M1-N0-C:J12-U11 2005-06-03-15.42.55.841735 R02-M1-N0-C:J12-U11 RAS KERNEL INFO instruction cache parity error corrected
- 1117838576 2005.06.03 R02-M1-N0-C:J12-U11 2005-06-03-15.42.56.275900 R02-M1-N0-C:J12-U11 RAS KERNEL INFO instruction cache parity error corrected
- 1117838576 2005.06.03 R02-M1-N0-C:J12-U11 2005-06-03-15.42.56.715625 R02-M1-N0-C:J12-U11 RAS KERNEL INFO instruction cache parity error corrected
- 1117838577 2005.06.03 R02-M1-N0-C:J12-U11 2005-06-03-15.42.57.170578 R02-M1-N0-C:J12-U11 RAS KERNEL INFO instruction cache parity error corrected
- 1117838577 2005.06.03 R02-M1-N0-C:J12-U11 2005-06-03-15.42.57.609155 R02-M1-N0-C:J12-U11 RAS KERNEL INFO instruction cache parity error corrected
- 1117838578 2005.06.03 R02-M1-N0-C:J12-U11 2005-06-03-15.42.58.047957 R02-M1-N0-C:J12-U11 RAS KERNEL INFO instruction cache parity error corrected
- 1117838578 2005.06.03 R02-M1-N0-C:J12-U11 2005-06-03-15.42.58.514875 R02-M1-N0-C:J12-U11 RAS KERNEL INFO instruction cache parity error corrected
- 1117838578 2005.06.03 R02-M1-N0-C:J12-U11 2005-06-03-15.42.58.973175 R02-M1-N0-C:J12-U11 RAS KERNEL INFO instruction cache parity error corrected
- 1117838579 2005.06.03 R02-M1-N0-C:J12-U11 2005-06-03-15.42.59.413771 R02-M1-N0-C:J12-U11 RAS KERNEL INFO instruction cache parity error corrected
- 1117838579 2005.06.03 R02-M1-N0-C:J12-U11 2005-06-03-15.42.59.858422 R02-M1-N0-C:J12-U11 RAS KERNEL INFO instruction cache parity error corrected
- 1117838580 2005.06.03 R02-M1-N0-C:J12-U11 2005-06-03-15.43.00.277471 R02-M1-N0-C:J12-U11 RAS KERNEL INFO instruction cache parity error corrected
- 1117838580 2005.06.03 R02-M1-N0-C:J12-U11 2005-06-03-15.43.00.713415 R02-M1-N0-C:J12-U11 RAS KERNEL INFO instruction cache parity error corrected
- 1117838581 2005.06.03 R02-M1-N0-C:J12-U11 2005-06-03-15.43.01.172337 R02-M1-N0-C:J12-U11 RAS KERNEL INFO instruction cache parity error corrected
APPREAD 1117869885 2005.06.04 R03-M1-N8-I:J18-U11 2005-06-04-00.24.45.033376 R03-M1-N8-I:J18-U11 RAS APP FATAL ciod: failed to read message prefix on control stream (CioStream socket to 172.16.96.116:33503
APPREAD 1117869885 2005.06.04 R14-M1-N8-I:J18-U01 2005-06-04-00.24.45.139931 R14-M1-N8-I:J18-U01 RAS APP FATAL ciod: failed to read message prefix on control stream (CioStream socket to 172.16.96.116:33192
APPREAD 1117869885 2005.06.04 R15-M0-N8-I:J18-U11 2005-06-04-00.24.45.242285 R15-M0-N8-I:J18-U11 RAS APP FATAL ciod: failed to read message prefix on control stream (CioStream socket to 172.16.96.116:33447
APPREAD 1117869885 2005.06.04 R02-M1-N0-I:J18-U01 2005-06-04-00.24.45.342221 R02-M1-N0-I:J18-U01 RAS APP FATAL ciod: failed to read message prefix on control stream (CioStream socket to 172.16.96.116:33636
APPREAD 1117869885 2005.06.04 R03-M0-N0-I:J18-U11 2005-06-04-00.24.45.447173 R03-M0-N0-I:J18-U11 RAS APP FATAL ciod: failed to read message prefix on control stream (CioStream socket to 172.16.96.116:33379
APPREAD 1117869885 2005.06.04 R15-M0-N4-I:J18-U01 2005-06-04-00.24.45.561730 R15-M0-N4-I:J18-U01 RAS APP FATAL ciod: failed to read message prefix on control stream (CioStream socket to 172.16.96.116:33450
APPREAD 1117869885 2005.06.04 R11-M0-N8-I:J18-U11 2005-06-04-00.24.45.661651 R11-M0-N8-I:J18-U11 RAS APP FATAL ciod: failed to read message prefix on control stream (CioStream socket to 172.16.96.116:33415
APPREAD 1117869885 2005.06.04 R15-M0-N0-I:J18-U01 2005-06-04-00.24.45.760493 R15-M0-N0-I:J18-U01 RAS APP FATAL ciod: failed to read message prefix on control stream (CioStream socket to 172.16.96.116:33452
APPREAD 1117869885 2005.06.04 R03-M0-NC-I:J18-U11 2005-06-04-00.24.45.865188 R03-M0-NC-I:J18-U11 RAS APP FATAL ciod: failed to read message prefix on control stream (CioStream socket to 172.16.96.116:33373
APPREAD 1117869885 2005.06.04 R06-M0-N4-I:J18-U01 2005-06-04-00.24.45.964305 R06-M0-N4-I:J18-U01 RAS APP FATAL ciod: failed to read message prefix on control stream (CioStream socket to 172.16.96.116:33218
APPREAD 1117869886 2005.06.04 R11-M1-NC-I:J18-U11 2005-06-04-00.24.46.075273 R11-M1-NC-I:J18-U11 RAS APP FATAL ciod: failed to read message prefix on control stream (CioStream socket to 172.16.96.116:33285
APPREAD 1117869886 2005.06.04 R14-M0-N4-I:J18-U01 2005-06-04-00.24.46.173719 R14-M0-N4-I:J18-U01 RAS APP FATAL ciod: failed to read message prefix on control stream (CioStream socket to 172.16.96.116:33578
APPREAD 1117869886 2005.06.04 R02-M0-N8-I:J18-U11 2005-06-04-00.24.46.277741 R02-M0-N8-I:J18-U11 RAS APP FATAL ciod: failed to read message prefix on control stream (CioStream socket to 172.16.96.116:33247
APPREAD 1117869886 2005.06.04 R17-M1-N8-I:J18-U01 2005-06-04-00.24.46.376668 R17-M1-N8-I:J18-U01 RAS APP FATAL ciod: failed to read message prefix on control stream (CioStream socket to 172.16.96.116:33352
APPREAD 1117869886 2005.06.04 R04-M0-NC-I:J18-U11 2005-06-04-00.24.46.475354 R04-M0-NC-I:J18-U11 RAS APP FATAL ciod: failed to read message prefix on control stream (CioStream socket to 172.16.96.116:33181
APPREAD 1117869886 2005.06.04 R04-M0-N4-I:J18-U01 2005-06-04-00.24.46.573472 R04-M0-N4-I:J18-U01 RAS APP FATAL ciod: failed to read message prefix on control stream (CioStream socket to 172.16.96.116:33186
APPREAD 1117869886 2005.06.04 R02-M0-NC-I:J18-U11 2005-06-04-00.24.46.678388 R02-M0-NC-I:J18-U11 RAS APP FATAL ciod: failed to read message prefix on control stream (CioStream socket to 172.16.96.116:33245
APPREAD 1117869886 2005.06.04 R03-M1-NC-I:J18-U01 2005-06-04-00.24.46.783423 R03-M1-NC-I:J18-U01 RAS APP FATAL ciod: failed to read message prefix on control stream (CioStream socket to 172.16.96.116:33502
APPREAD 1117869886 2005.06.04 R02-M1-NC-I:J18-U11 2005-06-04-00.24.46.885053 R02-M1-NC-I:J18-U11 RAS APP FATAL ciod: failed to read message prefix on control stream (CioStream socket to 172.16.96.116:33629
APPREAD 1117869886 2005.06.04 R00-M0-N8-I:J18-U01 2005-06-04-00.24.46.986349 R00-M0-N8-I:J18-U01 RAS APP FATAL ciod: failed to read message prefix on control stream (CioStream socket to 172.16.96.116:33152
APPREAD 1117869887 2005.06.04 R11-M0-N0-I:J18-U11 2005-06-04-00.24.47.092635 R11-M0-N0-I:J18-U11 RAS APP FATAL ciod: failed to read message prefix on control stream (CioStream socket to 172.16.96.116:33419
APPREAD 1117869887 2005.06.04 R11-M0-N4-I:J18-U01 2005-06-04-00.24.47.191773 R11-M0-N4-I:J18-U01 RAS APP FATAL ciod: failed to read message prefix on control stream (CioStream socket to 172.16.96.116:33418
APPREAD 1117869887 2005.06.04 R01-M0-N4-I:J18-U11 2005-06-04-00.24.47.292886 R01-M0-N4-I:J18-U11 RAS APP FATAL ciod: failed to read message prefix on control stream (CioStream socket to 172.16.96.116:33281
APPREAD 1117869887 2005.06.04 R01-M1-N0-I:J18-U01 2005-06-04-00.24.47.395071 R01-M1-N0-I:J18-U01 RAS APP FATAL ciod: failed to read message prefix on control stream (CioStream socket to 172.16.96.116:33412
APPREAD 1117869887 2005.06.04 R03-M0-N8-I:J18-U11 2005-06-04-00.24.47.503405 R03-M0-N8-I:J18-U11 RAS APP FATAL ciod: failed to read message prefix on control stream (CioStream socket to 172.16.96.116:33375
- 1117959475 2005.06.05 R20-M0-N6-C:J13-U11 2005-06-05-01.17.55.529677 R20-M0-N6-C:J13-U11 RAS KERNEL INFO generating core.3133
- 1117959475 2005.06.05 R20-M0-N6-C:J03-U01 2005-06-05-01.17.55.590212 R20-M0-N6-C:J03-U01 RAS KERNEL INFO generating core.3255
- 1117959475 2005.06.05 R20-M0-N6-C:J07-U11 2005-06-05-01.17.55.652613 R20-M0-N6-C:J07-U11 RAS KERNEL INFO generating core.3262
- 1117959475 2005.06.05 R20-M0-N6-C:J11-U01 2005-06-05-01.17.55.803214 R20-M0-N6-C:J11-U01 RAS KERNEL INFO generating core.3253
- 1117959475 2005.06.05 R20-M0-N6-C:J09-U01 2005-06-05-01.17.55.908975 R20-M0-N6-C:J09-U01 RAS KERNEL INFO generating core.3126
- 1117959475 2005.06.05 R20-M0-N6-C:J14-U11 2005-06-05-01.17.55.982398 R20-M0-N6-C:J14-U11 RAS KERNEL INFO generating core.3244
- 1117959476 2005.06.05 R20-M0-N6-C:J12-U11 2005-06-05-01.17.56.044325 R20-M0-N6-C:J12-U11 RAS KERNEL INFO generating core.3117
- 1117959476 2005.06.05 R20-M0-N6-C:J10-U01 2005-06-05-01.17.56.105840 R20-M0-N6-C:J10-U01 RAS KERNEL INFO generating core.3237
- 1117959476 2005.06.05 R20-M0-N6-C:J04-U01 2005-06-05-01.17.56.167881 R20-M0-N6-C:J04-U01 RAS KERNEL INFO generating core.3111
- 1117959476 2005.06.05 R20-M0-N6-C:J02-U01 2005-06-05-01.17.56.309710 R20-M0-N6-C:J02-U01 RAS KERNEL INFO generating core.3239
- 1117959476 2005.06.05 R20-M1-N2-C:J15-U11 2005-06-05-01.17.56.421094 R20-M1-N2-C:J15-U11 RAS KERNEL INFO generating core.700
- 1117959476 2005.06.05 R20-M1-N2-C:J17-U11 2005-06-05-01.17.56.489365 R20-M1-N2-C:J17-U11 RAS KERNEL INFO generating core.572
- 1117959476 2005.06.05 R20-M1-N2-C:J05-U11 2005-06-05-01.17.56.550861 R20-M1-N2-C:J05-U11 RAS KERNEL INFO generating core.575
- 1117959476 2005.06.05 R20-M1-N2-C:J15-U01 2005-06-05-01.17.56.612792 R20-M1-N2-C:J15-U01 RAS KERNEL INFO generating core.692
- 1117959476 2005.06.05 R20-M1-N2-C:J07-U01 2005-06-05-01.17.56.677424 R20-M1-N2-C:J07-U01 RAS KERNEL INFO generating core.694
- 1117959476 2005.06.05 R20-M1-N2-C:J16-U11 2005-06-05-01.17.56.820433 R20-M1-N2-C:J16-U11 RAS KERNEL INFO generating core.556
- 1117959476 2005.06.05 R20-M1-N2-C:J10-U11 2005-06-05-01.17.56.927962 R20-M1-N2-C:J10-U11 RAS KERNEL INFO generating core.685
- 1117959476 2005.06.05 R20-M1-N2-C:J14-U01 2005-06-05-01.17.56.996370 R20-M1-N2-C:J14-U01 RAS KERNEL INFO generating core.676
- 1117959477 2005.06.05 R20-M1-N2-C:J12-U01 2005-06-05-01.17.57.058255 R20-M1-N2-C:J12-U01 RAS KERNEL INFO generating core.549
- 1117959477 2005.06.05 R20-M1-N2-C:J06-U01 2005-06-05-01.17.57.119844 R20-M1-N2-C:J06-U01 RAS KERNEL INFO generating core.678
- 1117959477 2005.06.05 R20-M1-N2-C:J02-U11 2005-06-05-01.17.57.181248 R20-M1-N2-C:J02-U11 RAS KERNEL INFO generating core.687
- 1117959477 2005.06.05 R20-M0-NE-C:J11-U11 2005-06-05-01.17.57.348321 R20-M0-NE-C:J11-U11 RAS KERNEL INFO generating core.3229
- 1117959477 2005.06.05 R20-M0-NE-C:J05-U01 2005-06-05-01.17.57.445324 R20-M0-NE-C:J05-U01 RAS KERNEL INFO generating core.3095
- 1117959477 2005.06.05 R20-M0-NE-C:J03-U11 2005-06-05-01.17.57.506764 R20-M0-NE-C:J03-U11 RAS KERNEL INFO generating core.3231
- 1117959477 2005.06.05 R20-M0-NE-C:J17-U01 2005-06-05-01.17.57.568235 R20-M0-NE-C:J17-U01 RAS KERNEL INFO generating core.3092
- 1117974474 2005.06.05 R26-M1-N7-C:J04-U01 2005-06-05-05.27.54.083828 R26-M1-N7-C:J04-U01 RAS KERNEL INFO generating core.35
- 1117974474 2005.06.05 R26-M1-N7-C:J02-U01 2005-06-05-05.27.54.177475 R26-M1-N7-C:J02-U01 RAS KERNEL INFO generating core.99
- 1117974474 2005.06.05 R27-M0-N2-C:J15-U11 2005-06-05-05.27.54.237042 R27-M0-N2-C:J15-U11 RAS KERNEL INFO generating core.1404
- 1117974474 2005.06.05 R27-M0-N2-C:J17-U11 2005-06-05-05.27.54.321296 R27-M0-N2-C:J17-U11 RAS KERNEL INFO generating core.1340
- 1117974474 2005.06.05 R27-M0-N2-C:J05-U11 2005-06-05-05.27.54.378223 R27-M0-N2-C:J05-U11 RAS KERNEL INFO generating core.1343
- 1117974474 2005.06.05 R27-M0-N2-C:J15-U01 2005-06-05-05.27.54.439816 R27-M0-N2-C:J15-U01 RAS KERNEL INFO generating core.1396
- 1117974474 2005.06.05 R27-M0-N2-C:J07-U01 2005-06-05-05.27.54.497069 R27-M0-N2-C:J07-U01 RAS KERNEL INFO generating core.1398
- 1117974474 2005.06.05 R27-M0-N2-C:J16-U11 2005-06-05-05.27.54.558720 R27-M0-N2-C:J16-U11 RAS KERNEL INFO generating core.1324
- 1117974474 2005.06.05 R27-M0-N2-C:J10-U11 2005-06-05-05.27.54.666852 R27-M0-N2-C:J10-U11 RAS KERNEL INFO generating core.1389
- 1117974474 2005.06.05 R27-M0-N2-C:J14-U01 2005-06-05-05.27.54.724497 R27-M0-N2-C:J14-U01 RAS KERNEL INFO generating core.1380
- 1117974474 2005.06.05 R27-M0-N2-C:J12-U01 2005-06-05-05.27.54.789930 R27-M0-N2-C:J12-U01 RAS KERNEL INFO generating core.1317
- 1117974474 2005.06.05 R27-M0-N2-C:J06-U01 2005-06-05-05.27.54.846488 R27-M0-N2-C:J06-U01 RAS KERNEL INFO generating core.1382
- 1117974474 2005.06.05 R27-M0-N2-C:J02-U11 2005-06-05-05.27.54.903802 R27-M0-N2-C:J02-U11 RAS KERNEL INFO generating core.1391
- 1117974474 2005.06.05 R27-M1-N1-C:J11-U11 2005-06-05-05.27.54.970468 R27-M1-N1-C:J11-U11 RAS KERNEL INFO generating core.1017
- 1117974475 2005.06.05 R27-M1-N1-C:J05-U01 2005-06-05-05.27.55.028179 R27-M1-N1-C:J05-U01 RAS KERNEL INFO generating core.947
- 1117974475 2005.06.05 R27-M1-N1-C:J03-U11 2005-06-05-05.27.55.086186 R27-M1-N1-C:J03-U11 RAS KERNEL INFO generating core.1019
- 1117974475 2005.06.05 R27-M1-N1-C:J17-U01 2005-06-05-05.27.55.192077 R27-M1-N1-C:J17-U01 RAS KERNEL INFO generating core.944
- 1117974475 2005.06.05 R27-M1-N1-C:J13-U01 2005-06-05-05.27.55.249828 R27-M1-N1-C:J13-U01 RAS KERNEL INFO generating core.945
- 1117974475 2005.06.05 R27-M1-N1-C:J08-U11 2005-06-05-05.27.55.319291 R27-M1-N1-C:J08-U11 RAS KERNEL INFO generating core.938
- 1117974475 2005.06.05 R27-M1-N1-C:J06-U11 2005-06-05-05.27.55.377606 R27-M1-N1-C:J06-U11 RAS KERNEL INFO generating core.1002
- 1117974475 2005.06.05 R27-M1-N1-C:J16-U01 2005-06-05-05.27.55.439934 R27-M1-N1-C:J16-U01 RAS KERNEL INFO generating core.928
- 1117974475 2005.06.05 R27-M1-N1-C:J08-U01 2005-06-05-05.27.55.497848 R27-M1-N1-C:J08-U01 RAS KERNEL INFO generating core.930
- 1117974475 2005.06.05 R27-M1-N1-C:J04-U11 2005-06-05-05.27.55.556302 R27-M1-N1-C:J04-U11 RAS KERNEL INFO generating core.939
- 1117974475 2005.06.05 R27-M1-N2-C:J09-U11 2005-06-05-05.27.55.666151 R27-M1-N2-C:J09-U11 RAS KERNEL INFO generating core.830
- 1117974475 2005.06.05 R27-M1-N2-C:J13-U11 2005-06-05-05.27.55.723792 R27-M1-N2-C:J13-U11 RAS KERNEL INFO generating core.829
- 1117979269 2005.06.05 R17-M0-N6-C:J06-U11 2005-06-05-06.47.49.603007 R17-M0-N6-C:J06-U11 RAS KERNEL INFO generating core.9054
- 1117979269 2005.06.05 R17-M0-N6-C:J08-U01 2005-06-05-06.47.49.695514 R17-M0-N6-C:J08-U01 RAS KERNEL INFO generating core.8526
- 1117979269 2005.06.05 R17-M0-N6-C:J04-U11 2005-06-05-06.47.49.780035 R17-M0-N6-C:J04-U11 RAS KERNEL INFO generating core.8543
- 1117979269 2005.06.05 R17-M0-ND-C:J17-U11 2005-06-05-06.47.49.890647 R17-M0-ND-C:J17-U11 RAS KERNEL INFO generating core.9528
- 1117979269 2005.06.05 R17-M0-ND-C:J07-U11 2005-06-05-06.47.49.974124 R17-M0-ND-C:J07-U11 RAS KERNEL INFO generating core.10042
- 1117979270 2005.06.05 R17-M0-ND-C:J11-U01 2005-06-05-06.47.50.056536 R17-M0-ND-C:J11-U01 RAS KERNEL INFO generating core.10025
- 1117979270 2005.06.05 R17-M0-ND-C:J12-U11 2005-06-05-06.47.50.150068 R17-M0-ND-C:J12-U11 RAS KERNEL INFO generating core.9497
- 1117979270 2005.06.05 R17-M0-ND-C:J08-U01 2005-06-05-06.47.50.237532 R17-M0-ND-C:J08-U01 RAS KERNEL INFO generating core.9482
- 1117979270 2005.06.05 R17-M1-N9-C:J17-U11 2005-06-05-06.47.50.346591 R17-M1-N9-C:J17-U11 RAS KERNEL INFO generating core.7480
- 1117979270 2005.06.05 R17-M1-N9-C:J17-U01 2005-06-05-06.47.50.429147 R17-M1-N9-C:J17-U01 RAS KERNEL INFO generating core.7464
- 1117979270 2005.06.05 R17-M1-N9-C:J14-U11 2005-06-05-06.47.50.513741 R17-M1-N9-C:J14-U11 RAS KERNEL INFO generating core.7960
- 1117979270 2005.06.05 R17-M1-N9-C:J14-U01 2005-06-05-06.47.50.596220 R17-M1-N9-C:J14-U01 RAS KERNEL INFO generating core.7944
- 1117979270 2005.06.05 R13-M0-NF-C:J15-U11 2005-06-05-06.47.50.771781 R13-M0-NF-C:J15-U11 RAS KERNEL INFO generating core.9144
- 1117979270 2005.06.05 R13-M0-NF-C:J07-U11 2005-06-05-06.47.50.877232 R13-M0-NF-C:J07-U11 RAS KERNEL INFO generating core.9146
- 1117979270 2005.06.05 R13-M0-NF-C:J07-U01 2005-06-05-06.47.50.959263 R13-M0-NF-C:J07-U01 RAS KERNEL INFO generating core.9130
- 1117979271 2005.06.05 R13-M0-NF-C:J16-U11 2005-06-05-06.47.51.045807 R13-M0-NF-C:J16-U11 RAS KERNEL INFO generating core.8600
- 1117979271 2005.06.05 R13-M0-NF-C:J12-U11 2005-06-05-06.47.51.127794 R13-M0-NF-C:J12-U11 RAS KERNEL INFO generating core.8601
- 1117979271 2005.06.05 R13-M0-NF-C:J12-U01 2005-06-05-06.47.51.225712 R13-M0-NF-C:J12-U01 RAS KERNEL INFO generating core.8585
- 1117979271 2005.06.05 R13-M0-NF-C:J06-U01 2005-06-05-06.47.51.310522 R13-M0-NF-C:J06-U01 RAS KERNEL INFO generating core.9098
- 1117979271 2005.06.05 R13-M0-N7-C:J15-U11 2005-06-05-06.47.51.421156 R13-M0-N7-C:J15-U11 RAS KERNEL INFO generating core.9208
- 1117979271 2005.06.05 R13-M0-N7-C:J17-U11 2005-06-05-06.47.51.504950 R13-M0-N7-C:J17-U11 RAS KERNEL INFO generating core.8696
- 1117979271 2005.06.05 R13-M0-N7-C:J15-U01 2005-06-05-06.47.51.587711 R13-M0-N7-C:J15-U01 RAS KERNEL INFO generating core.9192
- 1117979271 2005.06.05 R13-M0-N7-C:J09-U01 2005-06-05-06.47.51.680700 R13-M0-N7-C:J09-U01 RAS KERNEL INFO generating core.8682
- 1117979271 2005.06.05 R13-M0-N7-C:J10-U11 2005-06-05-06.47.51.769338 R13-M0-N7-C:J10-U11 RAS KERNEL INFO generating core.9177
- 1117979271 2005.06.05 R13-M0-N7-C:J12-U01 2005-06-05-06.47.51.885650 R13-M0-N7-C:J12-U01 RAS KERNEL INFO generating core.8649
- 1117985303 2005.06.05 R37-M1-N6-C:J10-U01 2005-06-05-08.28.23.686219 R37-M1-N6-C:J10-U01 RAS KERNEL INFO generating core.4517
- 1117985304 2005.06.05 R37-M1-N6-C:J04-U01 2005-06-05-08.28.24.161052 R37-M1-N6-C:J04-U01 RAS KERNEL INFO generating core.4263
- 1117985304 2005.06.05 R37-M1-N6-C:J02-U01 2005-06-05-08.28.24.589513 R37-M1-N6-C:J02-U01 RAS KERNEL INFO generating core.4519
- 1117985305 2005.06.05 R31-M0-N2-C:J15-U11 2005-06-05-08.28.25.084545 R31-M0-N2-C:J15-U11 RAS KERNEL INFO generating core.3388
- 1117985305 2005.06.05 R31-M0-N2-C:J17-U11 2005-06-05-08.28.25.444360 R31-M0-N2-C:J17-U11 RAS KERNEL INFO generating core.3132
- 1117985305 2005.06.05 R31-M0-N2-C:J05-U11 2005-06-05-08.28.25.797547 R31-M0-N2-C:J05-U11 RAS KERNEL INFO generating core.3135
- 1117985306 2005.06.05 R31-M0-N2-C:J15-U01 2005-06-05-08.28.26.098831 R31-M0-N2-C:J15-U01 RAS KERNEL INFO generating core.3380
- 1117985306 2005.06.05 R31-M0-N2-C:J07-U01 2005-06-05-08.28.26.547523 R31-M0-N2-C:J07-U01 RAS KERNEL INFO generating core.3382
- 1117985306 2005.06.05 R31-M0-N2-C:J16-U11 2005-06-05-08.28.26.921875 R31-M0-N2-C:J16-U11 RAS KERNEL INFO generating core.3116
- 1117985307 2005.06.05 R31-M0-N2-C:J10-U11 2005-06-05-08.28.27.161975 R31-M0-N2-C:J10-U11 RAS KERNEL INFO generating core.3373
- 1117985307 2005.06.05 R31-M0-N2-C:J14-U01 2005-06-05-08.28.27.616079 R31-M0-N2-C:J14-U01 RAS KERNEL INFO generating core.3364
- 1117985307 2005.06.05 R31-M0-N2-C:J12-U01 2005-06-05-08.28.27.991017 R31-M0-N2-C:J12-U01 RAS KERNEL INFO generating core.3109
- 1117985308 2005.06.05 R31-M0-N2-C:J06-U01 2005-06-05-08.28.28.284927 R31-M0-N2-C:J06-U01 RAS KERNEL INFO generating core.3366
- 1117985308 2005.06.05 R31-M0-N2-C:J02-U11 2005-06-05-08.28.28.649261 R31-M0-N2-C:J02-U11 RAS KERNEL INFO generating core.3375
- 1117985309 2005.06.05 R33-M1-N7-C:J11-U11 2005-06-05-08.28.29.132492 R33-M1-N7-C:J11-U11 RAS KERNEL INFO generating core.4601
- 1117985309 2005.06.05 R33-M1-N7-C:J05-U01 2005-06-05-08.28.29.560121 R33-M1-N7-C:J05-U01 RAS KERNEL INFO generating core.4339
- 1117985310 2005.06.05 R33-M1-N7-C:J03-U11 2005-06-05-08.28.30.039792 R33-M1-N7-C:J03-U11 RAS KERNEL INFO generating core.4603
- 1117985310 2005.06.05 R33-M1-N7-C:J17-U01 2005-06-05-08.28.30.509209 R33-M1-N7-C:J17-U01 RAS KERNEL INFO generating core.4336
- 1117985310 2005.06.05 R33-M1-N7-C:J13-U01 2005-06-05-08.28.30.824234 R33-M1-N7-C:J13-U01 RAS KERNEL INFO generating core.4337
- 1117985311 2005.06.05 R33-M1-N7-C:J08-U11 2005-06-05-08.28.31.347864 R33-M1-N7-C:J08-U11 RAS KERNEL INFO generating core.4330
- 1117985311 2005.06.05 R33-M1-N7-C:J06-U11 2005-06-05-08.28.31.734538 R33-M1-N7-C:J06-U11 RAS KERNEL INFO generating core.4586
- 1117985312 2005.06.05 R33-M1-N7-C:J16-U01 2005-06-05-08.28.32.085757 R33-M1-N7-C:J16-U01 RAS KERNEL INFO generating core.4320
- 1117985312 2005.06.05 R33-M1-N7-C:J08-U01 2005-06-05-08.28.32.367966 R33-M1-N7-C:J08-U01 RAS KERNEL INFO generating core.4322
- 1117985312 2005.06.05 R33-M1-N7-C:J04-U11 2005-06-05-08.28.32.723624 R33-M1-N7-C:J04-U11 RAS KERNEL INFO generating core.4331
- 1117985313 2005.06.05 R33-M1-N6-C:J09-U11 2005-06-05-08.28.33.129232 R33-M1-N6-C:J09-U11 RAS KERNEL INFO generating core.4350
- 1117988236 2005.06.05 R34-M1-NB-C:J02-U11 2005-06-05-09.17.16.015920 R34-M1-NB-C:J02-U11 RAS KERNEL INFO generating core.7499
- 1117988236 2005.06.05 R35-M1-N1-C:J02-U01 2005-06-05-09.17.16.087281 R35-M1-N1-C:J02-U01 RAS KERNEL INFO generating core.5987
- 1117988236 2005.06.05 R34-M0-NB-C:J07-U01 2005-06-05-09.17.16.154606 R34-M0-NB-C:J07-U01 RAS KERNEL INFO generating core.1362
- 1117988236 2005.06.05 R34-M0-NB-C:J06-U01 2005-06-05-09.17.16.222565 R34-M0-NB-C:J06-U01 RAS KERNEL INFO generating core.1346
- 1117988236 2005.06.05 R34-M0-NB-C:J02-U11 2005-06-05-09.17.16.290658 R34-M0-NB-C:J02-U11 RAS KERNEL INFO generating core.1355
- 1117988236 2005.06.05 R34-M1-N9-C:J02-U11 2005-06-05-09.17.16.400061 R34-M1-N9-C:J02-U11 RAS KERNEL INFO generating core.8011
- 1117988236 2005.06.05 R30-M1-N1-C:J02-U01 2005-06-05-09.17.16.472069 R30-M1-N1-C:J02-U01 RAS KERNEL INFO generating core.7971
- 1117988236 2005.06.05 R32-M1-N9-C:J02-U01 2005-06-05-09.17.16.570744 R32-M1-N9-C:J02-U01 RAS KERNEL INFO generating core.8131
- 1117988236 2005.06.05 R31-M1-ND-C:J04-U11 2005-06-05-09.17.16.639260 R31-M1-ND-C:J04-U11 RAS KERNEL INFO generating core.4619
- 1117988236 2005.06.05 R32-M0-NB-C:J05-U01 2005-06-05-09.17.16.706839 R32-M0-NB-C:J05-U01 RAS KERNEL INFO generating core.1235
- 1117988236 2005.06.05 R32-M0-NB-C:J04-U11 2005-06-05-09.17.16.775698 R32-M0-NB-C:J04-U11 RAS KERNEL INFO generating core.1227
- 1117988236 2005.06.05 R36-M1-N7-C:J13-U11 2005-06-05-09.17.16.892089 R36-M1-N7-C:J13-U11 RAS KERNEL INFO generating core.6329
- 1117988236 2005.06.05 R36-M1-N7-C:J06-U11 2005-06-05-09.17.16.961356 R36-M1-N7-C:J06-U11 RAS KERNEL INFO generating core.6570
- 1117988237 2005.06.05 R36-M1-N7-C:J04-U11 2005-06-05-09.17.17.063484 R36-M1-N7-C:J04-U11 RAS KERNEL INFO generating core.6315
- 1117988237 2005.06.05 R31-M1-NF-C:J07-U01 2005-06-05-09.17.17.140137 R31-M1-NF-C:J07-U01 RAS KERNEL INFO generating core.4370
- 1117988237 2005.06.05 R31-M1-NF-C:J06-U01 2005-06-05-09.17.17.208783 R31-M1-NF-C:J06-U01 RAS KERNEL INFO generating core.4354
- 1117988237 2005.06.05 R34-M1-N7-C:J15-U01 2005-06-05-09.17.17.281934 R34-M1-N7-C:J15-U01 RAS KERNEL INFO generating core.6512
- 1117988237 2005.06.05 R34-M1-N7-C:J04-U01 2005-06-05-09.17.17.400883 R34-M1-N7-C:J04-U01 RAS KERNEL INFO generating core.6243
- 1117988237 2005.06.05 R34-M1-N7-C:J02-U01 2005-06-05-09.17.17.470054 R34-M1-N7-C:J02-U01 RAS KERNEL INFO generating core.6499
- 1117988237 2005.06.05 R30-M1-NF-C:J07-U01 2005-06-05-09.17.17.580512 R30-M1-NF-C:J07-U01 RAS KERNEL INFO generating core.6418
- 1117988237 2005.06.05 R30-M1-NF-C:J06-U01 2005-06-05-09.17.17.647984 R30-M1-NF-C:J06-U01 RAS KERNEL INFO generating core.6402
- 1117988237 2005.06.05 R30-M0-NF-C:J13-U11 2005-06-05-09.17.17.716066 R30-M0-NF-C:J13-U11 RAS KERNEL INFO generating core.25
- 1117988237 2005.06.05 R30-M0-NF-C:J08-U11 2005-06-05-09.17.17.788011 R30-M0-NF-C:J08-U11 RAS KERNEL INFO generating core.10
- 1117988237 2005.06.05 R30-M0-NF-C:J04-U11 2005-06-05-09.17.17.887692 R30-M0-NF-C:J04-U11 RAS KERNEL INFO generating core.11
- 1117988237 2005.06.05 R32-M1-N7-C:J07-U01 2005-06-05-09.17.17.958211 R32-M1-N7-C:J07-U01 RAS KERNEL INFO generating core.6642
- 1117989664 2005.06.05 R32-M1-N0-C:J07-U01 2005-06-05-09.41.04.424511 R32-M1-N0-C:J07-U01 RAS KERNEL INFO generating core.8182
- 1117989664 2005.06.05 R32-M1-N0-C:J16-U11 2005-06-05-09.41.04.494100 R32-M1-N0-C:J16-U11 RAS KERNEL INFO generating core.7916
- 1117989664 2005.06.05 R32-M1-N0-C:J10-U11 2005-06-05-09.41.04.572959 R32-M1-N0-C:J10-U11 RAS KERNEL INFO generating core.8173
- 1117989664 2005.06.05 R32-M1-N0-C:J14-U01 2005-06-05-09.41.04.680729 R32-M1-N0-C:J14-U01 RAS KERNEL INFO generating core.8164
- 1117989664 2005.06.05 R32-M1-N0-C:J12-U01 2005-06-05-09.41.04.747775 R32-M1-N0-C:J12-U01 RAS KERNEL INFO generating core.7909
- 1117989664 2005.06.05 R32-M1-N0-C:J04-U11 2005-06-05-09.41.04.814950 R32-M1-N0-C:J04-U11 RAS KERNEL INFO generating core.7919
- 1117989664 2005.06.05 R32-M1-NC-C:J09-U11 2005-06-05-09.41.04.933583 R32-M1-NC-C:J09-U11 RAS KERNEL INFO generating core.6878
- 1117989665 2005.06.05 R32-M1-NC-C:J13-U11 2005-06-05-09.41.05.001373 R32-M1-NC-C:J13-U11 RAS KERNEL INFO generating core.6877
- 1117989665 2005.06.05 R32-M1-NC-C:J03-U01 2005-06-05-09.41.05.074374 R32-M1-NC-C:J03-U01 RAS KERNEL INFO generating core.7127
- 1117989665 2005.06.05 R32-M1-NC-C:J07-U11 2005-06-05-09.41.05.154257 R32-M1-NC-C:J07-U11 RAS KERNEL INFO generating core.7134
- 1117989665 2005.06.05 R32-M1-NC-C:J11-U01 2005-06-05-09.41.05.242402 R32-M1-NC-C:J11-U01 RAS KERNEL INFO generating core.7125
- 1117989665 2005.06.05 R32-M1-NC-C:J09-U01 2005-06-05-09.41.05.309844 R32-M1-NC-C:J09-U01 RAS KERNEL INFO generating core.6870
- 1117989665 2005.06.05 R32-M1-NC-C:J06-U11 2005-06-05-09.41.05.388658 R32-M1-NC-C:J06-U11 RAS KERNEL INFO generating core.7118
- 1117989665 2005.06.05 R32-M1-NC-C:J10-U01 2005-06-05-09.41.05.499258 R32-M1-NC-C:J10-U01 RAS KERNEL INFO generating core.7109
- 1117989665 2005.06.05 R32-M1-NC-C:J04-U01 2005-06-05-09.41.05.567233 R32-M1-NC-C:J04-U01 RAS KERNEL INFO generating core.6855
- 1117989665 2005.06.05 R32-M1-NC-C:J02-U01 2005-06-05-09.41.05.634702 R32-M1-NC-C:J02-U01 RAS KERNEL INFO generating core.7111
- 1117989665 2005.06.05 R32-M0-NC-C:J15-U11 2005-06-05-09.41.05.749788 R32-M0-NC-C:J15-U11 RAS KERNEL INFO generating core.988
- 1117989665 2005.06.05 R32-M0-NC-C:J17-U11 2005-06-05-09.41.05.817187 R32-M0-NC-C:J17-U11 RAS KERNEL INFO generating core.732
- 1117989665 2005.06.05 R32-M0-NC-C:J05-U11 2005-06-05-09.41.05.900205 R32-M0-NC-C:J05-U11 RAS KERNEL INFO generating core.735
- 1117989666 2005.06.05 R32-M0-NC-C:J15-U01 2005-06-05-09.41.06.003696 R32-M0-NC-C:J15-U01 RAS KERNEL INFO generating core.980
- 1117989666 2005.06.05 R32-M0-NC-C:J07-U01 2005-06-05-09.41.06.071595 R32-M0-NC-C:J07-U01 RAS KERNEL INFO generating core.982
- 1117989666 2005.06.05 R32-M0-NC-C:J08-U11 2005-06-05-09.41.06.153132 R32-M0-NC-C:J08-U11 RAS KERNEL INFO generating core.718
- 1117989666 2005.06.05 R32-M0-NC-C:J06-U11 2005-06-05-09.41.06.255683 R32-M0-NC-C:J06-U11 RAS KERNEL INFO generating core.974
- 1117989666 2005.06.05 R32-M0-NC-C:J10-U01 2005-06-05-09.41.06.323181 R32-M0-NC-C:J10-U01 RAS KERNEL INFO generating core.965
- 1117989666 2005.06.05 R32-M0-NC-C:J06-U01 2005-06-05-09.41.06.404458 R32-M0-NC-C:J06-U01 RAS KERNEL INFO generating core.966
- 1118070507 2005.06.06 R00-M1-NE-C:J15-U01 2005-06-06-08.08.27.142094 R00-M1-NE-C:J15-U01 RAS KERNEL INFO CE sym 3, at 0x11b33d00, mask 0x02
- 1118070507 2005.06.06 R20-M0-N9-C:J05-U11 2005-06-06-08.08.27.162490 R20-M0-N9-C:J05-U11 RAS KERNEL INFO generating core.15899
- 1118070507 2005.06.06 R01-M1-NB-C:J03-U11 2005-06-06-08.08.27.190479 R01-M1-NB-C:J03-U11 RAS KERNEL INFO CE sym 20, at 0x01228120, mask 0x10
- 1118070507 2005.06.06 R06-M0-NB-C:J16-U01 2005-06-06-08.08.27.220189 R06-M0-NB-C:J16-U01 RAS KERNEL INFO CE sym 22, at 0x009c14e0, mask 0x20
- 1118070507 2005.06.06 R05-M1-N8-C:J14-U01 2005-06-06-08.08.27.248222 R05-M1-N8-C:J14-U01 RAS KERNEL INFO CE sym 33, at 0x019ae900, mask 0x10
- 1118070507 2005.06.06 R20-M0-N9-C:J13-U01 2005-06-06-08.08.27.264943 R20-M0-N9-C:J13-U01 RAS KERNEL INFO generating core.15889
- 1118070507 2005.06.06 R20-M0-N9-C:J08-U11 2005-06-06-08.08.27.435526 R20-M0-N9-C:J08-U11 RAS KERNEL INFO generating core.7690
- 1118070507 2005.06.06 R20-M0-N9-C:J14-U11 2005-06-06-08.08.27.470848 R20-M0-N9-C:J14-U11 RAS KERNEL INFO generating core.7944
- 1118070507 2005.06.06 R20-M0-N9-C:J10-U11 2005-06-06-08.08.27.494157 R20-M0-N9-C:J10-U11 RAS KERNEL INFO generating core.7945
- 1118070507 2005.06.06 R06-M1-N8-C:J05-U11 2005-06-06-08.08.27.523882 R06-M1-N8-C:J05-U11 RAS KERNEL INFO CE sym 33, at 0x11f3be20, mask 0x01
- 1118070507 2005.06.06 R20-M0-N9-C:J06-U11 2005-06-06-08.08.27.544954 R20-M0-N9-C:J06-U11 RAS KERNEL INFO generating core.16138
- 1118070507 2005.06.06 R20-M0-N9-C:J12-U11 2005-06-06-08.08.27.566617 R20-M0-N9-C:J12-U11 RAS KERNEL INFO generating core.7689
- 1118070507 2005.06.06 R20-M0-N9-C:J16-U01 2005-06-06-08.08.27.671985 R20-M0-N9-C:J16-U01 RAS KERNEL INFO generating core.15872
- 1118070507 2005.06.06 R20-M0-N9-C:J12-U01 2005-06-06-08.08.27.749641 R20-M0-N9-C:J12-U01 RAS KERNEL INFO generating core.15873
- 1118070507 2005.06.06 R20-M0-N9-C:J08-U01 2005-06-06-08.08.27.771818 R20-M0-N9-C:J08-U01 RAS KERNEL INFO generating core.7682
- 1118070507 2005.06.06 R20-M0-N9-C:J06-U01 2005-06-06-08.08.27.844781 R20-M0-N9-C:J06-U01 RAS KERNEL INFO generating core.7938
- 1118070507 2005.06.06 R06-M0-NB-C:J16-U01 2005-06-06-08.08.27.873528 R06-M0-NB-C:J16-U01 RAS KERNEL INFO CE sym 22, at 0x009c14e0, mask 0x20
- 1118070507 2005.06.06 R20-M0-N9-C:J02-U11 2005-06-06-08.08.27.905418 R20-M0-N9-C:J02-U11 RAS KERNEL INFO generating core.16139
- 1118070507 2005.06.06 R01-M1-N1-C:J04-U01 2005-06-06-08.08.27.944864 R01-M1-N1-C:J04-U01 RAS KERNEL INFO CE sym 19, at 0x121a6a60, mask 0x01
- 1118070508 2005.06.06 R22-M1-NF-C:J17-U11 2005-06-06-08.08.28.031195 R22-M1-NF-C:J17-U11 RAS KERNEL INFO generating core.8408
- 1118070508 2005.06.06 R22-M1-NF-C:J03-U01 2005-06-06-08.08.28.079873 R22-M1-NF-C:J03-U01 RAS KERNEL INFO generating core.8659
- 1118070508 2005.06.06 R06-M0-N0-C:J11-U01 2005-06-06-08.08.28.152569 R06-M0-N0-C:J11-U01 RAS KERNEL INFO total of 11 ddr error(s) detected and corrected
- 1118070508 2005.06.06 R06-M1-N8-C:J05-U11 2005-06-06-08.08.28.181508 R06-M1-N8-C:J05-U11 RAS KERNEL INFO CE sym 33, at 0x11f3be20, mask 0x01
- 1118070508 2005.06.06 R22-M1-NF-C:J15-U01 2005-06-06-08.08.28.207961 R22-M1-NF-C:J15-U01 RAS KERNEL INFO generating core.464
- 1118070508 2005.06.06 R05-M1-N8-C:J14-U01 2005-06-06-08.08.28.232793 R05-M1-N8-C:J14-U01 RAS KERNEL INFO CE sym 33, at 0x019ae900, mask 0x10
- 1118081507 2005.06.06 R02-M1-N0-C:J12-U11 2005-06-06-11.11.47.449811 R02-M1-N0-C:J12-U11 RAS KERNEL INFO instruction cache parity error corrected
- 1118081508 2005.06.06 R02-M1-N0-C:J12-U11 2005-06-06-11.11.48.077512 R02-M1-N0-C:J12-U11 RAS KERNEL INFO instruction cache parity error corrected
- 1118081508 2005.06.06 R02-M1-N0-C:J12-U11 2005-06-06-11.11.48.609421 R02-M1-N0-C:J12-U11 RAS KERNEL INFO instruction cache parity error corrected
- 1118081509 2005.06.06 R02-M1-N0-C:J12-U11 2005-06-06-11.11.49.216013 R02-M1-N0-C:J12-U11 RAS KERNEL INFO instruction cache parity error corrected
- 1118081509 2005.06.06 R02-M1-N0-C:J12-U11 2005-06-06-11.11.49.818801 R02-M1-N0-C:J12-U11 RAS KERNEL INFO instruction cache parity error corrected
- 1118081510 2005.06.06 R02-M1-N0-C:J12-U11 2005-06-06-11.11.50.499784 R02-M1-N0-C:J12-U11 RAS KERNEL INFO instruction cache parity error corrected
- 1118081511 2005.06.06 R02-M1-N0-C:J12-U11 2005-06-06-11.11.51.154644 R02-M1-N0-C:J12-U11 RAS KERNEL INFO instruction cache parity error corrected
- 1118081511 2005.06.06 R02-M1-N0-C:J12-U11 2005-06-06-11.11.51.710741 R02-M1-N0-C:J12-U11 RAS KERNEL INFO instruction cache parity error corrected
- 1118081512 2005.06.06 R02-M1-N0-C:J12-U11 2005-06-06-11.11.52.358529 R02-M1-N0-C:J12-U11 RAS KERNEL INFO instruction cache parity error corrected
- 1118081513 2005.06.06 R02-M1-N0-C:J12-U11 2005-06-06-11.11.53.043036 R02-M1-N0-C:J12-U11 RAS KERNEL INFO instruction cache parity error corrected
- 1118081513 2005.06.06 R02-M1-N0-C:J12-U11 2005-06-06-11.11.53.653000 R02-M1-N0-C:J12-U11 RAS KERNEL INFO instruction cache parity error corrected
- 1118081514 2005.06.06 R02-M1-N0-C:J12-U11 2005-06-06-11.11.54.210823 R02-M1-N0-C:J12-U11 RAS KERNEL INFO instruction cache parity error corrected
- 1118081514 2005.06.06 R02-M1-N0-C:J12-U11 2005-06-06-11.11.54.785834 R02-M1-N0-C:J12-U11 RAS KERNEL INFO instruction cache parity error corrected
- 1118081515 2005.06.06 R02-M1-N0-C:J12-U11 2005-06-06-11.11.55.327028 R02-M1-N0-C:J12-U11 RAS KERNEL INFO instruction cache parity error corrected
- 1118081516 2005.06.06 R02-M1-N0-C:J12-U11 2005-06-06-11.11.56.078503 R02-M1-N0-C:J12-U11 RAS KERNEL INFO instruction cache parity error corrected
- 1118081516 2005.06.06 R02-M1-N0-C:J12-U11 2005-06-06-11.11.56.604719 R02-M1-N0-C:J12-U11 RAS KERNEL INFO instruction cache parity error corrected
- 1118081517 2005.06.06 R02-M1-N0-C:J12-U11 2005-06-06-11.11.57.166145 R02-M1-N0-C:J12-U11 RAS KERNEL INFO instruction cache parity error corrected
- 1118081517 2005.06.06 R02-M1-N0-C:J12-U11 2005-06-06-11.11.57.781182 R02-M1-N0-C:J12-U11 RAS KERNEL INFO instruction cache parity error corrected
- 1118081518 2005.06.06 R02-M1-N0-C:J12-U11 2005-06-06-11.11.58.336551 R02-M1-N0-C:J12-U11 RAS KERNEL INFO instruction cache parity error corrected
- 1118081518 2005.06.06 R02-M1-N0-C:J12-U11 2005-06-06-11.11.58.978448 R02-M1-N0-C:J12-U11 RAS KERNEL INFO instruction cache parity error corrected
- 1118081519 2005.06.06 R02-M1-N0-C:J12-U11 2005-06-06-11.11.59.578909 R02-M1-N0-C:J12-U11 RAS KERNEL INFO instruction cache parity error corrected
- 1118081520 2005.06.06 R02-M1-N0-C:J12-U11 2005-06-06-11.12.00.329616 R02-M1-N0-C:J12-U11 RAS KERNEL INFO instruction cache parity error corrected
- 1118081520 2005.06.06 R02-M1-N0-C:J12-U11 2005-06-06-11.12.00.881463 R02-M1-N0-C:J12-U11 RAS KERNEL INFO instruction cache parity error corrected
- 1118081521 2005.06.06 R02-M1-N0-C:J12-U11 2005-06-06-11.12.01.453212 R02-M1-N0-C:J12-U11 RAS KERNEL INFO instruction cache parity error corrected
- 1118081522 2005.06.06 R02-M1-N0-C:J12-U11 2005-06-06-11.12.02.045433 R02-M1-N0-C:J12-U11 RAS KERNEL INFO instruction cache parity error corrected
- 1118112678 2005.06.06 R25-M1-N8-C:J03-U01 2005-06-06-19.51.18.256333 R25-M1-N8-C:J03-U01 RAS KERNEL INFO generating core.2007
- 1118112678 2005.06.06 R25-M1-N8-C:J17-U01 2005-06-06-19.51.18.315141 R25-M1-N8-C:J17-U01 RAS KERNEL INFO generating core.1876
- 1118112678 2005.06.06 R25-M1-N8-C:J13-U01 2005-06-06-19.51.18.465487 R25-M1-N8-C:J13-U01 RAS KERNEL INFO generating core.1877
- 1118112678 2005.06.06 R25-M1-N8-C:J10-U11 2005-06-06-19.51.18.525203 R25-M1-N8-C:J10-U11 RAS KERNEL INFO generating core.1997
- 1118112678 2005.06.06 R25-M1-N8-C:J16-U01 2005-06-06-19.51.18.647286 R25-M1-N8-C:J16-U01 RAS KERNEL INFO generating core.1860
- 1118112678 2005.06.06 R25-M1-N8-C:J08-U01 2005-06-06-19.51.18.719374 R25-M1-N8-C:J08-U01 RAS KERNEL INFO generating core.1862
- 1118112678 2005.06.06 R25-M1-NC-C:J17-U11 2005-06-06-19.51.18.784313 R25-M1-NC-C:J17-U11 RAS KERNEL INFO generating core.1372
- 1118112678 2005.06.06 R25-M1-NC-C:J11-U01 2005-06-06-19.51.18.853442 R25-M1-NC-C:J11-U01 RAS KERNEL INFO generating core.1493
- 1118112678 2005.06.06 R25-M1-NC-C:J16-U11 2005-06-06-19.51.18.997886 R25-M1-NC-C:J16-U11 RAS KERNEL INFO generating core.1356
- 1118112679 2005.06.06 R25-M1-NC-C:J16-U01 2005-06-06-19.51.19.072944 R25-M1-NC-C:J16-U01 RAS KERNEL INFO generating core.1348
- 1118112679 2005.06.06 R25-M1-NC-C:J08-U01 2005-06-06-19.51.19.196189 R25-M1-NC-C:J08-U01 RAS KERNEL INFO generating core.1350
- 1118112679 2005.06.06 R25-M1-NC-C:J02-U01 2005-06-06-19.51.19.256394 R25-M1-NC-C:J02-U01 RAS KERNEL INFO generating core.1479
- 1118112679 2005.06.06 R24-M0-NC-C:J11-U11 2005-06-06-19.51.19.323266 R24-M0-NC-C:J11-U11 RAS KERNEL INFO generating core.3549
- 1118112679 2005.06.06 R24-M0-NC-C:J03-U01 2005-06-06-19.51.19.488952 R24-M0-NC-C:J03-U01 RAS KERNEL INFO generating core.3543
- 1118112679 2005.06.06 R24-M0-NC-C:J17-U01 2005-06-06-19.51.19.548074 R24-M0-NC-C:J17-U01 RAS KERNEL INFO generating core.3412
- 1118112679 2005.06.06 R24-M0-NC-C:J13-U01 2005-06-06-19.51.19.666807 R24-M0-NC-C:J13-U01 RAS KERNEL INFO generating core.3413
- 1118112679 2005.06.06 R24-M0-NC-C:J06-U11 2005-06-06-19.51.19.733611 R24-M0-NC-C:J06-U11 RAS KERNEL INFO generating core.3534
- 1118112679 2005.06.06 R24-M0-NC-C:J08-U01 2005-06-06-19.51.19.796287 R24-M0-NC-C:J08-U01 RAS KERNEL INFO generating core.3398
- 1118112679 2005.06.06 R24-M0-NC-C:J02-U01 2005-06-06-19.51.19.862724 R24-M0-NC-C:J02-U01 RAS KERNEL INFO generating core.3527
- 1118112681 2005.06.06 R20-M1-N6-C:J15-U11 2005-06-06-19.51.21.193751 R20-M1-N6-C:J15-U11 RAS KERNEL INFO generating core.188
- 1118112681 2005.06.06 R20-M1-N6-C:J17-U11 2005-06-06-19.51.21.257502 R20-M1-N6-C:J17-U11 RAS KERNEL INFO generating core.60
- 1118112681 2005.06.06 R20-M1-N6-C:J07-U01 2005-06-06-19.51.21.317239 R20-M1-N6-C:J07-U01 RAS KERNEL INFO generating core.182
- 1118112681 2005.06.06 R20-M1-N6-C:J16-U11 2005-06-06-19.51.21.377324 R20-M1-N6-C:J16-U11 RAS KERNEL INFO generating core.44
- 1118112681 2005.06.06 R20-M1-N6-C:J10-U01 2005-06-06-19.51.21.529799 R20-M1-N6-C:J10-U01 RAS KERNEL INFO generating core.165
- 1118112681 2005.06.06 R20-M1-N6-C:J02-U01 2005-06-06-19.51.21.591921 R20-M1-N6-C:J02-U01 RAS KERNEL INFO generating core.167
- 1118171328 2005.06.07 R23-M0-NC-I:J18-U01 2005-06-07-12.08.48.012723 R23-M0-NC-I:J18-U01 RAS KERNEL INFO ciod: Message code 0 is not 51 or 4294967295
- 1118171328 2005.06.07 R23-M0-N4-I:J18-U01 2005-06-07-12.08.48.055966 R23-M0-N4-I:J18-U01 RAS KERNEL INFO ciod: Message code 0 is not 51 or 4294967295
- 1118171328 2005.06.07 R23-M0-N0-I:J18-U01 2005-06-07-12.08.48.403238 R23-M0-N0-I:J18-U01 RAS KERNEL INFO ciod: Message code 0 is not 51 or 4294967295
- 1118171328 2005.06.07 R23-M0-N8-I:J18-U01 2005-06-07-12.08.48.499726 R23-M0-N8-I:J18-U01 RAS KERNEL INFO ciod: Message code 0 is not 51 or 4294967295
- 1118171328 2005.06.07 R23-M0-NC-I:J18-U01 2005-06-07-12.08.48.544252 R23-M0-NC-I:J18-U01 RAS KERNEL INFO ciod: Message code 0 is not 51 or 4294967295
- 1118171328 2005.06.07 R23-M0-N4-I:J18-U01 2005-06-07-12.08.48.636638 R23-M0-N4-I:J18-U01 RAS KERNEL INFO ciod: Message code 0 is not 51 or 4294967295
- 1118171328 2005.06.07 R23-M0-N0-I:J18-U01 2005-06-07-12.08.48.932169 R23-M0-N0-I:J18-U01 RAS KERNEL INFO ciod: Message code 0 is not 51 or 4294967295
- 1118171328 2005.06.07 R23-M0-N8-I:J18-U01 2005-06-07-12.08.48.962627 R23-M0-N8-I:J18-U01 RAS KERNEL INFO ciod: Message code 0 is not 51 or 4294967295
- 1118171329 2005.06.07 R23-M0-NC-I:J18-U01 2005-06-07-12.08.49.011072 R23-M0-NC-I:J18-U01 RAS KERNEL INFO ciod: Message code 0 is not 51 or 4294967295
- 1118171329 2005.06.07 R23-M0-N4-I:J18-U01 2005-06-07-12.08.49.054505 R23-M0-N4-I:J18-U01 RAS KERNEL INFO ciod: Message code 0 is not 51 or 4294967295
- 1118171329 2005.06.07 R23-M0-N0-I:J18-U01 2005-06-07-12.08.49.146401 R23-M0-N0-I:J18-U01 RAS KERNEL INFO ciod: Message code 0 is not 51 or 4294967295
- 1118171329 2005.06.07 R23-M0-N8-I:J18-U01 2005-06-07-12.08.49.329065 R23-M0-N8-I:J18-U01 RAS KERNEL INFO ciod: Message code 0 is not 51 or 4294967295
- 1118171329 2005.06.07 R23-M0-NC-I:J18-U01 2005-06-07-12.08.49.467078 R23-M0-NC-I:J18-U01 RAS KERNEL INFO ciod: Message code 0 is not 51 or 4294967295
- 1118171329 2005.06.07 R23-M0-N4-I:J18-U01 2005-06-07-12.08.49.515886 R23-M0-N4-I:J18-U01 RAS KERNEL INFO ciod: Message code 0 is not 51 or 4294967295
- 1118171329 2005.06.07 R23-M0-N0-I:J18-U01 2005-06-07-12.08.49.559368 R23-M0-N0-I:J18-U01 RAS KERNEL INFO ciod: Message code 0 is not 51 or 4294967295
- 1118171329 2005.06.07 R23-M0-N8-I:J18-U01 2005-06-07-12.08.49.589300 R23-M0-N8-I:J18-U01 RAS KERNEL INFO ciod: Message code 0 is not 51 or 4294967295
- 1118171329 2005.06.07 R23-M0-NC-I:J18-U01 2005-06-07-12.08.49.841474 R23-M0-NC-I:J18-U01 RAS KERNEL INFO ciod: Message code 0 is not 51 or 4294967295
- 1118171329 2005.06.07 R23-M0-N4-I:J18-U01 2005-06-07-12.08.49.967342 R23-M0-N4-I:J18-U01 RAS KERNEL INFO ciod: Message code 0 is not 51 or 4294967295
- 1118171330 2005.06.07 R23-M0-N0-I:J18-U01 2005-06-07-12.08.50.015083 R23-M0-N0-I:J18-U01 RAS KERNEL INFO ciod: Message code 0 is not 51 or 4294967295
- 1118171330 2005.06.07 R23-M0-N8-I:J18-U01 2005-06-07-12.08.50.045710 R23-M0-N8-I:J18-U01 RAS KERNEL INFO ciod: Message code 0 is not 51 or 4294967295
- 1118171330 2005.06.07 R23-M0-NC-I:J18-U01 2005-06-07-12.08.50.089622 R23-M0-NC-I:J18-U01 RAS KERNEL INFO ciod: Message code 0 is not 51 or 4294967295
- 1118171330 2005.06.07 R23-M0-N4-I:J18-U01 2005-06-07-12.08.50.354199 R23-M0-N4-I:J18-U01 RAS KERNEL INFO ciod: Message code 0 is not 51 or 4294967295
- 1118171330 2005.06.07 R23-M0-N0-I:J18-U01 2005-06-07-12.08.50.456902 R23-M0-N0-I:J18-U01 RAS KERNEL INFO ciod: Message code 0 is not 51 or 4294967295
- 1118171330 2005.06.07 R23-M0-N8-I:J18-U01 2005-06-07-12.08.50.492707 R23-M0-N8-I:J18-U01 RAS KERNEL INFO ciod: Message code 0 is not 51 or 4294967295
- 1118171330 2005.06.07 R23-M0-NC-I:J18-U01 2005-06-07-12.08.50.535889 R23-M0-NC-I:J18-U01 RAS KERNEL INFO ciod: Message code 0 is not 51 or 4294967295
- 1118183538 2005.06.07 R32-M1-NF-C:J05-U11 2005-06-07-15.32.18.343261 R32-M1-NF-C:J05-U11 RAS KERNEL INFO generating core.6363
- 1118183538 2005.06.07 R32-M1-NF-C:J11-U01 2005-06-07-15.32.18.420345 R32-M1-NF-C:J11-U01 RAS KERNEL INFO generating core.6609
- 1118183538 2005.06.07 R32-M1-NF-C:J08-U11 2005-06-07-15.32.18.593585 R32-M1-NF-C:J08-U11 RAS KERNEL INFO generating core.6346
- 1118183538 2005.06.07 R32-M1-NF-C:J06-U11 2005-06-07-15.32.18.658855 R32-M1-NF-C:J06-U11 RAS KERNEL INFO generating core.6602
- 1118183538 2005.06.07 R32-M1-NF-C:J10-U01 2005-06-07-15.32.18.725741 R32-M1-NF-C:J10-U01 RAS KERNEL INFO generating core.6593
- 1118183538 2005.06.07 R32-M1-NF-C:J06-U01 2005-06-07-15.32.18.792309 R32-M1-NF-C:J06-U01 RAS KERNEL INFO generating core.6594
- 1118183538 2005.06.07 R32-M1-NF-C:J02-U11 2005-06-07-15.32.18.872991 R32-M1-NF-C:J02-U11 RAS KERNEL INFO generating core.6603
- 1118183539 2005.06.07 R32-M1-N9-C:J13-U11 2005-06-07-15.32.19.041039 R32-M1-N9-C:J13-U11 RAS KERNEL INFO generating core.7897
- 1118183539 2005.06.07 R32-M1-N9-C:J03-U01 2005-06-07-15.32.19.128715 R32-M1-N9-C:J03-U01 RAS KERNEL INFO generating core.8147
- 1118183539 2005.06.07 R32-M1-N9-C:J11-U01 2005-06-07-15.32.19.196166 R32-M1-N9-C:J11-U01 RAS KERNEL INFO generating core.8145
- 1118183539 2005.06.07 R32-M1-N9-C:J12-U01 2005-06-07-15.32.19.264638 R32-M1-N9-C:J12-U01 RAS KERNEL INFO generating core.7873
- 1118183539 2005.06.07 R32-M1-NE-C:J15-U11 2005-06-07-15.32.19.354186 R32-M1-NE-C:J15-U11 RAS KERNEL INFO generating core.6620
- 1118183539 2005.06.07 R32-M1-NE-C:J17-U11 2005-06-07-15.32.19.445557 R32-M1-NE-C:J17-U11 RAS KERNEL INFO generating core.6364
- 1118183539 2005.06.07 R32-M1-NE-C:J03-U11 2005-06-07-15.32.19.611845 R32-M1-NE-C:J03-U11 RAS KERNEL INFO generating core.6623
- 1118183539 2005.06.07 R32-M1-NE-C:J11-U01 2005-06-07-15.32.19.680799 R32-M1-NE-C:J11-U01 RAS KERNEL INFO generating core.6613
- 1118183539 2005.06.07 R32-M1-NE-C:J16-U11 2005-06-07-15.32.19.748546 R32-M1-NE-C:J16-U11 RAS KERNEL INFO generating core.6348
- 1118183539 2005.06.07 R32-M1-NE-C:J10-U11 2005-06-07-15.32.19.828181 R32-M1-NE-C:J10-U11 RAS KERNEL INFO generating core.6605
- 1118183539 2005.06.07 R32-M1-NE-C:J14-U01 2005-06-07-15.32.19.894843 R32-M1-NE-C:J14-U01 RAS KERNEL INFO generating core.6596
- 1118183540 2005.06.07 R32-M1-NE-C:J08-U01 2005-06-07-15.32.20.063724 R32-M1-NE-C:J08-U01 RAS KERNEL INFO generating core.6342
- 1118183540 2005.06.07 R32-M1-NE-C:J02-U11 2005-06-07-15.32.20.147718 R32-M1-NE-C:J02-U11 RAS KERNEL INFO generating core.6607
- 1118183540 2005.06.07 R31-M1-ND-C:J05-U01 2005-06-07-15.32.20.214259 R31-M1-ND-C:J05-U01 RAS KERNEL INFO generating core.4627
- 1118183540 2005.06.07 R31-M1-ND-C:J10-U11 2005-06-07-15.32.20.281310 R31-M1-ND-C:J10-U11 RAS KERNEL INFO generating core.4873
- 1118183540 2005.06.07 R31-M1-ND-C:J06-U01 2005-06-07-15.32.20.356671 R31-M1-ND-C:J06-U01 RAS KERNEL INFO generating core.4866
- 1118183540 2005.06.07 R30-M0-N6-C:J15-U11 2005-06-07-15.32.20.458108 R30-M0-N6-C:J15-U11 RAS KERNEL INFO generating core.316
- 1118183540 2005.06.07 R30-M0-N6-C:J17-U11 2005-06-07-15.32.20.637392 R30-M0-N6-C:J17-U11 RAS KERNEL INFO generating core.60
- 1118290051 2005.06.08 R27-M1-NF-C:J12-U11 2005-06-08-21.07.31.655858 R27-M1-NF-C:J12-U11 RAS KERNEL INFO generating core.521
- 1118290051 2005.06.08 R27-M1-NF-C:J14-U01 2005-06-08-21.07.31.694757 R27-M1-NF-C:J14-U01 RAS KERNEL INFO generating core.2624
- 1118290051 2005.06.08 R27-M1-NF-C:J08-U01 2005-06-08-21.07.31.747896 R27-M1-NF-C:J08-U01 RAS KERNEL INFO generating core.514
- 1118290051 2005.06.08 R27-M1-NF-C:J04-U01 2005-06-08-21.07.31.810263 R27-M1-NF-C:J04-U01 RAS KERNEL INFO generating core.2563
- 1118290051 2005.06.08 R27-M1-NF-C:J04-U11 2005-06-08-21.07.31.903500 R27-M1-NF-C:J04-U11 RAS KERNEL INFO generating core.523
- 1118290052 2005.06.08 R27-M1-NF-C:J02-U01 2005-06-08-21.07.32.029167 R27-M1-NF-C:J02-U01 RAS KERNEL INFO generating core.2627
- 1118290052 2005.06.08 R27-M0-N3-C:J09-U11 2005-06-08-21.07.32.083213 R27-M0-N3-C:J09-U11 RAS KERNEL INFO generating core.1338
- 1118290052 2005.06.08 R27-M0-N3-C:J05-U01 2005-06-08-21.07.32.225139 R27-M0-N3-C:J05-U01 RAS KERNEL INFO generating core.3379
- 1118290052 2005.06.08 R27-M0-N3-C:J05-U11 2005-06-08-21.07.32.272036 R27-M0-N3-C:J05-U11 RAS KERNEL INFO generating core.1339
- 1118290052 2005.06.08 R27-M0-N3-C:J03-U11 2005-06-08-21.07.32.327800 R27-M0-N3-C:J03-U11 RAS KERNEL INFO generating core.3451
- 1118290052 2005.06.08 R27-M0-N3-C:J07-U01 2005-06-08-21.07.32.412880 R27-M0-N3-C:J07-U01 RAS KERNEL INFO generating core.1394
- 1118290052 2005.06.08 R27-M0-N3-C:J09-U01 2005-06-08-21.07.32.528408 R27-M0-N3-C:J09-U01 RAS KERNEL INFO generating core.3378
- 1118290052 2005.06.08 R27-M0-N3-C:J08-U11 2005-06-08-21.07.32.581737 R27-M0-N3-C:J08-U11 RAS KERNEL INFO generating core.1322
- 1118290052 2005.06.08 R27-M0-N3-C:J14-U11 2005-06-08-21.07.32.619962 R27-M0-N3-C:J14-U11 RAS KERNEL INFO generating core.3432
- 1118290052 2005.06.08 R27-M0-N3-C:J06-U11 2005-06-08-21.07.32.666006 R27-M0-N3-C:J06-U11 RAS KERNEL INFO generating core.1386
- 1118290052 2005.06.08 R27-M0-N3-C:J12-U11 2005-06-08-21.07.32.722630 R27-M0-N3-C:J12-U11 RAS KERNEL INFO generating core.3369
- 1118290052 2005.06.08 R27-M0-N3-C:J16-U01 2005-06-08-21.07.32.769327 R27-M0-N3-C:J16-U01 RAS KERNEL INFO generating core.1312
- 1118290052 2005.06.08 R27-M0-N3-C:J10-U01 2005-06-08-21.07.32.830300 R27-M0-N3-C:J10-U01 RAS KERNEL INFO generating core.3425
- 1118290052 2005.06.08 R27-M0-N3-C:J08-U01 2005-06-08-21.07.32.922645 R27-M0-N3-C:J08-U01 RAS KERNEL INFO generating core.1314
- 1118290053 2005.06.08 R27-M0-N3-C:J04-U01 2005-06-08-21.07.33.037512 R27-M0-N3-C:J04-U01 RAS KERNEL INFO generating core.3363
- 1118290053 2005.06.08 R27-M0-N3-C:J04-U11 2005-06-08-21.07.33.088830 R27-M0-N3-C:J04-U11 RAS KERNEL INFO generating core.1323
- 1118290053 2005.06.08 R27-M0-N3-C:J02-U01 2005-06-08-21.07.33.126601 R27-M0-N3-C:J02-U01 RAS KERNEL INFO generating core.3427
- 1118290053 2005.06.08 R26-M0-NB-C:J09-U11 2005-06-08-21.07.33.172937 R26-M0-NB-C:J09-U11 RAS KERNEL INFO generating core.1818
- 1118290053 2005.06.08 R26-M0-NB-C:J15-U11 2005-06-08-21.07.33.214187 R26-M0-NB-C:J15-U11 RAS KERNEL INFO generating core.3928
- 1118290053 2005.06.08 R26-M0-NB-C:J13-U11 2005-06-08-21.07.33.261484 R26-M0-NB-C:J13-U11 RAS KERNEL INFO generating core.1817
- 1118354018 2005.06.09 R20-M0-NB-C:J09-U01 2005-06-09-14.53.38.979750 R20-M0-NB-C:J09-U01 RAS KERNEL INFO generating core.3602
- 1118354019 2005.06.09 R20-M0-NB-C:J14-U11 2005-06-09-14.53.39.052780 R20-M0-NB-C:J14-U11 RAS KERNEL INFO generating core.3720
- 1118354019 2005.06.09 R20-M0-NB-C:J12-U11 2005-06-09-14.53.39.116637 R20-M0-NB-C:J12-U11 RAS KERNEL INFO generating core.3593
- 1118354019 2005.06.09 R20-M0-NB-C:J10-U01 2005-06-09-14.53.39.226338 R20-M0-NB-C:J10-U01 RAS KERNEL INFO generating core.3713
- 1118354019 2005.06.09 R20-M0-NB-C:J04-U01 2005-06-09-14.53.39.286346 R20-M0-NB-C:J04-U01 RAS KERNEL INFO generating core.3587
- 1118354019 2005.06.09 R20-M0-NB-C:J02-U01 2005-06-09-14.53.39.346074 R20-M0-NB-C:J02-U01 RAS KERNEL INFO generating core.3715
- 1118354019 2005.06.09 R25-M0-N7-C:J15-U11 2005-06-09-14.53.39.417485 R25-M0-N7-C:J15-U11 RAS KERNEL INFO generating core.2296
- 1118354019 2005.06.09 R25-M0-N7-C:J17-U11 2005-06-09-14.53.39.481958 R25-M0-N7-C:J17-U11 RAS KERNEL INFO generating core.2168
- 1118354019 2005.06.09 R25-M0-N7-C:J05-U11 2005-06-09-14.53.39.546134 R25-M0-N7-C:J05-U11 RAS KERNEL INFO generating core.2171
- 1118354019 2005.06.09 R25-M0-N7-C:J15-U01 2005-06-09-14.53.39.611786 R25-M0-N7-C:J15-U01 RAS KERNEL INFO generating core.2288
- 1118354019 2005.06.09 R25-M0-N7-C:J07-U01 2005-06-09-14.53.39.718903 R25-M0-N7-C:J07-U01 RAS KERNEL INFO generating core.2290
- 1118354019 2005.06.09 R25-M0-N7-C:J16-U11 2005-06-09-14.53.39.786428 R25-M0-N7-C:J16-U11 RAS KERNEL INFO generating core.2152
- 1118354019 2005.06.09 R25-M0-N7-C:J10-U11 2005-06-09-14.53.39.941180 R25-M0-N7-C:J10-U11 RAS KERNEL INFO generating core.2281
- 1118354020 2005.06.09 R25-M0-N7-C:J14-U01 2005-06-09-14.53.40.005009 R25-M0-N7-C:J14-U01 RAS KERNEL INFO generating core.2272
- 1118354020 2005.06.09 R25-M0-N7-C:J12-U01 2005-06-09-14.53.40.074355 R25-M0-N7-C:J12-U01 RAS KERNEL INFO generating core.2145
- 1118354020 2005.06.09 R25-M0-N7-C:J06-U01 2005-06-09-14.53.40.141021 R25-M0-N7-C:J06-U01 RAS KERNEL INFO generating core.2274
- 1118354020 2005.06.09 R25-M0-N7-C:J02-U11 2005-06-09-14.53.40.250552 R25-M0-N7-C:J02-U11 RAS KERNEL INFO generating core.2283
- 1118354020 2005.06.09 R25-M0-NF-C:J11-U11 2005-06-09-14.53.40.323800 R25-M0-NF-C:J11-U11 RAS KERNEL INFO generating core.2265
- 1118354020 2005.06.09 R25-M0-NF-C:J05-U01 2005-06-09-14.53.40.387843 R25-M0-NF-C:J05-U01 RAS KERNEL INFO generating core.2131
- 1118354020 2005.06.09 R25-M0-NF-C:J03-U11 2005-06-09-14.53.40.451374 R25-M0-NF-C:J03-U11 RAS KERNEL INFO generating core.2267
- 1118354020 2005.06.09 R25-M0-NF-C:J17-U01 2005-06-09-14.53.40.515238 R25-M0-NF-C:J17-U01 RAS KERNEL INFO generating core.2128
- 1118354020 2005.06.09 R25-M0-NF-C:J13-U01 2005-06-09-14.53.40.578413 R25-M0-NF-C:J13-U01 RAS KERNEL INFO generating core.2129
- 1118354020 2005.06.09 R25-M0-NF-C:J08-U11 2005-06-09-14.53.40.673185 R25-M0-NF-C:J08-U11 RAS KERNEL INFO generating core.2122
- 1118354020 2005.06.09 R25-M0-NF-C:J06-U11 2005-06-09-14.53.40.783141 R25-M0-NF-C:J06-U11 RAS KERNEL INFO generating core.2250
- 1118354020 2005.06.09 R25-M0-NF-C:J16-U01 2005-06-09-14.53.40.847384 R25-M0-NF-C:J16-U01 RAS KERNEL INFO generating core.2112
KERNDTLB 1118535958 2005.06.11 R30-M0-N9-C:J16-U01 2005-06-11-17.25.58.642119 R30-M0-N9-C:J16-U01 RAS KERNEL FATAL data TLB error interrupt
KERNDTLB 1118535959 2005.06.11 R30-M0-N9-C:J16-U01 2005-06-11-17.25.59.109169 R30-M0-N9-C:J16-U01 RAS KERNEL FATAL data TLB error interrupt
KERNDTLB 1118535959 2005.06.11 R30-M0-N9-C:J16-U01 2005-06-11-17.25.59.483288 R30-M0-N9-C:J16-U01 RAS KERNEL FATAL data TLB error interrupt
KERNDTLB 1118535959 2005.06.11 R30-M0-N9-C:J16-U01 2005-06-11-17.25.59.843997 R30-M0-N9-C:J16-U01 RAS KERNEL FATAL data TLB error interrupt
KERNDTLB 1118535960 2005.06.11 R30-M0-N9-C:J16-U01 2005-06-11-17.26.00.286891 R30-M0-N9-C:J16-U01 RAS KERNEL FATAL data TLB error interrupt
KERNDTLB 1118535960 2005.06.11 R30-M0-N9-C:J16-U01 2005-06-11-17.26.00.725001 R30-M0-N9-C:J16-U01 RAS KERNEL FATAL data TLB error interrupt
KERNDTLB 1118535961 2005.06.11 R30-M0-N9-C:J16-U01 2005-06-11-17.26.01.175415 R30-M0-N9-C:J16-U01 RAS KERNEL FATAL data TLB error interrupt
KERNDTLB 1118535961 2005.06.11 R30-M0-N9-C:J16-U01 2005-06-11-17.26.01.563405 R30-M0-N9-C:J16-U01 RAS KERNEL FATAL data TLB error interrupt
KERNDTLB 1118535961 2005.06.11 R30-M0-N9-C:J16-U01 2005-06-11-17.26.01.908660 R30-M0-N9-C:J16-U01 RAS KERNEL FATAL data TLB error interrupt
KERNDTLB 1118535962 2005.06.11 R30-M0-N9-C:J16-U01 2005-06-11-17.26.02.409774 R30-M0-N9-C:J16-U01 RAS KERNEL FATAL data TLB error interrupt
KERNDTLB 1118535962 2005.06.11 R30-M0-N9-C:J16-U01 2005-06-11-17.26.02.891657 R30-M0-N9-C:J16-U01 RAS KERNEL FATAL data TLB error interrupt
KERNDTLB 1118535963 2005.06.11 R30-M0-N9-C:J16-U01 2005-06-11-17.26.03.422604 R30-M0-N9-C:J16-U01 RAS KERNEL FATAL data TLB error interrupt
KERNDTLB 1118535963 2005.06.11 R30-M0-N9-C:J16-U01 2005-06-11-17.26.03.895565 R30-M0-N9-C:J16-U01 RAS KERNEL FATAL data TLB error interrupt
KERNDTLB 1118535964 2005.06.11 R30-M0-N9-C:J16-U01 2005-06-11-17.26.04.334586 R30-M0-N9-C:J16-U01 RAS KERNEL FATAL data TLB error interrupt
KERNDTLB 1118535964 2005.06.11 R30-M0-N9-C:J16-U01 2005-06-11-17.26.04.777986 R30-M0-N9-C:J16-U01 RAS KERNEL FATAL data TLB error interrupt
KERNDTLB 1118535965 2005.06.11 R30-M0-N9-C:J16-U01 2005-06-11-17.26.05.203049 R30-M0-N9-C:J16-U01 RAS KERNEL FATAL data TLB error interrupt
KERNDTLB 1118535965 2005.06.11 R30-M0-N9-C:J16-U01 2005-06-11-17.26.05.614793 R30-M0-N9-C:J16-U01 RAS KERNEL FATAL data TLB error interrupt
KERNDTLB 1118535965 2005.06.11 R30-M0-N9-C:J16-U01 2005-06-11-17.26.05.970217 R30-M0-N9-C:J16-U01 RAS KERNEL FATAL data TLB error interrupt
KERNDTLB 1118535966 2005.06.11 R30-M0-N9-C:J16-U01 2005-06-11-17.26.06.409492 R30-M0-N9-C:J16-U01 RAS KERNEL FATAL data TLB error interrupt
KERNDTLB 1118535966 2005.06.11 R30-M0-N9-C:J16-U01 2005-06-11-17.26.06.850471 R30-M0-N9-C:J16-U01 RAS KERNEL FATAL data TLB error interrupt
KERNDTLB 1118535967 2005.06.11 R30-M0-N9-C:J16-U01 2005-06-11-17.26.07.294445 R30-M0-N9-C:J16-U01 RAS KERNEL FATAL data TLB error interrupt
KERNDTLB 1118535967 2005.06.11 R30-M0-N9-C:J16-U01 2005-06-11-17.26.07.783243 R30-M0-N9-C:J16-U01 RAS KERNEL FATAL data TLB error interrupt
KERNDTLB 1118535968 2005.06.11 R30-M0-N9-C:J16-U01 2005-06-11-17.26.08.168078 R30-M0-N9-C:J16-U01 RAS KERNEL FATAL data TLB error interrupt
KERNDTLB 1118535968 2005.06.11 R30-M0-N9-C:J16-U01 2005-06-11-17.26.08.536792 R30-M0-N9-C:J16-U01 RAS KERNEL FATAL data TLB error interrupt
KERNDTLB 1118535969 2005.06.11 R30-M0-N9-C:J16-U01 2005-06-11-17.26.09.024055 R30-M0-N9-C:J16-U01 RAS KERNEL FATAL data TLB error interrupt
KERNDTLB 1118538121 2005.06.11 R30-M0-N9-C:J16-U01 2005-06-11-18.02.01.203554 R30-M0-N9-C:J16-U01 RAS KERNEL FATAL data TLB error interrupt
KERNDTLB 1118538121 2005.06.11 R30-M0-N9-C:J16-U01 2005-06-11-18.02.01.664524 R30-M0-N9-C:J16-U01 RAS KERNEL FATAL data TLB error interrupt
KERNDTLB 1118538122 2005.06.11 R30-M0-N9-C:J16-U01 2005-06-11-18.02.02.107560 R30-M0-N9-C:J16-U01 RAS KERNEL FATAL data TLB error interrupt
KERNDTLB 1118538122 2005.06.11 R30-M0-N9-C:J16-U01 2005-06-11-18.02.02.520997 R30-M0-N9-C:J16-U01 RAS KERNEL FATAL data TLB error interrupt
KERNDTLB 1118538122 2005.06.11 R30-M0-N9-C:J16-U01 2005-06-11-18.02.02.962402 R30-M0-N9-C:J16-U01 RAS KERNEL FATAL data TLB error interrupt
KERNDTLB 1118538123 2005.06.11 R30-M0-N9-C:J16-U01 2005-06-11-18.02.03.511663 R30-M0-N9-C:J16-U01 RAS KERNEL FATAL data TLB error interrupt
KERNDTLB 1118538123 2005.06.11 R30-M0-N9-C:J16-U01 2005-06-11-18.02.03.943366 R30-M0-N9-C:J16-U01 RAS KERNEL FATAL data TLB error interrupt
KERNDTLB 1118538124 2005.06.11 R30-M0-N9-C:J16-U01 2005-06-11-18.02.04.282876 R30-M0-N9-C:J16-U01 RAS KERNEL FATAL data TLB error interrupt
KERNDTLB 1118538124 2005.06.11 R30-M0-N9-C:J16-U01 2005-06-11-18.02.04.721050 R30-M0-N9-C:J16-U01 RAS KERNEL FATAL data TLB error interrupt
KERNDTLB 1118538125 2005.06.11 R30-M0-N9-C:J16-U01 2005-06-11-18.02.05.181138 R30-M0-N9-C:J16-U01 RAS KERNEL FATAL data TLB error interrupt
KERNDTLB 1118538125 2005.06.11 R30-M0-N9-C:J16-U01 2005-06-11-18.02.05.580232 R30-M0-N9-C:J16-U01 RAS KERNEL FATAL data TLB error interrupt
KERNDTLB 1118538125 2005.06.11 R30-M0-N9-C:J16-U01 2005-06-11-18.02.05.983129 R30-M0-N9-C:J16-U01 RAS KERNEL FATAL data TLB error interrupt
KERNDTLB 1118538126 2005.06.11 R30-M0-N9-C:J16-U01 2005-06-11-18.02.06.317563 R30-M0-N9-C:J16-U01 RAS KERNEL FATAL data TLB error interrupt
KERNDTLB 1118538126 2005.06.11 R30-M0-N9-C:J16-U01 2005-06-11-18.02.06.730103 R30-M0-N9-C:J16-U01 RAS KERNEL FATAL data TLB error interrupt
KERNDTLB 1118538127 2005.06.11 R30-M0-N9-C:J16-U01 2005-06-11-18.02.07.106955 R30-M0-N9-C:J16-U01 RAS KERNEL FATAL data TLB error interrupt
KERNDTLB 1118538127 2005.06.11 R30-M0-N9-C:J16-U01 2005-06-11-18.02.07.513957 R30-M0-N9-C:J16-U01 RAS KERNEL FATAL data TLB error interrupt
KERNDTLB 1118538127 2005.06.11 R30-M0-N9-C:J16-U01 2005-06-11-18.02.07.863897 R30-M0-N9-C:J16-U01 RAS KERNEL FATAL data TLB error interrupt
KERNDTLB 1118538128 2005.06.11 R30-M0-N9-C:J16-U01 2005-06-11-18.02.08.321093 R30-M0-N9-C:J16-U01 RAS KERNEL FATAL data TLB error interrupt
KERNDTLB 1118538128 2005.06.11 R30-M0-N9-C:J16-U01 2005-06-11-18.02.08.770099 R30-M0-N9-C:J16-U01 RAS KERNEL FATAL data TLB error interrupt
KERNDTLB 1118538129 2005.06.11 R30-M0-N9-C:J16-U01 2005-06-11-18.02.09.148783 R30-M0-N9-C:J16-U01 RAS KERNEL FATAL data TLB error interrupt
KERNDTLB 1118538129 2005.06.11 R30-M0-N9-C:J16-U01 2005-06-11-18.02.09.552560 R30-M0-N9-C:J16-U01 RAS KERNEL FATAL data TLB error interrupt
KERNDTLB 1118538130 2005.06.11 R30-M0-N9-C:J16-U01 2005-06-11-18.02.10.278064 R30-M0-N9-C:J16-U01 RAS KERNEL FATAL data TLB error interrupt
KERNDTLB 1118538130 2005.06.11 R30-M0-N9-C:J16-U01 2005-06-11-18.02.10.680226 R30-M0-N9-C:J16-U01 RAS KERNEL FATAL data TLB error interrupt
KERNDTLB 1118538131 2005.06.11 R30-M0-N9-C:J16-U01 2005-06-11-18.02.11.089220 R30-M0-N9-C:J16-U01 RAS KERNEL FATAL data TLB error interrupt
KERNDTLB 1118538131 2005.06.11 R30-M0-N9-C:J16-U01 2005-06-11-18.02.11.429298 R30-M0-N9-C:J16-U01 RAS KERNEL FATAL data TLB error interrupt
KERNDTLB 1118540361 2005.06.11 R30-M0-N9-C:J16-U01 2005-06-11-18.39.21.077702 R30-M0-N9-C:J16-U01 RAS KERNEL FATAL data TLB error interrupt
KERNDTLB 1118540361 2005.06.11 R30-M0-N9-C:J16-U01 2005-06-11-18.39.21.592139 R30-M0-N9-C:J16-U01 RAS KERNEL FATAL data TLB error interrupt
KERNDTLB 1118540362 2005.06.11 R30-M0-N9-C:J16-U01 2005-06-11-18.39.22.094442 R30-M0-N9-C:J16-U01 RAS KERNEL FATAL data TLB error interrupt
KERNDTLB 1118540362 2005.06.11 R30-M0-N9-C:J16-U01 2005-06-11-18.39.22.608388 R30-M0-N9-C:J16-U01 RAS KERNEL FATAL data TLB error interrupt
KERNDTLB 1118540363 2005.06.11 R30-M0-N9-C:J16-U01 2005-06-11-18.39.23.113284 R30-M0-N9-C:J16-U01 RAS KERNEL FATAL data TLB error interrupt
KERNDTLB 1118540363 2005.06.11 R30-M0-N9-C:J16-U01 2005-06-11-18.39.23.618496 R30-M0-N9-C:J16-U01 RAS KERNEL FATAL data TLB error interrupt
KERNDTLB 1118540364 2005.06.11 R30-M0-N9-C:J16-U01 2005-06-11-18.39.24.112465 R30-M0-N9-C:J16-U01 RAS KERNEL FATAL data TLB error interrupt
KERNDTLB 1118540364 2005.06.11 R30-M0-N9-C:J16-U01 2005-06-11-18.39.24.608137 R30-M0-N9-C:J16-U01 RAS KERNEL FATAL data TLB error interrupt
KERNDTLB 1118540365 2005.06.11 R30-M0-N9-C:J16-U01 2005-06-11-18.39.25.087427 R30-M0-N9-C:J16-U01 RAS KERNEL FATAL data TLB error interrupt
KERNDTLB 1118540365 2005.06.11 R30-M0-N9-C:J16-U01 2005-06-11-18.39.25.567991 R30-M0-N9-C:J16-U01 RAS KERNEL FATAL data TLB error interrupt
KERNDTLB 1118540366 2005.06.11 R30-M0-N9-C:J16-U01 2005-06-11-18.39.26.079854 R30-M0-N9-C:J16-U01 RAS KERNEL FATAL data TLB error interrupt
KERNDTLB 1118540366 2005.06.11 R30-M0-N9-C:J16-U01 2005-06-11-18.39.26.580381 R30-M0-N9-C:J16-U01 RAS KERNEL FATAL data TLB error interrupt
KERNDTLB 1118540367 2005.06.11 R30-M0-N9-C:J16-U01 2005-06-11-18.39.27.085989 R30-M0-N9-C:J16-U01 RAS KERNEL FATAL data TLB error interrupt
KERNDTLB 1118540367 2005.06.11 R30-M0-N9-C:J16-U01 2005-06-11-18.39.27.590360 R30-M0-N9-C:J16-U01 RAS KERNEL FATAL data TLB error interrupt
KERNDTLB 1118540368 2005.06.11 R30-M0-N9-C:J16-U01 2005-06-11-18.39.28.091142 R30-M0-N9-C:J16-U01 RAS KERNEL FATAL data TLB error interrupt
KERNDTLB 1118540368 2005.06.11 R30-M0-N9-C:J16-U01 2005-06-11-18.39.28.583486 R30-M0-N9-C:J16-U01 RAS KERNEL FATAL data TLB error interrupt
KERNDTLB 1118540369 2005.06.11 R30-M0-N9-C:J16-U01 2005-06-11-18.39.29.060504 R30-M0-N9-C:J16-U01 RAS KERNEL FATAL data TLB error interrupt
KERNDTLB 1118540369 2005.06.11 R30-M0-N9-C:J16-U01 2005-06-11-18.39.29.534132 R30-M0-N9-C:J16-U01 RAS KERNEL FATAL data TLB error interrupt
KERNDTLB 1118540370 2005.06.11 R30-M0-N9-C:J16-U01 2005-06-11-18.39.30.036093 R30-M0-N9-C:J16-U01 RAS KERNEL FATAL data TLB error interrupt
KERNDTLB 1118540370 2005.06.11 R30-M0-N9-C:J16-U01 2005-06-11-18.39.30.544849 R30-M0-N9-C:J16-U01 RAS KERNEL FATAL data TLB error interrupt
KERNDTLB 1118540371 2005.06.11 R30-M0-N9-C:J16-U01 2005-06-11-18.39.31.046359 R30-M0-N9-C:J16-U01 RAS KERNEL FATAL data TLB error interrupt
KERNDTLB 1118540371 2005.06.11 R30-M0-N9-C:J16-U01 2005-06-11-18.39.31.520606 R30-M0-N9-C:J16-U01 RAS KERNEL FATAL data TLB error interrupt
KERNDTLB 1118540372 2005.06.11 R30-M0-N9-C:J16-U01 2005-06-11-18.39.32.016452 R30-M0-N9-C:J16-U01 RAS KERNEL FATAL data TLB error interrupt
KERNDTLB 1118540372 2005.06.11 R30-M0-N9-C:J16-U01 2005-06-11-18.39.32.322510 R30-M0-N9-C:J16-U01 RAS KERNEL FATAL data TLB error interrupt
KERNDTLB 1118540372 2005.06.11 R30-M0-N9-C:J16-U01 2005-06-11-18.39.32.833585 R30-M0-N9-C:J16-U01 RAS KERNEL FATAL data TLB error interrupt
KERNDTLB 1118542609 2005.06.11 R30-M0-N9-C:J16-U01 2005-06-11-19.16.49.714497 R30-M0-N9-C:J16-U01 RAS KERNEL FATAL data TLB error interrupt
KERNDTLB 1118542610 2005.06.11 R30-M0-N9-C:J16-U01 2005-06-11-19.16.50.189067 R30-M0-N9-C:J16-U01 RAS KERNEL FATAL data TLB error interrupt
KERNDTLB 1118542610 2005.06.11 R30-M0-N9-C:J16-U01 2005-06-11-19.16.50.798830 R30-M0-N9-C:J16-U01 RAS KERNEL FATAL data TLB error interrupt
KERNDTLB 1118542611 2005.06.11 R30-M0-N9-C:J16-U01 2005-06-11-19.16.51.285341 R30-M0-N9-C:J16-U01 RAS KERNEL FATAL data TLB error interrupt
KERNDTLB 1118542611 2005.06.11 R30-M0-N9-C:J16-U01 2005-06-11-19.16.51.787051 R30-M0-N9-C:J16-U01 RAS KERNEL FATAL data TLB error interrupt
KERNDTLB 1118542612 2005.06.11 R30-M0-N9-C:J16-U01 2005-06-11-19.16.52.275212 R30-M0-N9-C:J16-U01 RAS KERNEL FATAL data TLB error interrupt
KERNDTLB 1118542612 2005.06.11 R30-M0-N9-C:J16-U01 2005-06-11-19.16.52.730206 R30-M0-N9-C:J16-U01 RAS KERNEL FATAL data TLB error interrupt
KERNDTLB 1118542613 2005.06.11 R30-M0-N9-C:J16-U01 2005-06-11-19.16.53.196928 R30-M0-N9-C:J16-U01 RAS KERNEL FATAL data TLB error interrupt
KERNDTLB 1118542613 2005.06.11 R30-M0-N9-C:J16-U01 2005-06-11-19.16.53.656678 R30-M0-N9-C:J16-U01 RAS KERNEL FATAL data TLB error interrupt
KERNDTLB 1118542613 2005.06.11 R30-M0-N9-C:J16-U01 2005-06-11-19.16.53.965329 R30-M0-N9-C:J16-U01 RAS KERNEL FATAL data TLB error interrupt
KERNDTLB 1118542614 2005.06.11 R30-M0-N9-C:J16-U01 2005-06-11-19.16.54.425284 R30-M0-N9-C:J16-U01 RAS KERNEL FATAL data TLB error interrupt
KERNDTLB 1118542614 2005.06.11 R30-M0-N9-C:J16-U01 2005-06-11-19.16.54.885808 R30-M0-N9-C:J16-U01 RAS KERNEL FATAL data TLB error interrupt
KERNDTLB 1118542615 2005.06.11 R30-M0-N9-C:J16-U01 2005-06-11-19.16.55.367948 R30-M0-N9-C:J16-U01 RAS KERNEL FATAL data TLB error interrupt
KERNDTLB 1118542615 2005.06.11 R30-M0-N9-C:J16-U01 2005-06-11-19.16.55.860403 R30-M0-N9-C:J16-U01 RAS KERNEL FATAL data TLB error interrupt
KERNDTLB 1118542616 2005.06.11 R30-M0-N9-C:J16-U01 2005-06-11-19.16.56.336751 R30-M0-N9-C:J16-U01 RAS KERNEL FATAL data TLB error interrupt
KERNDTLB 1118542616 2005.06.11 R30-M0-N9-C:J16-U01 2005-06-11-19.16.56.816552 R30-M0-N9-C:J16-U01 RAS KERNEL FATAL data TLB error interrupt
KERNDTLB 1118542617 2005.06.11 R30-M0-N9-C:J16-U01 2005-06-11-19.16.57.296395 R30-M0-N9-C:J16-U01 RAS KERNEL FATAL data TLB error interrupt
KERNDTLB 1118542617 2005.06.11 R30-M0-N9-C:J16-U01 2005-06-11-19.16.57.771439 R30-M0-N9-C:J16-U01 RAS KERNEL FATAL data TLB error interrupt
KERNDTLB 1118542618 2005.06.11 R30-M0-N9-C:J16-U01 2005-06-11-19.16.58.234520 R30-M0-N9-C:J16-U01 RAS KERNEL FATAL data TLB error interrupt
KERNDTLB 1118542618 2005.06.11 R30-M0-N9-C:J16-U01 2005-06-11-19.16.58.540053 R30-M0-N9-C:J16-U01 RAS KERNEL FATAL data TLB error interrupt
KERNDTLB 1118542619 2005.06.11 R30-M0-N9-C:J16-U01 2005-06-11-19.16.59.011752 R30-M0-N9-C:J16-U01 RAS KERNEL FATAL data TLB error interrupt
KERNDTLB 1118542619 2005.06.11 R30-M0-N9-C:J16-U01 2005-06-11-19.16.59.459197 R30-M0-N9-C:J16-U01 RAS KERNEL FATAL data TLB error interrupt
KERNDTLB 1118542619 2005.06.11 R30-M0-N9-C:J16-U01 2005-06-11-19.16.59.971721 R30-M0-N9-C:J16-U01 RAS KERNEL FATAL data TLB error interrupt
KERNDTLB 1118542620 2005.06.11 R30-M0-N9-C:J16-U01 2005-06-11-19.17.00.457077 R30-M0-N9-C:J16-U01 RAS KERNEL FATAL data TLB error interrupt
KERNDTLB 1118542620 2005.06.11 R30-M0-N9-C:J16-U01 2005-06-11-19.17.00.947581 R30-M0-N9-C:J16-U01 RAS KERNEL FATAL data TLB error interrupt
KERNDTLB 1118544934 2005.06.11 R30-M0-N9-C:J16-U01 2005-06-11-19.55.34.273526 R30-M0-N9-C:J16-U01 RAS KERNEL FATAL data TLB error interrupt
KERNDTLB 1118544934 2005.06.11 R30-M0-N9-C:J16-U01 2005-06-11-19.55.34.575393 R30-M0-N9-C:J16-U01 RAS KERNEL FATAL data TLB error interrupt
KERNDTLB 1118544935 2005.06.11 R30-M0-N9-C:J16-U01 2005-06-11-19.55.35.051591 R30-M0-N9-C:J16-U01 RAS KERNEL FATAL data TLB error interrupt
KERNDTLB 1118544935 2005.06.11 R30-M0-N9-C:J16-U01 2005-06-11-19.55.35.591183 R30-M0-N9-C:J16-U01 RAS KERNEL FATAL data TLB error interrupt
KERNDTLB 1118544936 2005.06.11 R30-M0-N9-C:J16-U01 2005-06-11-19.55.36.071026 R30-M0-N9-C:J16-U01 RAS KERNEL FATAL data TLB error interrupt
KERNDTLB 1118544936 2005.06.11 R30-M0-N9-C:J16-U01 2005-06-11-19.55.36.607237 R30-M0-N9-C:J16-U01 RAS KERNEL FATAL data TLB error interrupt
KERNDTLB 1118544937 2005.06.11 R30-M0-N9-C:J16-U01 2005-06-11-19.55.37.193529 R30-M0-N9-C:J16-U01 RAS KERNEL FATAL data TLB error interrupt
KERNDTLB 1118544937 2005.06.11 R30-M0-N9-C:J16-U01 2005-06-11-19.55.37.601759 R30-M0-N9-C:J16-U01 RAS KERNEL FATAL data TLB error interrupt
KERNDTLB 1118544938 2005.06.11 R30-M0-N9-C:J16-U01 2005-06-11-19.55.38.139688 R30-M0-N9-C:J16-U01 RAS KERNEL FATAL data TLB error interrupt
KERNDTLB 1118544938 2005.06.11 R30-M0-N9-C:J16-U01 2005-06-11-19.55.38.930794 R30-M0-N9-C:J16-U01 RAS KERNEL FATAL data TLB error interrupt
KERNDTLB 1118544939 2005.06.11 R30-M0-N9-C:J16-U01 2005-06-11-19.55.39.457287 R30-M0-N9-C:J16-U01 RAS KERNEL FATAL data TLB error interrupt
KERNDTLB 1118544939 2005.06.11 R30-M0-N9-C:J16-U01 2005-06-11-19.55.39.961478 R30-M0-N9-C:J16-U01 RAS KERNEL FATAL data TLB error interrupt
KERNDTLB 1118544940 2005.06.11 R30-M0-N9-C:J16-U01 2005-06-11-19.55.40.466000 R30-M0-N9-C:J16-U01 RAS KERNEL FATAL data TLB error interrupt
KERNDTLB 1118544940 2005.06.11 R30-M0-N9-C:J16-U01 2005-06-11-19.55.40.975728 R30-M0-N9-C:J16-U01 RAS KERNEL FATAL data TLB error interrupt
KERNDTLB 1118544941 2005.06.11 R30-M0-N9-C:J16-U01 2005-06-11-19.55.41.489402 R30-M0-N9-C:J16-U01 RAS KERNEL FATAL data TLB error interrupt
KERNDTLB 1118544941 2005.06.11 R30-M0-N9-C:J16-U01 2005-06-11-19.55.41.999310 R30-M0-N9-C:J16-U01 RAS KERNEL FATAL data TLB error interrupt
KERNDTLB 1118544942 2005.06.11 R30-M0-N9-C:J16-U01 2005-06-11-19.55.42.506216 R30-M0-N9-C:J16-U01 RAS KERNEL FATAL data TLB error interrupt
KERNDTLB 1118544943 2005.06.11 R30-M0-N9-C:J16-U01 2005-06-11-19.55.43.003242 R30-M0-N9-C:J16-U01 RAS KERNEL FATAL data TLB error interrupt
KERNDTLB 1118544943 2005.06.11 R30-M0-N9-C:J16-U01 2005-06-11-19.55.43.553808 R30-M0-N9-C:J16-U01 RAS KERNEL FATAL data TLB error interrupt
KERNDTLB 1118544944 2005.06.11 R30-M0-N9-C:J16-U01 2005-06-11-19.55.44.056231 R30-M0-N9-C:J16-U01 RAS KERNEL FATAL data TLB error interrupt
KERNDTLB 1118544944 2005.06.11 R30-M0-N9-C:J16-U01 2005-06-11-19.55.44.551270 R30-M0-N9-C:J16-U01 RAS KERNEL FATAL data TLB error interrupt
KERNDTLB 1118544945 2005.06.11 R30-M0-N9-C:J16-U01 2005-06-11-19.55.45.086566 R30-M0-N9-C:J16-U01 RAS KERNEL FATAL data TLB error interrupt
KERNDTLB 1118544945 2005.06.11 R30-M0-N9-C:J16-U01 2005-06-11-19.55.45.600250 R30-M0-N9-C:J16-U01 RAS KERNEL FATAL data TLB error interrupt
KERNDTLB 1118544946 2005.06.11 R30-M0-N9-C:J16-U01 2005-06-11-19.55.46.070523 R30-M0-N9-C:J16-U01 RAS KERNEL FATAL data TLB error interrupt
KERNDTLB 1118544946 2005.06.11 R30-M0-N9-C:J16-U01 2005-06-11-19.55.46.581190 R30-M0-N9-C:J16-U01 RAS KERNEL FATAL data TLB error interrupt
KERNDTLB 1118547236 2005.06.11 R30-M0-N9-C:J16-U01 2005-06-11-20.33.56.432499 R30-M0-N9-C:J16-U01 RAS KERNEL FATAL data TLB error interrupt
KERNDTLB 1118547236 2005.06.11 R30-M0-N9-C:J16-U01 2005-06-11-20.33.56.957385 R30-M0-N9-C:J16-U01 RAS KERNEL FATAL data TLB error interrupt
KERNDTLB 1118547237 2005.06.11 R30-M0-N9-C:J16-U01 2005-06-11-20.33.57.453163 R30-M0-N9-C:J16-U01 RAS KERNEL FATAL data TLB error interrupt
KERNDTLB 1118547237 2005.06.11 R30-M0-N9-C:J16-U01 2005-06-11-20.33.57.950864 R30-M0-N9-C:J16-U01 RAS KERNEL FATAL data TLB error interrupt
KERNDTLB 1118547238 2005.06.11 R30-M0-N9-C:J16-U01 2005-06-11-20.33.58.435626 R30-M0-N9-C:J16-U01 RAS KERNEL FATAL data TLB error interrupt
KERNDTLB 1118547238 2005.06.11 R30-M0-N9-C:J16-U01 2005-06-11-20.33.58.926741 R30-M0-N9-C:J16-U01 RAS KERNEL FATAL data TLB error interrupt
KERNDTLB 1118547239 2005.06.11 R30-M0-N9-C:J16-U01 2005-06-11-20.33.59.404042 R30-M0-N9-C:J16-U01 RAS KERNEL FATAL data TLB error interrupt
KERNDTLB 1118547239 2005.06.11 R30-M0-N9-C:J16-U01 2005-06-11-20.33.59.913476 R30-M0-N9-C:J16-U01 RAS KERNEL FATAL data TLB error interrupt
KERNDTLB 1118547240 2005.06.11 R30-M0-N9-C:J16-U01 2005-06-11-20.34.00.416227 R30-M0-N9-C:J16-U01 RAS KERNEL FATAL data TLB error interrupt
KERNDTLB 1118547240 2005.06.11 R30-M0-N9-C:J16-U01 2005-06-11-20.34.00.920067 R30-M0-N9-C:J16-U01 RAS KERNEL FATAL data TLB error interrupt
KERNDTLB 1118547241 2005.06.11 R30-M0-N9-C:J16-U01 2005-06-11-20.34.01.428196 R30-M0-N9-C:J16-U01 RAS KERNEL FATAL data TLB error interrupt
KERNDTLB 1118547241 2005.06.11 R30-M0-N9-C:J16-U01 2005-06-11-20.34.01.936779 R30-M0-N9-C:J16-U01 RAS KERNEL FATAL data TLB error interrupt
KERNDTLB 1118547242 2005.06.11 R30-M0-N9-C:J16-U01 2005-06-11-20.34.02.448525 R30-M0-N9-C:J16-U01 RAS KERNEL FATAL data TLB error interrupt
KERNDTLB 1118547242 2005.06.11 R30-M0-N9-C:J16-U01 2005-06-11-20.34.02.940815 R30-M0-N9-C:J16-U01 RAS KERNEL FATAL data TLB error interrupt
KERNDTLB 1118547243 2005.06.11 R30-M0-N9-C:J16-U01 2005-06-11-20.34.03.419799 R30-M0-N9-C:J16-U01 RAS KERNEL FATAL data TLB error interrupt
KERNDTLB 1118547243 2005.06.11 R30-M0-N9-C:J16-U01 2005-06-11-20.34.03.892425 R30-M0-N9-C:J16-U01 RAS KERNEL FATAL data TLB error interrupt
KERNDTLB 1118547244 2005.06.11 R30-M0-N9-C:J16-U01 2005-06-11-20.34.04.375307 R30-M0-N9-C:J16-U01 RAS KERNEL FATAL data TLB error interrupt
KERNDTLB 1118547244 2005.06.11 R30-M0-N9-C:J16-U01 2005-06-11-20.34.04.885095 R30-M0-N9-C:J16-U01 RAS KERNEL FATAL data TLB error interrupt
KERNDTLB 1118547245 2005.06.11 R30-M0-N9-C:J16-U01 2005-06-11-20.34.05.393670 R30-M0-N9-C:J16-U01 RAS KERNEL FATAL data TLB error interrupt
KERNDTLB 1118547245 2005.06.11 R30-M0-N9-C:J16-U01 2005-06-11-20.34.05.895012 R30-M0-N9-C:J16-U01 RAS KERNEL FATAL data TLB error interrupt
KERNDTLB 1118547246 2005.06.11 R30-M0-N9-C:J16-U01 2005-06-11-20.34.06.356412 R30-M0-N9-C:J16-U01 RAS KERNEL FATAL data TLB error interrupt
KERNDTLB 1118547246 2005.06.11 R30-M0-N9-C:J16-U01 2005-06-11-20.34.06.672284 R30-M0-N9-C:J16-U01 RAS KERNEL FATAL data TLB error interrupt
KERNDTLB 1118547247 2005.06.11 R30-M0-N9-C:J16-U01 2005-06-11-20.34.07.146813 R30-M0-N9-C:J16-U01 RAS KERNEL FATAL data TLB error interrupt
KERNDTLB 1118547247 2005.06.11 R30-M0-N9-C:J16-U01 2005-06-11-20.34.07.655835 R30-M0-N9-C:J16-U01 RAS KERNEL FATAL data TLB error interrupt
KERNDTLB 1118547248 2005.06.11 R30-M0-N9-C:J16-U01 2005-06-11-20.34.08.156308 R30-M0-N9-C:J16-U01 RAS KERNEL FATAL data TLB error interrupt
KERNDTLB 1118549505 2005.06.11 R30-M0-N9-C:J16-U01 2005-06-11-21.11.45.124124 R30-M0-N9-C:J16-U01 RAS KERNEL FATAL data TLB error interrupt
KERNDTLB 1118549505 2005.06.11 R30-M0-N9-C:J16-U01 2005-06-11-21.11.45.572847 R30-M0-N9-C:J16-U01 RAS KERNEL FATAL data TLB error interrupt
KERNDTLB 1118549505 2005.06.11 R30-M0-N9-C:J16-U01 2005-06-11-21.11.45.926498 R30-M0-N9-C:J16-U01 RAS KERNEL FATAL data TLB error interrupt
KERNDTLB 1118549506 2005.06.11 R30-M0-N9-C:J16-U01 2005-06-11-21.11.46.403055 R30-M0-N9-C:J16-U01 RAS KERNEL FATAL data TLB error interrupt
KERNDTLB 1118549506 2005.06.11 R30-M0-N9-C:J16-U01 2005-06-11-21.11.46.834037 R30-M0-N9-C:J16-U01 RAS KERNEL FATAL data TLB error interrupt
KERNDTLB 1118549507 2005.06.11 R30-M0-N9-C:J16-U01 2005-06-11-21.11.47.223801 R30-M0-N9-C:J16-U01 RAS KERNEL FATAL data TLB error interrupt
KERNDTLB 1118549507 2005.06.11 R30-M0-N9-C:J16-U01 2005-06-11-21.11.47.681430 R30-M0-N9-C:J16-U01 RAS KERNEL FATAL data TLB error interrupt
KERNDTLB 1118549508 2005.06.11 R30-M0-N9-C:J16-U01 2005-06-11-21.11.48.124085 R30-M0-N9-C:J16-U01 RAS KERNEL FATAL data TLB error interrupt
KERNDTLB 1118549508 2005.06.11 R30-M0-N9-C:J16-U01 2005-06-11-21.11.48.487936 R30-M0-N9-C:J16-U01 RAS KERNEL FATAL data TLB error interrupt
KERNDTLB 1118549508 2005.06.11 R30-M0-N9-C:J16-U01 2005-06-11-21.11.48.970233 R30-M0-N9-C:J16-U01 RAS KERNEL FATAL data TLB error interrupt
KERNDTLB 1118549509 2005.06.11 R30-M0-N9-C:J16-U01 2005-06-11-21.11.49.439182 R30-M0-N9-C:J16-U01 RAS KERNEL FATAL data TLB error interrupt
KERNDTLB 1118549509 2005.06.11 R30-M0-N9-C:J16-U01 2005-06-11-21.11.49.894313 R30-M0-N9-C:J16-U01 RAS KERNEL FATAL data TLB error interrupt
KERNDTLB 1118549510 2005.06.11 R30-M0-N9-C:J16-U01 2005-06-11-21.11.50.304574 R30-M0-N9-C:J16-U01 RAS KERNEL FATAL data TLB error interrupt
KERNDTLB 1118549510 2005.06.11 R30-M0-N9-C:J16-U01 2005-06-11-21.11.50.753793 R30-M0-N9-C:J16-U01 RAS KERNEL FATAL data TLB error interrupt
KERNDTLB 1118549511 2005.06.11 R30-M0-N9-C:J16-U01 2005-06-11-21.11.51.188680 R30-M0-N9-C:J16-U01 RAS KERNEL FATAL data TLB error interrupt
KERNDTLB 1118549511 2005.06.11 R30-M0-N9-C:J16-U01 2005-06-11-21.11.51.560403 R30-M0-N9-C:J16-U01 RAS KERNEL FATAL data TLB error interrupt
KERNDTLB 1118549512 2005.06.11 R30-M0-N9-C:J16-U01 2005-06-11-21.11.52.065303 R30-M0-N9-C:J16-U01 RAS KERNEL FATAL data TLB error interrupt
KERNDTLB 1118549512 2005.06.11 R30-M0-N9-C:J16-U01 2005-06-11-21.11.52.539554 R30-M0-N9-C:J16-U01 RAS KERNEL FATAL data TLB error interrupt
KERNDTLB 1118549513 2005.06.11 R30-M0-N9-C:J16-U01 2005-06-11-21.11.53.000773 R30-M0-N9-C:J16-U01 RAS KERNEL FATAL data TLB error interrupt
KERNDTLB 1118549513 2005.06.11 R30-M0-N9-C:J16-U01 2005-06-11-21.11.53.444837 R30-M0-N9-C:J16-U01 RAS KERNEL FATAL data TLB error interrupt
KERNDTLB 1118549513 2005.06.11 R30-M0-N9-C:J16-U01 2005-06-11-21.11.53.850201 R30-M0-N9-C:J16-U01 RAS KERNEL FATAL data TLB error interrupt
KERNDTLB 1118549514 2005.06.11 R30-M0-N9-C:J16-U01 2005-06-11-21.11.54.299921 R30-M0-N9-C:J16-U01 RAS KERNEL FATAL data TLB error interrupt
KERNDTLB 1118549514 2005.06.11 R30-M0-N9-C:J16-U01 2005-06-11-21.11.54.743736 R30-M0-N9-C:J16-U01 RAS KERNEL FATAL data TLB error interrupt
KERNDTLB 1118549515 2005.06.11 R30-M0-N9-C:J16-U01 2005-06-11-21.11.55.092725 R30-M0-N9-C:J16-U01 RAS KERNEL FATAL data TLB error interrupt
KERNDTLB 1118549515 2005.06.11 R30-M0-N9-C:J16-U01 2005-06-11-21.11.55.551365 R30-M0-N9-C:J16-U01 RAS KERNEL FATAL data TLB error interrupt
KERNDTLB 1118551786 2005.06.11 R30-M0-N9-C:J16-U01 2005-06-11-21.49.46.653011 R30-M0-N9-C:J16-U01 RAS KERNEL FATAL data TLB error interrupt
KERNDTLB 1118551787 2005.06.11 R30-M0-N9-C:J16-U01 2005-06-11-21.49.47.037658 R30-M0-N9-C:J16-U01 RAS KERNEL FATAL data TLB error interrupt
KERNDTLB 1118551787 2005.06.11 R30-M0-N9-C:J16-U01 2005-06-11-21.49.47.526798 R30-M0-N9-C:J16-U01 RAS KERNEL FATAL data TLB error interrupt
KERNDTLB 1118551788 2005.06.11 R30-M0-N9-C:J16-U01 2005-06-11-21.49.48.005320 R30-M0-N9-C:J16-U01 RAS KERNEL FATAL data TLB error interrupt
KERNDTLB 1118551788 2005.06.11 R30-M0-N9-C:J16-U01 2005-06-11-21.49.48.498060 R30-M0-N9-C:J16-U01 RAS KERNEL FATAL data TLB error interrupt
KERNDTLB 1118551788 2005.06.11 R30-M0-N9-C:J16-U01 2005-06-11-21.49.48.997485 R30-M0-N9-C:J16-U01 RAS KERNEL FATAL data TLB error interrupt
KERNDTLB 1118551789 2005.06.11 R30-M0-N9-C:J16-U01 2005-06-11-21.49.49.452710 R30-M0-N9-C:J16-U01 RAS KERNEL FATAL data TLB error interrupt
KERNDTLB 1118551789 2005.06.11 R30-M0-N9-C:J16-U01 2005-06-11-21.49.49.904582 R30-M0-N9-C:J16-U01 RAS KERNEL FATAL data TLB error interrupt
KERNDTLB 1118551790 2005.06.11 R30-M0-N9-C:J16-U01 2005-06-11-21.49.50.376375 R30-M0-N9-C:J16-U01 RAS KERNEL FATAL data TLB error interrupt
KERNDTLB 1118551790 2005.06.11 R30-M0-N9-C:J16-U01 2005-06-11-21.49.50.761355 R30-M0-N9-C:J16-U01 RAS KERNEL FATAL data TLB error interrupt
KERNDTLB 1118551791 2005.06.11 R30-M0-N9-C:J16-U01 2005-06-11-21.49.51.556208 R30-M0-N9-C:J16-U01 RAS KERNEL FATAL data TLB error interrupt
KERNDTLB 1118551792 2005.06.11 R30-M0-N9-C:J16-U01 2005-06-11-21.49.52.010179 R30-M0-N9-C:J16-U01 RAS KERNEL FATAL data TLB error interrupt
KERNDTLB 1118551792 2005.06.11 R30-M0-N9-C:J16-U01 2005-06-11-21.49.52.446374 R30-M0-N9-C:J16-U01 RAS KERNEL FATAL data TLB error interrupt
KERNDTLB 1118551792 2005.06.11 R30-M0-N9-C:J16-U01 2005-06-11-21.49.52.942297 R30-M0-N9-C:J16-U01 RAS KERNEL FATAL data TLB error interrupt
KERNDTLB 1118551793 2005.06.11 R30-M0-N9-C:J16-U01 2005-06-11-21.49.53.437599 R30-M0-N9-C:J16-U01 RAS KERNEL FATAL data TLB error interrupt
KERNDTLB 1118551793 2005.06.11 R30-M0-N9-C:J16-U01 2005-06-11-21.49.53.930500 R30-M0-N9-C:J16-U01 RAS KERNEL FATAL data TLB error interrupt
KERNDTLB 1118551794 2005.06.11 R30-M0-N9-C:J16-U01 2005-06-11-21.49.54.309669 R30-M0-N9-C:J16-U01 RAS KERNEL FATAL data TLB error interrupt
KERNDTLB 1118551794 2005.06.11 R30-M0-N9-C:J16-U01 2005-06-11-21.49.54.707461 R30-M0-N9-C:J16-U01 RAS KERNEL FATAL data TLB error interrupt
KERNDTLB 1118551795 2005.06.11 R30-M0-N9-C:J16-U01 2005-06-11-21.49.55.154247 R30-M0-N9-C:J16-U01 RAS KERNEL FATAL data TLB error interrupt
KERNDTLB 1118551795 2005.06.11 R30-M0-N9-C:J16-U01 2005-06-11-21.49.55.599310 R30-M0-N9-C:J16-U01 RAS KERNEL FATAL data TLB error interrupt
KERNDTLB 1118551796 2005.06.11 R30-M0-N9-C:J16-U01 2005-06-11-21.49.56.091859 R30-M0-N9-C:J16-U01 RAS KERNEL FATAL data TLB error interrupt
KERNDTLB 1118551796 2005.06.11 R30-M0-N9-C:J16-U01 2005-06-11-21.49.56.623103 R30-M0-N9-C:J16-U01 RAS KERNEL FATAL data TLB error interrupt
KERNDTLB 1118551797 2005.06.11 R30-M0-N9-C:J16-U01 2005-06-11-21.49.57.112365 R30-M0-N9-C:J16-U01 RAS KERNEL FATAL data TLB error interrupt
KERNDTLB 1118551797 2005.06.11 R30-M0-N9-C:J16-U01 2005-06-11-21.49.57.571652 R30-M0-N9-C:J16-U01 RAS KERNEL FATAL data TLB error interrupt
KERNDTLB 1118551798 2005.06.11 R30-M0-N9-C:J16-U01 2005-06-11-21.49.58.040144 R30-M0-N9-C:J16-U01 RAS KERNEL FATAL data TLB error interrupt
KERNDTLB 1118554125 2005.06.11 R30-M0-N9-C:J16-U01 2005-06-11-22.28.45.573879 R30-M0-N9-C:J16-U01 RAS KERNEL FATAL data TLB error interrupt
KERNDTLB 1118554126 2005.06.11 R30-M0-N9-C:J16-U01 2005-06-11-22.28.46.051329 R30-M0-N9-C:J16-U01 RAS KERNEL FATAL data TLB error interrupt
KERNDTLB 1118554126 2005.06.11 R30-M0-N9-C:J16-U01 2005-06-11-22.28.46.476885 R30-M0-N9-C:J16-U01 RAS KERNEL FATAL data TLB error interrupt
KERNDTLB 1118554126 2005.06.11 R30-M0-N9-C:J16-U01 2005-06-11-22.28.46.846686 R30-M0-N9-C:J16-U01 RAS KERNEL FATAL data TLB error interrupt
KERNDTLB 1118554127 2005.06.11 R30-M0-N9-C:J16-U01 2005-06-11-22.28.47.290587 R30-M0-N9-C:J16-U01 RAS KERNEL FATAL data TLB error interrupt
KERNDTLB 1118554127 2005.06.11 R30-M0-N9-C:J16-U01 2005-06-11-22.28.47.687135 R30-M0-N9-C:J16-U01 RAS KERNEL FATAL data TLB error interrupt
KERNDTLB 1118554128 2005.06.11 R30-M0-N9-C:J16-U01 2005-06-11-22.28.48.137112 R30-M0-N9-C:J16-U01 RAS KERNEL FATAL data TLB error interrupt
KERNDTLB 1118554128 2005.06.11 R30-M0-N9-C:J16-U01 2005-06-11-22.28.48.699707 R30-M0-N9-C:J16-U01 RAS KERNEL FATAL data TLB error interrupt
KERNDTLB 1118554129 2005.06.11 R30-M0-N9-C:J16-U01 2005-06-11-22.28.49.137953 R30-M0-N9-C:J16-U01 RAS KERNEL FATAL data TLB error interrupt
KERNDTLB 1118554129 2005.06.11 R30-M0-N9-C:J16-U01 2005-06-11-22.28.49.600291 R30-M0-N9-C:J16-U01 RAS KERNEL FATAL data TLB error interrupt
KERNDTLB 1118554130 2005.06.11 R30-M0-N9-C:J16-U01 2005-06-11-22.28.50.050777 R30-M0-N9-C:J16-U01 RAS KERNEL FATAL data TLB error interrupt
KERNDTLB 1118554130 2005.06.11 R30-M0-N9-C:J16-U01 2005-06-11-22.28.50.417065 R30-M0-N9-C:J16-U01 RAS KERNEL FATAL data TLB error interrupt
KERNDTLB 1118554130 2005.06.11 R30-M0-N9-C:J16-U01 2005-06-11-22.28.50.874244 R30-M0-N9-C:J16-U01 RAS KERNEL FATAL data TLB error interrupt
KERNDTLB 1118554131 2005.06.11 R30-M0-N9-C:J16-U01 2005-06-11-22.28.51.294914 R30-M0-N9-C:J16-U01 RAS KERNEL FATAL data TLB error interrupt
KERNDTLB 1118554131 2005.06.11 R30-M0-N9-C:J16-U01 2005-06-11-22.28.51.730254 R30-M0-N9-C:J16-U01 RAS KERNEL FATAL data TLB error interrupt
KERNDTLB 1118554132 2005.06.11 R30-M0-N9-C:J16-U01 2005-06-11-22.28.52.173602 R30-M0-N9-C:J16-U01 RAS KERNEL FATAL data TLB error interrupt
KERNDTLB 1118554132 2005.06.11 R30-M0-N9-C:J16-U01 2005-06-11-22.28.52.598370 R30-M0-N9-C:J16-U01 RAS KERNEL FATAL data TLB error interrupt
KERNDTLB 1118554133 2005.06.11 R30-M0-N9-C:J16-U01 2005-06-11-22.28.53.060098 R30-M0-N9-C:J16-U01 RAS KERNEL FATAL data TLB error interrupt
KERNDTLB 1118554133 2005.06.11 R30-M0-N9-C:J16-U01 2005-06-11-22.28.53.423506 R30-M0-N9-C:J16-U01 RAS KERNEL FATAL data TLB error interrupt
KERNDTLB 1118554133 2005.06.11 R30-M0-N9-C:J16-U01 2005-06-11-22.28.53.830438 R30-M0-N9-C:J16-U01 RAS KERNEL FATAL data TLB error interrupt
KERNDTLB 1118554134 2005.06.11 R30-M0-N9-C:J16-U01 2005-06-11-22.28.54.490118 R30-M0-N9-C:J16-U01 RAS KERNEL FATAL data TLB error interrupt
KERNDTLB 1118554134 2005.06.11 R30-M0-N9-C:J16-U01 2005-06-11-22.28.54.931808 R30-M0-N9-C:J16-U01 RAS KERNEL FATAL data TLB error interrupt
KERNDTLB 1118554135 2005.06.11 R30-M0-N9-C:J16-U01 2005-06-11-22.28.55.347543 R30-M0-N9-C:J16-U01 RAS KERNEL FATAL data TLB error interrupt
KERNDTLB 1118554135 2005.06.11 R30-M0-N9-C:J16-U01 2005-06-11-22.28.55.816641 R30-M0-N9-C:J16-U01 RAS KERNEL FATAL data TLB error interrupt
KERNDTLB 1118554136 2005.06.11 R30-M0-N9-C:J16-U01 2005-06-11-22.28.56.302920 R30-M0-N9-C:J16-U01 RAS KERNEL FATAL data TLB error interrupt
KERNDTLB 1118556364 2005.06.11 R30-M0-N9-C:J16-U01 2005-06-11-23.06.04.417324 R30-M0-N9-C:J16-U01 RAS KERNEL FATAL data TLB error interrupt
KERNDTLB 1118556364 2005.06.11 R30-M0-N9-C:J16-U01 2005-06-11-23.06.04.877312 R30-M0-N9-C:J16-U01 RAS KERNEL FATAL data TLB error interrupt
KERNDTLB 1118556365 2005.06.11 R30-M0-N9-C:J16-U01 2005-06-11-23.06.05.290486 R30-M0-N9-C:J16-U01 RAS KERNEL FATAL data TLB error interrupt
KERNDTLB 1118556365 2005.06.11 R30-M0-N9-C:J16-U01 2005-06-11-23.06.05.745538 R30-M0-N9-C:J16-U01 RAS KERNEL FATAL data TLB error interrupt
KERNDTLB 1118556366 2005.06.11 R30-M0-N9-C:J16-U01 2005-06-11-23.06.06.194531 R30-M0-N9-C:J16-U01 RAS KERNEL FATAL data TLB error interrupt
KERNDTLB 1118556366 2005.06.11 R30-M0-N9-C:J16-U01 2005-06-11-23.06.06.557884 R30-M0-N9-C:J16-U01 RAS KERNEL FATAL data TLB error interrupt
KERNDTLB 1118556367 2005.06.11 R30-M0-N9-C:J16-U01 2005-06-11-23.06.07.028356 R30-M0-N9-C:J16-U01 RAS KERNEL FATAL data TLB error interrupt
KERNDTLB 1118556367 2005.06.11 R30-M0-N9-C:J16-U01 2005-06-11-23.06.07.476923 R30-M0-N9-C:J16-U01 RAS KERNEL FATAL data TLB error interrupt
KERNDTLB 1118556367 2005.06.11 R30-M0-N9-C:J16-U01 2005-06-11-23.06.07.968397 R30-M0-N9-C:J16-U01 RAS KERNEL FATAL data TLB error interrupt
KERNDTLB 1118556368 2005.06.11 R30-M0-N9-C:J16-U01 2005-06-11-23.06.08.357484 R30-M0-N9-C:J16-U01 RAS KERNEL FATAL data TLB error interrupt
KERNDTLB 1118556368 2005.06.11 R30-M0-N9-C:J16-U01 2005-06-11-23.06.08.807763 R30-M0-N9-C:J16-U01 RAS KERNEL FATAL data TLB error interrupt
KERNDTLB 1118556369 2005.06.11 R30-M0-N9-C:J16-U01 2005-06-11-23.06.09.251235 R30-M0-N9-C:J16-U01 RAS KERNEL FATAL data TLB error interrupt
KERNDTLB 1118556369 2005.06.11 R30-M0-N9-C:J16-U01 2005-06-11-23.06.09.612065 R30-M0-N9-C:J16-U01 RAS KERNEL FATAL data TLB error interrupt
KERNDTLB 1118556370 2005.06.11 R30-M0-N9-C:J16-U01 2005-06-11-23.06.10.075313 R30-M0-N9-C:J16-U01 RAS KERNEL FATAL data TLB error interrupt
KERNDTLB 1118556370 2005.06.11 R30-M0-N9-C:J16-U01 2005-06-11-23.06.10.541003 R30-M0-N9-C:J16-U01 RAS KERNEL FATAL data TLB error interrupt
KERNDTLB 1118556370 2005.06.11 R30-M0-N9-C:J16-U01 2005-06-11-23.06.10.997959 R30-M0-N9-C:J16-U01 RAS KERNEL FATAL data TLB error interrupt
KERNDTLB 1118556371 2005.06.11 R30-M0-N9-C:J16-U01 2005-06-11-23.06.11.415711 R30-M0-N9-C:J16-U01 RAS KERNEL FATAL data TLB error interrupt
KERNDTLB 1118556371 2005.06.11 R30-M0-N9-C:J16-U01 2005-06-11-23.06.11.863773 R30-M0-N9-C:J16-U01 RAS KERNEL FATAL data TLB error interrupt
KERNDTLB 1118556372 2005.06.11 R30-M0-N9-C:J16-U01 2005-06-11-23.06.12.320079 R30-M0-N9-C:J16-U01 RAS KERNEL FATAL data TLB error interrupt
KERNDTLB 1118556372 2005.06.11 R30-M0-N9-C:J16-U01 2005-06-11-23.06.12.677879 R30-M0-N9-C:J16-U01 RAS KERNEL FATAL data TLB error interrupt
KERNDTLB 1118556373 2005.06.11 R30-M0-N9-C:J16-U01 2005-06-11-23.06.13.151637 R30-M0-N9-C:J16-U01 RAS KERNEL FATAL data TLB error interrupt
KERNDTLB 1118556373 2005.06.11 R30-M0-N9-C:J16-U01 2005-06-11-23.06.13.636225 R30-M0-N9-C:J16-U01 RAS KERNEL FATAL data TLB error interrupt
KERNDTLB 1118556374 2005.06.11 R30-M0-N9-C:J16-U01 2005-06-11-23.06.14.091738 R30-M0-N9-C:J16-U01 RAS KERNEL FATAL data TLB error interrupt
KERNDTLB 1118556374 2005.06.11 R30-M0-N9-C:J16-U01 2005-06-11-23.06.14.531073 R30-M0-N9-C:J16-U01 RAS KERNEL FATAL data TLB error interrupt
KERNDTLB 1118556374 2005.06.11 R30-M0-N9-C:J16-U01 2005-06-11-23.06.14.941249 R30-M0-N9-C:J16-U01 RAS KERNEL FATAL data TLB error interrupt
- 1118630568 2005.06.12 R05-M1-N4-I:J18-U11 2005-06-12-19.42.48.971567 R05-M1-N4-I:J18-U11 RAS KERNEL INFO ciod: for node 53, read continuation request but ioState is 0
- 1118630569 2005.06.12 R10-M1-N8-I:J18-U11 2005-06-12-19.42.49.297890 R10-M1-N8-I:J18-U11 RAS KERNEL INFO ciod: for node 46, read continuation request but ioState is 0
- 1118630569 2005.06.12 R14-M1-N8-I:J18-U11 2005-06-12-19.42.49.367486 R14-M1-N8-I:J18-U11 RAS KERNEL INFO ciod: for node 54, read continuation request but ioState is 0
- 1118630569 2005.06.12 R02-M1-NC-I:J18-U01 2005-06-12-19.42.49.425387 R02-M1-NC-I:J18-U01 RAS KERNEL INFO ciod: for node 13, read continuation request but ioState is 0
- 1118630569 2005.06.12 R14-M1-N4-I:J18-U11 2005-06-12-19.42.49.747463 R14-M1-N4-I:J18-U11 RAS KERNEL INFO ciod: for node 30, read continuation request but ioState is 0
- 1118630783 2005.06.12 R16-M1-N2-C:J17-U01 2005-06-12-19.46.23.277999 R16-M1-N2-C:J17-U01 RAS KERNEL INFO 1 ddr errors(s) detected and corrected on rank 0, symbol 2, bit 4
- 1118630783 2005.06.12 R16-M1-N2-C:J17-U01 2005-06-12-19.46.23.731463 R16-M1-N2-C:J17-U01 RAS KERNEL INFO total of 1 ddr error(s) detected and corrected
- 1118631125 2005.06.12 R13-M0-NA-C:J14-U01 2005-06-12-19.52.05.266566 R13-M0-NA-C:J14-U01 RAS KERNEL INFO 6392 L3 EDRAM error(s) (dcr 0x0157) detected and corrected
- 1118631345 2005.06.12 R30-M1-N4-C:J09-U11 2005-06-12-19.55.45.569513 R30-M1-N4-C:J09-U11 RAS KERNEL INFO generating core.6718
- 1118631345 2005.06.12 R33-M1-N7-C:J13-U01 2005-06-12-19.55.45.635780 R33-M1-N7-C:J13-U01 RAS KERNEL INFO generating core.12529
- 1118631345 2005.06.12 R33-M1-N7-C:J02-U11 2005-06-12-19.55.45.699928 R33-M1-N7-C:J02-U11 RAS KERNEL INFO generating core.12779
- 1118631345 2005.06.12 R36-M0-N5-C:J17-U11 2005-06-12-19.55.45.754721 R36-M0-N5-C:J17-U11 RAS KERNEL INFO generating core.8888
- 1118631345 2005.06.12 R36-M0-N5-C:J15-U01 2005-06-12-19.55.45.909173 R36-M0-N5-C:J15-U01 RAS KERNEL INFO generating core.944
- 1118631345 2005.06.12 R36-M0-N5-C:J07-U01 2005-06-12-19.55.45.985765 R36-M0-N5-C:J07-U01 RAS KERNEL INFO generating core.946
- 1118631346 2005.06.12 R36-M0-N5-C:J09-U01 2005-06-12-19.55.46.041894 R36-M0-N5-C:J09-U01 RAS KERNEL INFO generating core.690
- 1118631346 2005.06.12 R36-M0-N5-C:J14-U11 2005-06-12-19.55.46.098140 R36-M0-N5-C:J14-U11 RAS KERNEL INFO generating core.9128
- 1118631346 2005.06.12 R36-M0-N5-C:J12-U11 2005-06-12-19.55.46.163905 R36-M0-N5-C:J12-U11 RAS KERNEL INFO generating core.8873
- 1118631346 2005.06.12 R36-M0-N5-C:J06-U01 2005-06-12-19.55.46.228879 R36-M0-N5-C:J06-U01 RAS KERNEL INFO generating core.930
- 1118631346 2005.06.12 R33-M1-N6-C:J15-U11 2005-06-12-19.55.46.386183 R33-M1-N6-C:J15-U11 RAS KERNEL INFO generating core.4604
- 1118631346 2005.06.12 R33-M1-N6-C:J17-U01 2005-06-12-19.55.46.500260 R33-M1-N6-C:J17-U01 RAS KERNEL INFO generating core.4340
- 1118631346 2005.06.12 R33-M1-N6-C:J12-U11 2005-06-12-19.55.46.566436 R33-M1-N6-C:J12-U11 RAS KERNEL INFO generating core.12525
- 1118631346 2005.06.12 R33-M1-N6-C:J08-U01 2005-06-12-19.55.46.622214 R33-M1-N6-C:J08-U01 RAS KERNEL INFO generating core.12518
- 1118631346 2005.06.12 R33-M1-N6-C:J04-U11 2005-06-12-19.55.46.677683 R33-M1-N6-C:J04-U11 RAS KERNEL INFO generating core.12527
- 1118631346 2005.06.12 R36-M1-NF-C:J13-U11 2005-06-12-19.55.46.760154 R36-M1-NF-C:J13-U11 RAS KERNEL INFO generating core.14489
- 1118631346 2005.06.12 R36-M1-NF-C:J05-U01 2005-06-12-19.55.46.943561 R36-M1-NF-C:J05-U01 RAS KERNEL INFO generating core.14483
KERNSTOR 1118709656 2005.06.13 R11-M1-N1-C:J06-U01 2005-06-13-17.40.56.099477 R11-M1-N1-C:J06-U01 RAS KERNEL FATAL data storage interrupt
KERNSTOR 1118709656 2005.06.13 R11-M1-N1-C:J02-U11 2005-06-13-17.40.56.182662 R11-M1-N1-C:J02-U11 RAS KERNEL FATAL data storage interrupt
KERNSTOR 1118709656 2005.06.13 R00-M0-N3-C:J11-U11 2005-06-13-17.40.56.263642 R00-M0-N3-C:J11-U11 RAS KERNEL FATAL data storage interrupt
KERNSTOR 1118709656 2005.06.13 R00-M0-N3-C:J05-U01 2005-06-13-17.40.56.349504 R00-M0-N3-C:J05-U01 RAS KERNEL FATAL data storage interrupt
KERNSTOR 1118709656 2005.06.13 R00-M0-N3-C:J03-U11 2005-06-13-17.40.56.431150 R00-M0-N3-C:J03-U11 RAS KERNEL FATAL data storage interrupt
KERNSTOR 1118709656 2005.06.13 R00-M0-N3-C:J17-U01 2005-06-13-17.40.56.516709 R00-M0-N3-C:J17-U01 RAS KERNEL FATAL data storage interrupt
KERNSTOR 1118709656 2005.06.13 R00-M0-N3-C:J13-U01 2005-06-13-17.40.56.629509 R00-M0-N3-C:J13-U01 RAS KERNEL FATAL data storage interrupt
KERNSTOR 1118709656 2005.06.13 R00-M0-N3-C:J08-U11 2005-06-13-17.40.56.710571 R00-M0-N3-C:J08-U11 RAS KERNEL FATAL data storage interrupt
KERNSTOR 1118709656 2005.06.13 R00-M0-N3-C:J06-U11 2005-06-13-17.40.56.791992 R00-M0-N3-C:J06-U11 RAS KERNEL FATAL data storage interrupt
KERNSTOR 1118709656 2005.06.13 R00-M0-N3-C:J16-U01 2005-06-13-17.40.56.883051 R00-M0-N3-C:J16-U01 RAS KERNEL FATAL data storage interrupt
KERNSTOR 1118709656 2005.06.13 R00-M0-N3-C:J08-U01 2005-06-13-17.40.56.964407 R00-M0-N3-C:J08-U01 RAS KERNEL FATAL data storage interrupt
KERNSTOR 1118709657 2005.06.13 R00-M0-N3-C:J04-U11 2005-06-13-17.40.57.082664 R00-M0-N3-C:J04-U11 RAS KERNEL FATAL data storage interrupt
KERNSTOR 1118709657 2005.06.13 R00-M0-N9-C:J09-U11 2005-06-13-17.40.57.165188 R00-M0-N9-C:J09-U11 RAS KERNEL FATAL data storage interrupt
KERNSTOR 1118709657 2005.06.13 R00-M0-N9-C:J13-U11 2005-06-13-17.40.57.246936 R00-M0-N9-C:J13-U11 RAS KERNEL FATAL data storage interrupt
KERNSTOR 1118709657 2005.06.13 R00-M0-N9-C:J03-U01 2005-06-13-17.40.57.327851 R00-M0-N9-C:J03-U01 RAS KERNEL FATAL data storage interrupt
KERNSTOR 1118709657 2005.06.13 R00-M0-N9-C:J07-U11 2005-06-13-17.40.57.408943 R00-M0-N9-C:J07-U11 RAS KERNEL FATAL data storage interrupt
KERNSTOR 1118709657 2005.06.13 R00-M0-N9-C:J11-U01 2005-06-13-17.40.57.496431 R00-M0-N9-C:J11-U01 RAS KERNEL FATAL data storage interrupt
KERNSTOR 1118709657 2005.06.13 R00-M0-N9-C:J09-U01 2005-06-13-17.40.57.621697 R00-M0-N9-C:J09-U01 RAS KERNEL FATAL data storage interrupt
KERNSTOR 1118709657 2005.06.13 R00-M0-N9-C:J14-U11 2005-06-13-17.40.57.704006 R00-M0-N9-C:J14-U11 RAS KERNEL FATAL data storage interrupt
KERNSTOR 1118709657 2005.06.13 R00-M0-N9-C:J12-U11 2005-06-13-17.40.57.784903 R00-M0-N9-C:J12-U11 RAS KERNEL FATAL data storage interrupt
KERNSTOR 1118709657 2005.06.13 R00-M0-N9-C:J10-U01 2005-06-13-17.40.57.866353 R00-M0-N9-C:J10-U01 RAS KERNEL FATAL data storage interrupt
KERNSTOR 1118709657 2005.06.13 R00-M0-N9-C:J04-U01 2005-06-13-17.40.57.953770 R00-M0-N9-C:J04-U01 RAS KERNEL FATAL data storage interrupt
KERNSTOR 1118709658 2005.06.13 R00-M0-N9-C:J02-U01 2005-06-13-17.40.58.034834 R00-M0-N9-C:J02-U01 RAS KERNEL FATAL data storage interrupt
KERNSTOR 1118709658 2005.06.13 R02-M1-N1-C:J15-U11 2005-06-13-17.40.58.174396 R02-M1-N1-C:J15-U11 RAS KERNEL FATAL data storage interrupt
KERNSTOR 1118709658 2005.06.13 R02-M1-N1-C:J17-U11 2005-06-13-17.40.58.259124 R02-M1-N1-C:J17-U11 RAS KERNEL FATAL data storage interrupt
- 1118710138 2005.06.13 R06-M0-ND-C:J02-U11 2005-06-13-17.48.58.394773 R06-M0-ND-C:J02-U11 RAS KERNEL FATAL instruction address: 0x00004ed8
- 1118710138 2005.06.13 R02-M0-N5-C:J11-U11 2005-06-13-17.48.58.521150 R02-M0-N5-C:J11-U11 RAS KERNEL FATAL instruction address: 0x00004ed8
- 1118710138 2005.06.13 R02-M0-N5-C:J05-U01 2005-06-13-17.48.58.609731 R02-M0-N5-C:J05-U01 RAS KERNEL FATAL instruction address: 0x00004ed8
- 1118710138 2005.06.13 R02-M0-N5-C:J03-U11 2005-06-13-17.48.58.692632 R02-M0-N5-C:J03-U11 RAS KERNEL FATAL instruction address: 0x00004ed8
- 1118710138 2005.06.13 R02-M0-N5-C:J17-U01 2005-06-13-17.48.58.780323 R02-M0-N5-C:J17-U01 RAS KERNEL FATAL instruction address: 0x00004ed8
- 1118710138 2005.06.13 R02-M0-N5-C:J13-U01 2005-06-13-17.48.58.864015 R02-M0-N5-C:J13-U01 RAS KERNEL FATAL instruction address: 0x00004ed8
- 1118710138 2005.06.13 R02-M0-N5-C:J08-U11 2005-06-13-17.48.58.947972 R02-M0-N5-C:J08-U11 RAS KERNEL FATAL instruction address: 0x00004ed8
- 1118710139 2005.06.13 R02-M0-N5-C:J06-U11 2005-06-13-17.48.59.061039 R02-M0-N5-C:J06-U11 RAS KERNEL FATAL instruction address: 0x00004ed8
- 1118710139 2005.06.13 R02-M0-N5-C:J16-U01 2005-06-13-17.48.59.146172 R02-M0-N5-C:J16-U01 RAS KERNEL FATAL instruction address: 0x00004ed8
- 1118710139 2005.06.13 R02-M0-N5-C:J08-U01 2005-06-13-17.48.59.229879 R02-M0-N5-C:J08-U01 RAS KERNEL FATAL instruction address: 0x00004ed8
- 1118710139 2005.06.13 R02-M0-N5-C:J04-U11 2005-06-13-17.48.59.314533 R02-M0-N5-C:J04-U11 RAS KERNEL FATAL instruction address: 0x00004ed8
- 1118710139 2005.06.13 R02-M1-N5-C:J09-U11 2005-06-13-17.48.59.407170 R02-M1-N5-C:J09-U11 RAS KERNEL FATAL instruction address: 0x00004ed8
- 1118710139 2005.06.13 R02-M1-N5-C:J13-U11 2005-06-13-17.48.59.547026 R02-M1-N5-C:J13-U11 RAS KERNEL FATAL instruction address: 0x00004ed8
- 1118710139 2005.06.13 R02-M1-N5-C:J03-U01 2005-06-13-17.48.59.631113 R02-M1-N5-C:J03-U01 RAS KERNEL FATAL instruction address: 0x00004ed8
- 1118710139 2005.06.13 R02-M1-N5-C:J07-U11 2005-06-13-17.48.59.713765 R02-M1-N5-C:J07-U11 RAS KERNEL FATAL instruction address: 0x00004ed8
- 1118710139 2005.06.13 R02-M1-N5-C:J11-U01 2005-06-13-17.48.59.796472 R02-M1-N5-C:J11-U01 RAS KERNEL FATAL instruction address: 0x00004ed8
- 1118710139 2005.06.13 R02-M1-N5-C:J09-U01 2005-06-13-17.48.59.878572 R02-M1-N5-C:J09-U01 RAS KERNEL FATAL instruction address: 0x00004ed8
- 1118710139 2005.06.13 R02-M1-N5-C:J14-U11 2005-06-13-17.48.59.967476 R02-M1-N5-C:J14-U11 RAS KERNEL FATAL instruction address: 0x00004ed8
- 1118710140 2005.06.13 R02-M1-N5-C:J12-U11 2005-06-13-17.49.00.085108 R02-M1-N5-C:J12-U11 RAS KERNEL FATAL instruction address: 0x00004ed8
- 1118710140 2005.06.13 R02-M1-N5-C:J10-U01 2005-06-13-17.49.00.168911 R02-M1-N5-C:J10-U01 RAS KERNEL FATAL instruction address: 0x00004ed8
- 1118710140 2005.06.13 R02-M1-N5-C:J04-U01 2005-06-13-17.49.00.251185 R02-M1-N5-C:J04-U01 RAS KERNEL FATAL instruction address: 0x00004ed8
- 1118710140 2005.06.13 R02-M1-N5-C:J02-U01 2005-06-13-17.49.00.333651 R02-M1-N5-C:J02-U01 RAS KERNEL FATAL instruction address: 0x00004ed8
- 1118710140 2005.06.13 R01-M1-NF-C:J15-U11 2005-06-13-17.49.00.422700 R01-M1-NF-C:J15-U11 RAS KERNEL FATAL instruction address: 0x00004ed8
- 1118710140 2005.06.13 R01-M1-NF-C:J17-U11 2005-06-13-17.49.00.561676 R01-M1-NF-C:J17-U11 RAS KERNEL FATAL instruction address: 0x00004ed8
- 1118710140 2005.06.13 R01-M1-NF-C:J05-U11 2005-06-13-17.49.00.647384 R01-M1-NF-C:J05-U11 RAS KERNEL FATAL instruction address: 0x00004ed8
- 1118734958 2005.06.14 R24-M0-N6-C:J15-U11 2005-06-14-00.42.38.966935 R24-M0-N6-C:J15-U11 RAS KERNEL INFO generating core.3324
- 1118734959 2005.06.14 R24-M0-N6-C:J13-U11 2005-06-14-00.42.39.017125 R24-M0-N6-C:J13-U11 RAS KERNEL INFO generating core.3197
- 1118734959 2005.06.14 R24-M0-N6-C:J05-U11 2005-06-14-00.42.39.076992 R24-M0-N6-C:J05-U11 RAS KERNEL INFO generating core.3199
- 1118734959 2005.06.14 R24-M0-N6-C:J15-U01 2005-06-14-00.42.39.303060 R24-M0-N6-C:J15-U01 RAS KERNEL INFO generating core.3316
- 1118734959 2005.06.14 R24-M0-N6-C:J07-U01 2005-06-14-00.42.39.353113 R24-M0-N6-C:J07-U01 RAS KERNEL INFO generating core.3318
- 1118734959 2005.06.14 R24-M0-N6-C:J16-U11 2005-06-14-00.42.39.413118 R24-M0-N6-C:J16-U11 RAS KERNEL INFO generating core.3180
- 1118734959 2005.06.14 R24-M0-N6-C:J14-U11 2005-06-14-00.42.39.464693 R24-M0-N6-C:J14-U11 RAS KERNEL INFO generating core.7404
- 1118734959 2005.06.14 R24-M0-N6-C:J12-U11 2005-06-14-00.42.39.524294 R24-M0-N6-C:J12-U11 RAS KERNEL INFO generating core.3181
- 1118734959 2005.06.14 R24-M0-N6-C:J16-U01 2005-06-14-00.42.39.574127 R24-M0-N6-C:J16-U01 RAS KERNEL INFO generating core.3172
- 1118734959 2005.06.14 R24-M0-N6-C:J10-U01 2005-06-14-00.42.39.783546 R24-M0-N6-C:J10-U01 RAS KERNEL INFO generating core.7397
- 1118734959 2005.06.14 R24-M0-N6-C:J04-U01 2005-06-14-00.42.39.839406 R24-M0-N6-C:J04-U01 RAS KERNEL INFO generating core.7271
- 1118734959 2005.06.14 R24-M0-N6-C:J02-U11 2005-06-14-00.42.39.899046 R24-M0-N6-C:J02-U11 RAS KERNEL INFO generating core.7407
- 1118734959 2005.06.14 R24-M0-N9-C:J13-U11 2005-06-14-00.42.39.958775 R24-M0-N9-C:J13-U11 RAS KERNEL INFO generating core.3929
- 1118734960 2005.06.14 R24-M0-N9-C:J03-U11 2005-06-14-00.42.40.020638 R24-M0-N9-C:J03-U11 RAS KERNEL INFO generating core.8155
- 1118734960 2005.06.14 R24-M0-N9-C:J11-U01 2005-06-14-00.42.40.085541 R24-M0-N9-C:J11-U01 RAS KERNEL INFO generating core.4049
- 1118734960 2005.06.14 R24-M0-N9-C:J09-U01 2005-06-14-00.42.40.313759 R24-M0-N9-C:J09-U01 RAS KERNEL INFO generating core.8018
- 1118734960 2005.06.14 R24-M0-N9-C:J10-U11 2005-06-14-00.42.40.366051 R24-M0-N9-C:J10-U11 RAS KERNEL INFO generating core.4041
- 1118734960 2005.06.14 R24-M0-N9-C:J12-U11 2005-06-14-00.42.40.416440 R24-M0-N9-C:J12-U11 RAS KERNEL INFO generating core.3913
- 1118734960 2005.06.14 R24-M0-N9-C:J10-U01 2005-06-14-00.42.40.458372 R24-M0-N9-C:J10-U01 RAS KERNEL INFO generating core.8129
- 1118734960 2005.06.14 R24-M0-N9-C:J08-U01 2005-06-14-00.42.40.517507 R24-M0-N9-C:J08-U01 RAS KERNEL INFO generating core.3906
- 1118734960 2005.06.14 R24-M0-N9-C:J02-U01 2005-06-14-00.42.40.569986 R24-M0-N9-C:J02-U01 RAS KERNEL INFO generating core.4035
- 1118734960 2005.06.14 R24-M1-N6-C:J09-U11 2005-06-14-00.42.40.624944 R24-M1-N6-C:J09-U11 RAS KERNEL INFO generating core.4222
- 1118734960 2005.06.14 R24-M1-N6-C:J13-U11 2005-06-14-00.42.40.847985 R24-M1-N6-C:J13-U11 RAS KERNEL INFO generating core.125
- 1118734960 2005.06.14 R24-M1-N6-C:J17-U01 2005-06-14-00.42.40.912430 R24-M1-N6-C:J17-U01 RAS KERNEL INFO generating core.4212
- 1118734960 2005.06.14 R24-M1-N6-C:J16-U11 2005-06-14-00.42.40.974462 R24-M1-N6-C:J16-U11 RAS KERNEL INFO generating core.108
KERNSTOR 1118765397 2005.06.14 R03-M0-N5-C:J07-U01 2005-06-14-09.09.57.736427 R03-M0-N5-C:J07-U01 RAS KERNEL FATAL data storage interrupt
KERNSTOR 1118765397 2005.06.14 R03-M0-N5-C:J16-U11 2005-06-14-09.09.57.870870 R03-M0-N5-C:J16-U11 RAS KERNEL FATAL data storage interrupt
KERNSTOR 1118765397 2005.06.14 R03-M0-N5-C:J10-U11 2005-06-14-09.09.57.963950 R03-M0-N5-C:J10-U11 RAS KERNEL FATAL data storage interrupt
KERNSTOR 1118765398 2005.06.14 R03-M0-N5-C:J14-U01 2005-06-14-09.09.58.046855 R03-M0-N5-C:J14-U01 RAS KERNEL FATAL data storage interrupt
KERNSTOR 1118765398 2005.06.14 R03-M0-N5-C:J12-U01 2005-06-14-09.09.58.130450 R03-M0-N5-C:J12-U01 RAS KERNEL FATAL data storage interrupt
KERNSTOR 1118765398 2005.06.14 R03-M0-N5-C:J06-U01 2005-06-14-09.09.58.212752 R03-M0-N5-C:J06-U01 RAS KERNEL FATAL data storage interrupt
KERNSTOR 1118765398 2005.06.14 R03-M0-N5-C:J02-U11 2005-06-14-09.09.58.310522 R03-M0-N5-C:J02-U11 RAS KERNEL FATAL data storage interrupt
KERNSTOR 1118765398 2005.06.14 R07-M0-N5-C:J11-U11 2005-06-14-09.09.58.413030 R07-M0-N5-C:J11-U11 RAS KERNEL FATAL data storage interrupt
KERNSTOR 1118765398 2005.06.14 R07-M0-N5-C:J05-U01 2005-06-14-09.09.58.525002 R07-M0-N5-C:J05-U01 RAS KERNEL FATAL data storage interrupt
KERNSTOR 1118765398 2005.06.14 R07-M0-N5-C:J03-U11 2005-06-14-09.09.58.614685 R07-M0-N5-C:J03-U11 RAS KERNEL FATAL data storage interrupt
KERNSTOR 1118765398 2005.06.14 R07-M0-N5-C:J17-U01 2005-06-14-09.09.58.700040 R07-M0-N5-C:J17-U01 RAS KERNEL FATAL data storage interrupt
KERNSTOR 1118765398 2005.06.14 R07-M0-N5-C:J13-U01 2005-06-14-09.09.58.782810 R07-M0-N5-C:J13-U01 RAS KERNEL FATAL data storage interrupt
KERNSTOR 1118765398 2005.06.14 R07-M0-N5-C:J08-U11 2005-06-14-09.09.58.916032 R07-M0-N5-C:J08-U11 RAS KERNEL FATAL data storage interrupt
KERNSTOR 1118765399 2005.06.14 R07-M0-N5-C:J06-U11 2005-06-14-09.09.59.027432 R07-M0-N5-C:J06-U11 RAS KERNEL FATAL data storage interrupt
KERNSTOR 1118765399 2005.06.14 R07-M0-N5-C:J16-U01 2005-06-14-09.09.59.115805 R07-M0-N5-C:J16-U01 RAS KERNEL FATAL data storage interrupt
KERNSTOR 1118765399 2005.06.14 R07-M0-N5-C:J08-U01 2005-06-14-09.09.59.197708 R07-M0-N5-C:J08-U01 RAS KERNEL FATAL data storage interrupt
KERNSTOR 1118765399 2005.06.14 R07-M0-N5-C:J04-U11 2005-06-14-09.09.59.280067 R07-M0-N5-C:J04-U11 RAS KERNEL FATAL data storage interrupt
KERNSTOR 1118765399 2005.06.14 R07-M0-N3-C:J09-U11 2005-06-14-09.09.59.400035 R07-M0-N3-C:J09-U11 RAS KERNEL FATAL data storage interrupt
KERNSTOR 1118765399 2005.06.14 R07-M0-N3-C:J13-U11 2005-06-14-09.09.59.482363 R07-M0-N3-C:J13-U11 RAS KERNEL FATAL data storage interrupt
KERNSTOR 1118765399 2005.06.14 R07-M0-N3-C:J03-U01 2005-06-14-09.09.59.564126 R07-M0-N3-C:J03-U01 RAS KERNEL FATAL data storage interrupt
KERNSTOR 1118765399 2005.06.14 R07-M0-N3-C:J07-U11 2005-06-14-09.09.59.650537 R07-M0-N3-C:J07-U11 RAS KERNEL FATAL data storage interrupt
KERNSTOR 1118765399 2005.06.14 R07-M0-N3-C:J11-U01 2005-06-14-09.09.59.732425 R07-M0-N3-C:J11-U01 RAS KERNEL FATAL data storage interrupt
KERNSTOR 1118765399 2005.06.14 R07-M0-N3-C:J09-U01 2005-06-14-09.09.59.815213 R07-M0-N3-C:J09-U01 RAS KERNEL FATAL data storage interrupt
KERNSTOR 1118765399 2005.06.14 R07-M0-N3-C:J14-U11 2005-06-14-09.09.59.938904 R07-M0-N3-C:J14-U11 RAS KERNEL FATAL data storage interrupt
KERNSTOR 1118765400 2005.06.14 R07-M0-N3-C:J12-U11 2005-06-14-09.10.00.029241 R07-M0-N3-C:J12-U11 RAS KERNEL FATAL data storage interrupt
- 1118765893 2005.06.14 R02-M0-N7-C:J16-U11 2005-06-14-09.18.13.590867 R02-M0-N7-C:J16-U11 RAS KERNEL FATAL instruction address: 0x00004ed8
- 1118765893 2005.06.14 R02-M0-N7-C:J10-U11 2005-06-14-09.18.13.687376 R02-M0-N7-C:J10-U11 RAS KERNEL FATAL instruction address: 0x00004ed8
- 1118765893 2005.06.14 R02-M0-N7-C:J14-U01 2005-06-14-09.18.13.788034 R02-M0-N7-C:J14-U01 RAS KERNEL FATAL instruction address: 0x00004ed8
- 1118765893 2005.06.14 R02-M0-N7-C:J12-U01 2005-06-14-09.18.13.866351 R02-M0-N7-C:J12-U01 RAS KERNEL FATAL instruction address: 0x00004ed8
- 1118765893 2005.06.14 R02-M0-N7-C:J06-U01 2005-06-14-09.18.13.956463 R02-M0-N7-C:J06-U01 RAS KERNEL FATAL instruction address: 0x00004ed8
- 1118765894 2005.06.14 R02-M0-N7-C:J02-U11 2005-06-14-09.18.14.072526 R02-M0-N7-C:J02-U11 RAS KERNEL FATAL instruction address: 0x00004ed8
- 1118765894 2005.06.14 R06-M0-NB-C:J11-U11 2005-06-14-09.18.14.162093 R06-M0-NB-C:J11-U11 RAS KERNEL FATAL instruction address: 0x00004ed8
- 1118765894 2005.06.14 R06-M0-NB-C:J05-U01 2005-06-14-09.18.14.249269 R06-M0-NB-C:J05-U01 RAS KERNEL FATAL instruction address: 0x00004ed8
- 1118765894 2005.06.14 R06-M0-NB-C:J03-U11 2005-06-14-09.18.14.328969 R06-M0-NB-C:J03-U11 RAS KERNEL FATAL instruction address: 0x00004ed8
- 1118765894 2005.06.14 R06-M0-NB-C:J17-U01 2005-06-14-09.18.14.408901 R06-M0-NB-C:J17-U01 RAS KERNEL FATAL instruction address: 0x00004ed8
- 1118765894 2005.06.14 R06-M0-NB-C:J13-U01 2005-06-14-09.18.14.488365 R06-M0-NB-C:J13-U01 RAS KERNEL FATAL instruction address: 0x00004ed8
- 1118765894 2005.06.14 R06-M0-NB-C:J08-U11 2005-06-14-09.18.14.612788 R06-M0-NB-C:J08-U11 RAS KERNEL FATAL instruction address: 0x00004ed8
- 1118765894 2005.06.14 R06-M0-NB-C:J06-U11 2005-06-14-09.18.14.693464 R06-M0-NB-C:J06-U11 RAS KERNEL FATAL instruction address: 0x00004ed8
- 1118765894 2005.06.14 R06-M0-NB-C:J16-U01 2005-06-14-09.18.14.785470 R06-M0-NB-C:J16-U01 RAS KERNEL FATAL instruction address: 0x00004ed8
- 1118765894 2005.06.14 R06-M0-NB-C:J08-U01 2005-06-14-09.18.14.870532 R06-M0-NB-C:J08-U01 RAS KERNEL FATAL instruction address: 0x00004ed8
- 1118765894 2005.06.14 R06-M0-NB-C:J04-U11 2005-06-14-09.18.14.953252 R06-M0-NB-C:J04-U11 RAS KERNEL FATAL instruction address: 0x00004ed8
- 1118765895 2005.06.14 R06-M0-NE-C:J09-U11 2005-06-14-09.18.15.100970 R06-M0-NE-C:J09-U11 RAS KERNEL FATAL instruction address: 0x00004ed8
- 1118765895 2005.06.14 R06-M0-NE-C:J13-U11 2005-06-14-09.18.15.184267 R06-M0-NE-C:J13-U11 RAS KERNEL FATAL instruction address: 0x00004ed8
- 1118765895 2005.06.14 R06-M0-NE-C:J03-U01 2005-06-14-09.18.15.269510 R06-M0-NE-C:J03-U01 RAS KERNEL FATAL instruction address: 0x00004ed8
- 1118765895 2005.06.14 R06-M0-NE-C:J07-U11 2005-06-14-09.18.15.353328 R06-M0-NE-C:J07-U11 RAS KERNEL FATAL instruction address: 0x00004ed8
- 1118765895 2005.06.14 R06-M0-NE-C:J11-U01 2005-06-14-09.18.15.437823 R06-M0-NE-C:J11-U01 RAS KERNEL FATAL instruction address: 0x00004ed8
- 1118765895 2005.06.14 R06-M0-NE-C:J09-U01 2005-06-14-09.18.15.523815 R06-M0-NE-C:J09-U01 RAS KERNEL FATAL instruction address: 0x00004ed8
- 1118765895 2005.06.14 R06-M0-NE-C:J14-U11 2005-06-14-09.18.15.641450 R06-M0-NE-C:J14-U11 RAS KERNEL FATAL instruction address: 0x00004ed8
- 1118765895 2005.06.14 R06-M0-NE-C:J12-U11 2005-06-14-09.18.15.724607 R06-M0-NE-C:J12-U11 RAS KERNEL FATAL instruction address: 0x00004ed8
- 1118765895 2005.06.14 R06-M0-NE-C:J10-U01 2005-06-14-09.18.15.809124 R06-M0-NE-C:J10-U01 RAS KERNEL FATAL instruction address: 0x00004ed8
- 1118766892 2005.06.14 R25-M1-N5-C:J09-U01 2005-06-14-09.34.52.541331 R25-M1-N5-C:J09-U01 RAS KERNEL FATAL instruction address: 0x00004ed8
- 1118766892 2005.06.14 R25-M1-N5-C:J14-U11 2005-06-14-09.34.52.645236 R25-M1-N5-C:J14-U11 RAS KERNEL FATAL instruction address: 0x00004ed8
- 1118766892 2005.06.14 R25-M1-N5-C:J12-U11 2005-06-14-09.34.52.721090 R25-M1-N5-C:J12-U11 RAS KERNEL FATAL instruction address: 0x00004ed8
- 1118766892 2005.06.14 R25-M1-N5-C:J10-U01 2005-06-14-09.34.52.793823 R25-M1-N5-C:J10-U01 RAS KERNEL FATAL instruction address: 0x00004ed8
- 1118766892 2005.06.14 R25-M1-N5-C:J04-U01 2005-06-14-09.34.52.959026 R25-M1-N5-C:J04-U01 RAS KERNEL FATAL instruction address: 0x00004ed8
- 1118766893 2005.06.14 R25-M1-N5-C:J02-U01 2005-06-14-09.34.53.040124 R25-M1-N5-C:J02-U01 RAS KERNEL FATAL instruction address: 0x00004ed8
- 1118766893 2005.06.14 R25-M0-N5-C:J15-U11 2005-06-14-09.34.53.156234 R25-M0-N5-C:J15-U11 RAS KERNEL FATAL instruction address: 0x00004ed8
- 1118766893 2005.06.14 R25-M0-N5-C:J17-U11 2005-06-14-09.34.53.227327 R25-M0-N5-C:J17-U11 RAS KERNEL FATAL instruction address: 0x00004ed8
- 1118766893 2005.06.14 R25-M0-N5-C:J05-U11 2005-06-14-09.34.53.300112 R25-M0-N5-C:J05-U11 RAS KERNEL FATAL instruction address: 0x00004ed8
- 1118766893 2005.06.14 R25-M0-N5-C:J15-U01 2005-06-14-09.34.53.457695 R25-M0-N5-C:J15-U01 RAS KERNEL FATAL instruction address: 0x00004ed8
- 1118766893 2005.06.14 R25-M0-N5-C:J07-U01 2005-06-14-09.34.53.531281 R25-M0-N5-C:J07-U01 RAS KERNEL FATAL instruction address: 0x00004ed8
- 1118766893 2005.06.14 R25-M0-N5-C:J16-U11 2005-06-14-09.34.53.640888 R25-M0-N5-C:J16-U11 RAS KERNEL FATAL instruction address: 0x00004ed8
- 1118766893 2005.06.14 R25-M0-N5-C:J10-U11 2005-06-14-09.34.53.719584 R25-M0-N5-C:J10-U11 RAS KERNEL FATAL instruction address: 0x00004ed8
- 1118766893 2005.06.14 R25-M0-N5-C:J14-U01 2005-06-14-09.34.53.817150 R25-M0-N5-C:J14-U01 RAS KERNEL FATAL instruction address: 0x00004ed8
- 1118766894 2005.06.14 R25-M0-N5-C:J12-U01 2005-06-14-09.34.54.004634 R25-M0-N5-C:J12-U01 RAS KERNEL FATAL instruction address: 0x00004ed8
- 1118766894 2005.06.14 R25-M0-N5-C:J06-U01 2005-06-14-09.34.54.076605 R25-M0-N5-C:J06-U01 RAS KERNEL FATAL instruction address: 0x00004ed8
- 1118766894 2005.06.14 R25-M0-N5-C:J02-U11 2005-06-14-09.34.54.198853 R25-M0-N5-C:J02-U11 RAS KERNEL FATAL instruction address: 0x00004ed8
- 1118766894 2005.06.14 R25-M0-NE-C:J11-U11 2005-06-14-09.34.54.279515 R25-M0-NE-C:J11-U11 RAS KERNEL FATAL instruction address: 0x00004ed8
- 1118766894 2005.06.14 R25-M0-NE-C:J05-U01 2005-06-14-09.34.54.349890 R25-M0-NE-C:J05-U01 RAS KERNEL FATAL instruction address: 0x00004ed8
- 1118766894 2005.06.14 R25-M0-NE-C:J03-U11 2005-06-14-09.34.54.530887 R25-M0-NE-C:J03-U11 RAS KERNEL FATAL instruction address: 0x00004ed8
- 1118766894 2005.06.14 R25-M0-NE-C:J17-U01 2005-06-14-09.34.54.601343 R25-M0-NE-C:J17-U01 RAS KERNEL FATAL instruction address: 0x00004ed8
- 1118766894 2005.06.14 R25-M0-NE-C:J13-U01 2005-06-14-09.34.54.709232 R25-M0-NE-C:J13-U01 RAS KERNEL FATAL instruction address: 0x00004ed8
- 1118766894 2005.06.14 R25-M0-NE-C:J08-U11 2005-06-14-09.34.54.778905 R25-M0-NE-C:J08-U11 RAS KERNEL FATAL instruction address: 0x00004ed8
- 1118766894 2005.06.14 R25-M0-NE-C:J06-U11 2005-06-14-09.34.54.849600 R25-M0-NE-C:J06-U11 RAS KERNEL FATAL instruction address: 0x00004ed8
- 1118766895 2005.06.14 R25-M0-NE-C:J16-U01 2005-06-14-09.34.55.018096 R25-M0-NE-C:J16-U01 RAS KERNEL FATAL instruction address: 0x00004ed8
- 1118767394 2005.06.14 R21-M1-N1-C:J14-U11 2005-06-14-09.43.14.367958 R21-M1-N1-C:J14-U11 RAS KERNEL FATAL program interrupt: illegal instruction......0
- 1118767394 2005.06.14 R21-M1-N1-C:J12-U11 2005-06-14-09.43.14.443562 R21-M1-N1-C:J12-U11 RAS KERNEL FATAL program interrupt: illegal instruction......0
- 1118767394 2005.06.14 R21-M1-N1-C:J10-U01 2005-06-14-09.43.14.515942 R21-M1-N1-C:J10-U01 RAS KERNEL FATAL program interrupt: illegal instruction......0
- 1118767394 2005.06.14 R21-M1-N1-C:J04-U01 2005-06-14-09.43.14.660698 R21-M1-N1-C:J04-U01 RAS KERNEL FATAL program interrupt: illegal instruction......0
- 1118767394 2005.06.14 R21-M1-N1-C:J02-U01 2005-06-14-09.43.14.761598 R21-M1-N1-C:J02-U01 RAS KERNEL FATAL program interrupt: illegal instruction......0
- 1118767394 2005.06.14 R21-M1-N3-C:J15-U11 2005-06-14-09.43.14.828985 R21-M1-N3-C:J15-U11 RAS KERNEL FATAL program interrupt: illegal instruction......0
- 1118767394 2005.06.14 R21-M1-N3-C:J17-U11 2005-06-14-09.43.14.895971 R21-M1-N3-C:J17-U11 RAS KERNEL FATAL program interrupt: illegal instruction......0
- 1118767394 2005.06.14 R21-M1-N3-C:J05-U11 2005-06-14-09.43.14.967473 R21-M1-N3-C:J05-U11 RAS KERNEL FATAL program interrupt: illegal instruction......0
- 1118767395 2005.06.14 R21-M1-N3-C:J15-U01 2005-06-14-09.43.15.033430 R21-M1-N3-C:J15-U01 RAS KERNEL FATAL program interrupt: illegal instruction......0
- 1118767395 2005.06.14 R21-M1-N3-C:J07-U01 2005-06-14-09.43.15.174750 R21-M1-N3-C:J07-U01 RAS KERNEL FATAL program interrupt: illegal instruction......0
- 1118767395 2005.06.14 R21-M1-N3-C:J16-U11 2005-06-14-09.43.15.292080 R21-M1-N3-C:J16-U11 RAS KERNEL FATAL program interrupt: illegal instruction......0
- 1118767395 2005.06.14 R21-M1-N3-C:J10-U11 2005-06-14-09.43.15.359819 R21-M1-N3-C:J10-U11 RAS KERNEL FATAL program interrupt: illegal instruction......0
- 1118767395 2005.06.14 R21-M1-N3-C:J14-U01 2005-06-14-09.43.15.433020 R21-M1-N3-C:J14-U01 RAS KERNEL FATAL program interrupt: illegal instruction......0
- 1118767395 2005.06.14 R21-M1-N3-C:J12-U01 2005-06-14-09.43.15.500499 R21-M1-N3-C:J12-U01 RAS KERNEL FATAL program interrupt: illegal instruction......0
- 1118767395 2005.06.14 R21-M1-N3-C:J06-U01 2005-06-14-09.43.15.566960 R21-M1-N3-C:J06-U01 RAS KERNEL FATAL program interrupt: illegal instruction......0
- 1118767395 2005.06.14 R21-M1-N3-C:J02-U11 2005-06-14-09.43.15.763951 R21-M1-N3-C:J02-U11 RAS KERNEL FATAL program interrupt: illegal instruction......0
- 1118767395 2005.06.14 R21-M1-NA-C:J11-U11 2005-06-14-09.43.15.839139 R21-M1-NA-C:J11-U11 RAS KERNEL FATAL program interrupt: illegal instruction......0
- 1118767395 2005.06.14 R21-M1-NA-C:J05-U01 2005-06-14-09.43.15.908615 R21-M1-NA-C:J05-U01 RAS KERNEL FATAL program interrupt: illegal instruction......0
- 1118767395 2005.06.14 R21-M1-NA-C:J03-U11 2005-06-14-09.43.15.977742 R21-M1-NA-C:J03-U11 RAS KERNEL FATAL program interrupt: illegal instruction......0
- 1118767396 2005.06.14 R21-M1-NA-C:J17-U01 2005-06-14-09.43.16.211253 R21-M1-NA-C:J17-U01 RAS KERNEL FATAL program interrupt: illegal instruction......0
- 1118767396 2005.06.14 R21-M1-NA-C:J13-U01 2005-06-14-09.43.16.321362 R21-M1-NA-C:J13-U01 RAS KERNEL FATAL program interrupt: illegal instruction......0
- 1118767396 2005.06.14 R21-M1-NA-C:J08-U11 2005-06-14-09.43.16.401779 R21-M1-NA-C:J08-U11 RAS KERNEL FATAL program interrupt: illegal instruction......0
- 1118767396 2005.06.14 R21-M1-NA-C:J06-U11 2005-06-14-09.43.16.467585 R21-M1-NA-C:J06-U11 RAS KERNEL FATAL program interrupt: illegal instruction......0
- 1118767396 2005.06.14 R21-M1-NA-C:J16-U01 2005-06-14-09.43.16.532365 R21-M1-NA-C:J16-U01 RAS KERNEL FATAL program interrupt: illegal instruction......0
- 1118767396 2005.06.14 R21-M1-NA-C:J08-U01 2005-06-14-09.43.16.596752 R21-M1-NA-C:J08-U01 RAS KERNEL FATAL program interrupt: illegal instruction......0
KERNSTOR 1118767963 2005.06.14 R24-M0-NA-C:J07-U11 2005-06-14-09.52.43.249920 R24-M0-NA-C:J07-U11 RAS KERNEL FATAL data storage interrupt
KERNSTOR 1118767963 2005.06.14 R07-M0-N5-C:J17-U11 2005-06-14-09.52.43.281455 R07-M0-N5-C:J17-U11 RAS KERNEL FATAL data storage interrupt
KERNSTOR 1118767963 2005.06.14 R24-M0-NA-C:J11-U01 2005-06-14-09.52.43.319182 R24-M0-NA-C:J11-U01 RAS KERNEL FATAL data storage interrupt
KERNSTOR 1118767963 2005.06.14 R24-M0-NA-C:J13-U01 2005-06-14-09.52.43.369680 R24-M0-NA-C:J13-U01 RAS KERNEL FATAL data storage interrupt
KERNSTOR 1118767963 2005.06.14 R07-M0-N5-C:J03-U11 2005-06-14-09.52.43.405191 R07-M0-N5-C:J03-U11 RAS KERNEL FATAL data storage interrupt
KERNSTOR 1118767963 2005.06.14 R07-M0-N5-C:J07-U11 2005-06-14-09.52.43.485196 R07-M0-N5-C:J07-U11 RAS KERNEL FATAL data storage interrupt
KERNSTOR 1118767963 2005.06.14 R24-M0-NA-C:J10-U11 2005-06-14-09.52.43.526204 R24-M0-NA-C:J10-U11 RAS KERNEL FATAL data storage interrupt
KERNSTOR 1118767963 2005.06.14 R24-M0-NA-C:J12-U11 2005-06-14-09.52.43.572088 R24-M0-NA-C:J12-U11 RAS KERNEL FATAL data storage interrupt
KERNSTOR 1118767963 2005.06.14 R07-M0-N5-C:J07-U01 2005-06-14-09.52.43.607644 R07-M0-N5-C:J07-U01 RAS KERNEL FATAL data storage interrupt
KERNSTOR 1118767963 2005.06.14 R24-M0-NA-C:J10-U01 2005-06-14-09.52.43.640743 R24-M0-NA-C:J10-U01 RAS KERNEL FATAL data storage interrupt
KERNSTOR 1118767963 2005.06.14 R24-M0-NA-C:J08-U01 2005-06-14-09.52.43.686256 R24-M0-NA-C:J08-U01 RAS KERNEL FATAL data storage interrupt
KERNSTOR 1118767963 2005.06.14 R07-M0-N5-C:J08-U11 2005-06-14-09.52.43.718161 R07-M0-N5-C:J08-U11 RAS KERNEL FATAL data storage interrupt
KERNSTOR 1118767963 2005.06.14 R24-M0-NA-C:J04-U11 2005-06-14-09.52.43.757734 R24-M0-NA-C:J04-U11 RAS KERNEL FATAL data storage interrupt
KERNSTOR 1118767963 2005.06.14 R24-M0-NA-C:J02-U11 2005-06-14-09.52.43.804396 R24-M0-NA-C:J02-U11 RAS KERNEL FATAL data storage interrupt
KERNSTOR 1118767963 2005.06.14 R07-M0-N5-C:J12-U11 2005-06-14-09.52.43.838763 R07-M0-N5-C:J12-U11 RAS KERNEL FATAL data storage interrupt
KERNSTOR 1118767963 2005.06.14 R24-M1-N9-C:J11-U11 2005-06-14-09.52.43.874435 R24-M1-N9-C:J11-U11 RAS KERNEL FATAL data storage interrupt
KERNSTOR 1118767963 2005.06.14 R24-M1-N9-C:J17-U11 2005-06-14-09.52.43.919792 R24-M1-N9-C:J17-U11 RAS KERNEL FATAL data storage interrupt
KERNSTOR 1118767963 2005.06.14 R07-M0-N5-C:J12-U01 2005-06-14-09.52.43.996724 R07-M0-N5-C:J12-U01 RAS KERNEL FATAL data storage interrupt
KERNSTOR 1118767964 2005.06.14 R24-M1-N9-C:J05-U11 2005-06-14-09.52.44.040068 R24-M1-N9-C:J05-U11 RAS KERNEL FATAL data storage interrupt
KERNSTOR 1118767964 2005.06.14 R24-M1-N9-C:J07-U11 2005-06-14-09.52.44.087371 R24-M1-N9-C:J07-U11 RAS KERNEL FATAL data storage interrupt
KERNSTOR 1118767964 2005.06.14 R07-M0-N5-C:J04-U11 2005-06-14-09.52.44.117947 R07-M0-N5-C:J04-U11 RAS KERNEL FATAL data storage interrupt
KERNSTOR 1118767964 2005.06.14 R24-M1-N9-C:J11-U01 2005-06-14-09.52.44.156806 R24-M1-N9-C:J11-U01 RAS KERNEL FATAL data storage interrupt
KERNSTOR 1118767964 2005.06.14 R07-M0-N3-C:J09-U11 2005-06-14-09.52.44.199340 R07-M0-N3-C:J09-U11 RAS KERNEL FATAL data storage interrupt
KERNSTOR 1118767964 2005.06.14 R24-M1-N9-C:J09-U01 2005-06-14-09.52.44.230359 R24-M1-N9-C:J09-U01 RAS KERNEL FATAL data storage interrupt
KERNSTOR 1118767964 2005.06.14 R24-M1-N9-C:J08-U11 2005-06-14-09.52.44.278402 R24-M1-N9-C:J08-U11 RAS KERNEL FATAL data storage interrupt
KERNSTOR 1118768184 2005.06.14 R05-M1-N0-C:J16-U01 2005-06-14-09.56.24.710917 R05-M1-N0-C:J16-U01 RAS KERNEL FATAL data storage interrupt
- 1118768184 2005.06.14 R24-M0-NA-C:J12-U01 2005-06-14-09.56.24.747163 R24-M0-NA-C:J12-U01 RAS KERNEL FATAL data address: 0x00000002
KERNSTOR 1118768184 2005.06.14 R05-M1-N0-C:J08-U01 2005-06-14-09.56.24.831339 R05-M1-N0-C:J08-U01 RAS KERNEL FATAL data storage interrupt
- 1118768184 2005.06.14 R24-M0-NA-C:J06-U01 2005-06-14-09.56.24.869224 R24-M0-NA-C:J06-U01 RAS KERNEL FATAL data address: 0x00000002
- 1118768184 2005.06.14 R24-M0-NA-C:J02-U01 2005-06-14-09.56.24.916027 R24-M0-NA-C:J02-U01 RAS KERNEL FATAL data address: 0x00000002
KERNSTOR 1118768184 2005.06.14 R05-M1-N0-C:J02-U01 2005-06-14-09.56.24.948690 R05-M1-N0-C:J02-U01 RAS KERNEL FATAL data storage interrupt
- 1118768184 2005.06.14 R24-M1-N9-C:J15-U11 2005-06-14-09.56.24.983792 R24-M1-N9-C:J15-U11 RAS KERNEL FATAL data address: 0x00000002
- 1118768185 2005.06.14 R24-M1-N9-C:J13-U11 2005-06-14-09.56.25.031413 R24-M1-N9-C:J13-U11 RAS KERNEL FATAL data address: 0x00000002
KERNSTOR 1118768185 2005.06.14 R05-M0-N8-C:J11-U11 2005-06-14-09.56.25.063157 R05-M0-N8-C:J11-U11 RAS KERNEL FATAL data storage interrupt
- 1118768185 2005.06.14 R24-M1-N9-C:J03-U01 2005-06-14-09.56.25.099540 R24-M1-N9-C:J03-U01 RAS KERNEL FATAL data address: 0x00000002
- 1118768185 2005.06.14 R24-M1-N9-C:J03-U11 2005-06-14-09.56.25.146390 R24-M1-N9-C:J03-U11 RAS KERNEL FATAL data address: 0x00000002
KERNSTOR 1118768185 2005.06.14 R05-M0-N8-C:J03-U01 2005-06-14-09.56.25.174325 R05-M0-N8-C:J03-U01 RAS KERNEL FATAL data storage interrupt
- 1118768185 2005.06.14 R24-M1-N9-C:J17-U01 2005-06-14-09.56.25.215282 R24-M1-N9-C:J17-U01 RAS KERNEL FATAL data address: 0x00000002
KERNSTOR 1118768185 2005.06.14 R05-M0-N8-C:J07-U11 2005-06-14-09.56.25.255926 R05-M0-N8-C:J07-U11 RAS KERNEL FATAL data storage interrupt
KERNSTOR 1118768185 2005.06.14 R05-M0-N8-C:J15-U01 2005-06-14-09.56.25.343838 R05-M0-N8-C:J15-U01 RAS KERNEL FATAL data storage interrupt
KERNSTOR 1118768185 2005.06.14 R05-M0-N8-C:J17-U01 2005-06-14-09.56.25.381463 R05-M0-N8-C:J17-U01 RAS KERNEL FATAL data storage interrupt
- 1118768185 2005.06.14 R24-M1-N9-C:J14-U11 2005-06-14-09.56.25.425969 R24-M1-N9-C:J14-U11 RAS KERNEL FATAL data address: 0x00000002
KERNSTOR 1118768185 2005.06.14 R05-M0-N8-C:J13-U01 2005-06-14-09.56.25.463461 R05-M0-N8-C:J13-U01 RAS KERNEL FATAL data storage interrupt
- 1118768185 2005.06.14 R24-M1-N9-C:J12-U11 2005-06-14-09.56.25.494928 R24-M1-N9-C:J12-U11 RAS KERNEL FATAL data address: 0x00000002
- 1118768185 2005.06.14 R24-M1-N9-C:J16-U01 2005-06-14-09.56.25.540255 R24-M1-N9-C:J16-U01 RAS KERNEL FATAL data address: 0x00000002
KERNSTOR 1118768185 2005.06.14 R05-M0-N8-C:J14-U11 2005-06-14-09.56.25.575795 R05-M0-N8-C:J14-U11 RAS KERNEL FATAL data storage interrupt
- 1118768185 2005.06.14 R24-M1-N9-C:J08-U01 2005-06-14-09.56.25.615717 R24-M1-N9-C:J08-U01 RAS KERNEL FATAL data address: 0x00000002
KERNSTOR 1118768185 2005.06.14 R05-M0-N8-C:J12-U11 2005-06-14-09.56.25.658495 R05-M0-N8-C:J12-U11 RAS KERNEL FATAL data storage interrupt
KERNSTOR 1118768185 2005.06.14 R05-M0-N8-C:J14-U01 2005-06-14-09.56.25.690460 R05-M0-N8-C:J14-U01 RAS KERNEL FATAL data storage interrupt
- 1118768185 2005.06.14 R24-M1-N9-C:J02-U11 2005-06-14-09.56.25.728923 R24-M1-N9-C:J02-U11 RAS KERNEL FATAL data address: 0x00000002
KERNSTOR 1118769393 2005.06.14 R21-M0-N6-C:J06-U01 2005-06-14-10.16.33.617726 R21-M0-N6-C:J06-U01 RAS KERNEL FATAL data storage interrupt
- 1118769393 2005.06.14 R26-M1-N6-C:J14-U01 2005-06-14-10.16.33.657676 R26-M1-N6-C:J14-U01 RAS KERNEL FATAL instruction address: 0x00004ed8
KERNSTOR 1118769393 2005.06.14 R21-M0-N6-C:J02-U11 2005-06-14-10.16.33.689078 R21-M0-N6-C:J02-U11 RAS KERNEL FATAL data storage interrupt
- 1118769393 2005.06.14 R26-M1-N6-C:J12-U01 2005-06-14-10.16.33.732122 R26-M1-N6-C:J12-U01 RAS KERNEL FATAL instruction address: 0x00004ed8
KERNSTOR 1118769393 2005.06.14 R21-M0-NA-C:J11-U11 2005-06-14-10.16.33.756228 R21-M0-NA-C:J11-U11 RAS KERNEL FATAL data storage interrupt
- 1118769393 2005.06.14 R26-M1-N6-C:J06-U01 2005-06-14-10.16.33.797239 R26-M1-N6-C:J06-U01 RAS KERNEL FATAL instruction address: 0x00004ed8
KERNSTOR 1118769393 2005.06.14 R21-M0-NA-C:J05-U01 2005-06-14-10.16.33.820482 R21-M0-NA-C:J05-U01 RAS KERNEL FATAL data storage interrupt
- 1118769393 2005.06.14 R26-M1-N6-C:J02-U11 2005-06-14-10.16.33.868570 R26-M1-N6-C:J02-U11 RAS KERNEL FATAL instruction address: 0x00004ed8
KERNSTOR 1118769393 2005.06.14 R21-M0-NA-C:J03-U11 2005-06-14-10.16.33.992514 R21-M0-NA-C:J03-U11 RAS KERNEL FATAL data storage interrupt
- 1118769394 2005.06.14 R27-M1-N9-C:J11-U11 2005-06-14-10.16.34.020454 R27-M1-N9-C:J11-U11 RAS KERNEL FATAL instruction address: 0x00004ed8
- 1118769394 2005.06.14 R27-M1-N9-C:J17-U11 2005-06-14-10.16.34.105299 R27-M1-N9-C:J17-U11 RAS KERNEL FATAL instruction address: 0x00004ed8
KERNSTOR 1118769394 2005.06.14 R21-M0-NA-C:J11-U01 2005-06-14-10.16.34.130853 R21-M0-NA-C:J11-U01 RAS KERNEL FATAL data storage interrupt
KERNSTOR 1118769394 2005.06.14 R21-M0-NA-C:J13-U01 2005-06-14-10.16.34.176342 R21-M0-NA-C:J13-U01 RAS KERNEL FATAL data storage interrupt
- 1118769394 2005.06.14 R27-M1-N9-C:J03-U11 2005-06-14-10.16.34.203669 R27-M1-N9-C:J03-U11 RAS KERNEL FATAL instruction address: 0x00004ed8
KERNSTOR 1118769394 2005.06.14 R21-M0-NA-C:J08-U11 2005-06-14-10.16.34.239722 R21-M0-NA-C:J08-U11 RAS KERNEL FATAL data storage interrupt
- 1118769394 2005.06.14 R27-M1-N9-C:J17-U01 2005-06-14-10.16.34.266558 R27-M1-N9-C:J17-U01 RAS KERNEL FATAL instruction address: 0x00004ed8
KERNSTOR 1118769394 2005.06.14 R21-M0-NA-C:J06-U11 2005-06-14-10.16.34.303630 R21-M0-NA-C:J06-U11 RAS KERNEL FATAL data storage interrupt
- 1118769394 2005.06.14 R27-M1-N9-C:J13-U01 2005-06-14-10.16.34.330040 R27-M1-N9-C:J13-U01 RAS KERNEL FATAL instruction address: 0x00004ed8
KERNSTOR 1118769394 2005.06.14 R21-M0-NA-C:J16-U01 2005-06-14-10.16.34.366913 R21-M0-NA-C:J16-U01 RAS KERNEL FATAL data storage interrupt
- 1118769394 2005.06.14 R27-M1-N9-C:J08-U11 2005-06-14-10.16.34.402577 R27-M1-N9-C:J08-U11 RAS KERNEL FATAL instruction address: 0x00004ed8
- 1118769394 2005.06.14 R27-M1-N9-C:J10-U11 2005-06-14-10.16.34.525204 R27-M1-N9-C:J10-U11 RAS KERNEL FATAL instruction address: 0x00004ed8
KERNSTOR 1118769394 2005.06.14 R21-M0-NA-C:J04-U01 2005-06-14-10.16.34.551230 R21-M0-NA-C:J04-U01 RAS KERNEL FATAL data storage interrupt
KERNSTOR 1118769394 2005.06.14 R21-M0-NA-C:J04-U11 2005-06-14-10.16.34.642116 R21-M0-NA-C:J04-U11 RAS KERNEL FATAL data storage interrupt
- 1118769394 2005.06.14 R27-M1-N9-C:J16-U01 2005-06-14-10.16.34.670646 R27-M1-N9-C:J16-U01 RAS KERNEL FATAL instruction address: 0x00004ed8
KERNSTOR 1118769394 2005.06.14 R21-M1-N6-C:J09-U11 2005-06-14-10.16.34.707392 R21-M1-N6-C:J09-U11 RAS KERNEL FATAL data storage interrupt
- 1118769645 2005.06.14 R26-M0-NE-C:J06-U01 2005-06-14-10.20.45.715643 R26-M0-NE-C:J06-U01 RAS KERNEL FATAL program interrupt: illegal instruction......0
- 1118769645 2005.06.14 R20-M0-N1-C:J12-U01 2005-06-14-10.20.45.740050 R20-M0-N1-C:J12-U01 RAS KERNEL FATAL data address: 0x00000002
- 1118769645 2005.06.14 R26-M0-NE-C:J02-U11 2005-06-14-10.20.45.780908 R26-M0-NE-C:J02-U11 RAS KERNEL FATAL program interrupt: illegal instruction......0
- 1118769645 2005.06.14 R20-M0-N1-C:J06-U01 2005-06-14-10.20.45.808535 R20-M0-N1-C:J06-U01 RAS KERNEL FATAL data address: 0x00000002
- 1118769645 2005.06.14 R26-M0-NA-C:J11-U11 2005-06-14-10.20.45.933557 R26-M0-NA-C:J11-U11 RAS KERNEL FATAL program interrupt: illegal instruction......0
- 1118769645 2005.06.14 R20-M0-N1-C:J02-U11 2005-06-14-10.20.45.959827 R20-M0-N1-C:J02-U11 RAS KERNEL FATAL data address: 0x00000002
- 1118769645 2005.06.14 R26-M0-NA-C:J05-U01 2005-06-14-10.20.45.995457 R26-M0-NA-C:J05-U01 RAS KERNEL FATAL program interrupt: illegal instruction......0
- 1118769646 2005.06.14 R26-M0-NA-C:J03-U01 2005-06-14-10.20.46.068864 R26-M0-NA-C:J03-U01 RAS KERNEL FATAL program interrupt: illegal instruction......0
- 1118769646 2005.06.14 R26-M0-NA-C:J03-U11 2005-06-14-10.20.46.114337 R26-M0-NA-C:J03-U11 RAS KERNEL FATAL program interrupt: illegal instruction......0
- 1118769646 2005.06.14 R24-M0-NF-C:J05-U01 2005-06-14-10.20.46.142686 R24-M0-NF-C:J05-U01 RAS KERNEL FATAL data address: 0x00000002
- 1118769646 2005.06.14 R26-M0-NA-C:J17-U01 2005-06-14-10.20.46.174444 R26-M0-NA-C:J17-U01 RAS KERNEL FATAL program interrupt: illegal instruction......0
- 1118769646 2005.06.14 R24-M0-NF-C:J03-U11 2005-06-14-10.20.46.205791 R24-M0-NF-C:J03-U11 RAS KERNEL FATAL data address: 0x00000002
- 1118769646 2005.06.14 R26-M0-NA-C:J13-U01 2005-06-14-10.20.46.239501 R26-M0-NA-C:J13-U01 RAS KERNEL FATAL program interrupt: illegal instruction......0
- 1118769646 2005.06.14 R24-M0-NF-C:J17-U01 2005-06-14-10.20.46.274661 R24-M0-NF-C:J17-U01 RAS KERNEL FATAL data address: 0x00000002
- 1118769646 2005.06.14 R26-M0-NA-C:J08-U11 2005-06-14-10.20.46.299877 R26-M0-NA-C:J08-U11 RAS KERNEL FATAL program interrupt: illegal instruction......0
- 1118769646 2005.06.14 R24-M0-NF-C:J13-U01 2005-06-14-10.20.46.339523 R24-M0-NF-C:J13-U01 RAS KERNEL FATAL data address: 0x00000002
- 1118769646 2005.06.14 R24-M0-NF-C:J09-U01 2005-06-14-10.20.46.448917 R24-M0-NF-C:J09-U01 RAS KERNEL FATAL data address: 0x00000002
- 1118769646 2005.06.14 R26-M0-NA-C:J14-U01 2005-06-14-10.20.46.488025 R26-M0-NA-C:J14-U01 RAS KERNEL FATAL program interrupt: illegal instruction......0
- 1118769646 2005.06.14 R24-M0-NF-C:J14-U11 2005-06-14-10.20.46.573041 R24-M0-NF-C:J14-U11 RAS KERNEL FATAL data address: 0x00000002
- 1118769646 2005.06.14 R26-M0-NA-C:J12-U01 2005-06-14-10.20.46.603950 R26-M0-NA-C:J12-U01 RAS KERNEL FATAL program interrupt: illegal instruction......0
- 1118769646 2005.06.14 R24-M0-NF-C:J12-U11 2005-06-14-10.20.46.643094 R24-M0-NF-C:J12-U11 RAS KERNEL FATAL data address: 0x00000002
- 1118769646 2005.06.14 R26-M0-NA-C:J06-U01 2005-06-14-10.20.46.668459 R26-M0-NA-C:J06-U01 RAS KERNEL FATAL program interrupt: illegal instruction......0
- 1118769646 2005.06.14 R24-M0-NF-C:J10-U01 2005-06-14-10.20.46.712244 R24-M0-NF-C:J10-U01 RAS KERNEL FATAL data address: 0x00000002
- 1118769646 2005.06.14 R26-M0-NA-C:J02-U11 2005-06-14-10.20.46.737344 R26-M0-NA-C:J02-U11 RAS KERNEL FATAL program interrupt: illegal instruction......0
- 1118769646 2005.06.14 R26-M0-ND-C:J15-U11 2005-06-14-10.20.46.781436 R26-M0-ND-C:J15-U11 RAS KERNEL FATAL program interrupt: illegal instruction......0
- 1118769901 2005.06.14 R21-M1-NA-C:J13-U01 2005-06-14-10.25.01.831730 R21-M1-NA-C:J13-U01 RAS KERNEL FATAL machine check: i-fetch......................0
- 1118769901 2005.06.14 R26-M0-N8-C:J03-U01 2005-06-14-10.25.01.858879 R26-M0-N8-C:J03-U01 RAS KERNEL FATAL floating point operation....................0
- 1118769901 2005.06.14 R21-M1-NA-C:J08-U11 2005-06-14-10.25.01.900579 R21-M1-NA-C:J08-U11 RAS KERNEL FATAL machine check: i-fetch......................0
- 1118769901 2005.06.14 R26-M0-N8-C:J07-U11 2005-06-14-10.25.01.927083 R26-M0-N8-C:J07-U11 RAS KERNEL FATAL floating point operation....................0
- 1118769901 2005.06.14 R26-M0-N8-C:J17-U01 2005-06-14-10.25.01.979082 R26-M0-N8-C:J17-U01 RAS KERNEL FATAL floating point operation....................0
- 1118769902 2005.06.14 R21-M1-NA-C:J12-U11 2005-06-14-10.25.02.005228 R21-M1-NA-C:J12-U11 RAS KERNEL FATAL machine check: i-fetch......................0
- 1118769902 2005.06.14 R26-M0-N8-C:J13-U01 2005-06-14-10.25.02.048979 R26-M0-N8-C:J13-U01 RAS KERNEL FATAL floating point operation....................0
- 1118769902 2005.06.14 R21-M1-NA-C:J10-U01 2005-06-14-10.25.02.080492 R21-M1-NA-C:J10-U01 RAS KERNEL FATAL machine check: i-fetch......................0
- 1118769902 2005.06.14 R26-M0-N8-C:J08-U11 2005-06-14-10.25.02.168331 R26-M0-N8-C:J08-U11 RAS KERNEL FATAL floating point operation....................0
- 1118769902 2005.06.14 R21-M1-NA-C:J04-U01 2005-06-14-10.25.02.288694 R21-M1-NA-C:J04-U01 RAS KERNEL FATAL machine check: i-fetch......................0
- 1118769902 2005.06.14 R21-M1-NA-C:J04-U11 2005-06-14-10.25.02.336242 R21-M1-NA-C:J04-U11 RAS KERNEL FATAL machine check: i-fetch......................0
- 1118769902 2005.06.14 R26-M0-N8-C:J12-U11 2005-06-14-10.25.02.365523 R26-M0-N8-C:J12-U11 RAS KERNEL FATAL floating point operation....................0
- 1118769902 2005.06.14 R26-M0-N8-C:J16-U01 2005-06-14-10.25.02.424417 R26-M0-N8-C:J16-U01 RAS KERNEL FATAL floating point operation....................0
- 1118769902 2005.06.14 R21-M1-NB-C:J15-U11 2005-06-14-10.25.02.449452 R21-M1-NB-C:J15-U11 RAS KERNEL FATAL machine check: i-fetch......................0
- 1118769902 2005.06.14 R26-M0-N8-C:J08-U01 2005-06-14-10.25.02.494874 R26-M0-N8-C:J08-U01 RAS KERNEL FATAL floating point operation....................0
- 1118769902 2005.06.14 R21-M1-NB-C:J17-U11 2005-06-14-10.25.02.519377 R21-M1-NB-C:J17-U11 RAS KERNEL FATAL machine check: i-fetch......................0
- 1118769902 2005.06.14 R26-M0-N8-C:J04-U11 2005-06-14-10.25.02.565125 R26-M0-N8-C:J04-U11 RAS KERNEL FATAL floating point operation....................0
- 1118769902 2005.06.14 R21-M1-NB-C:J05-U11 2005-06-14-10.25.02.591870 R21-M1-NB-C:J05-U11 RAS KERNEL FATAL machine check: i-fetch......................0
- 1118769902 2005.06.14 R26-M0-N4-C:J09-U11 2005-06-14-10.25.02.684684 R26-M0-N4-C:J09-U11 RAS KERNEL FATAL floating point operation....................0
- 1118769902 2005.06.14 R26-M0-N4-C:J15-U11 2005-06-14-10.25.02.797966 R26-M0-N4-C:J15-U11 RAS KERNEL FATAL floating point operation....................0
- 1118769902 2005.06.14 R26-M0-N4-C:J13-U11 2005-06-14-10.25.02.844837 R26-M0-N4-C:J13-U11 RAS KERNEL FATAL floating point operation....................0
- 1118769902 2005.06.14 R21-M1-NB-C:J07-U01 2005-06-14-10.25.02.876669 R21-M1-NB-C:J07-U01 RAS KERNEL FATAL machine check: i-fetch......................0
- 1118769902 2005.06.14 R26-M0-N4-C:J03-U01 2005-06-14-10.25.02.915986 R26-M0-N4-C:J03-U01 RAS KERNEL FATAL floating point operation....................0
- 1118769902 2005.06.14 R21-M1-NB-C:J16-U11 2005-06-14-10.25.02.946222 R21-M1-NB-C:J16-U11 RAS KERNEL FATAL machine check: i-fetch......................0
- 1118769902 2005.06.14 R26-M0-N4-C:J07-U11 2005-06-14-10.25.02.988954 R26-M0-N4-C:J07-U11 RAS KERNEL FATAL floating point operation....................0
- 1118770162 2005.06.14 R27-M0-NA-C:J13-U11 2005-06-14-10.29.22.241086 R27-M0-NA-C:J13-U11 RAS KERNEL FATAL auxiliary processor.........................0
- 1118770162 2005.06.14 R25-M0-N3-C:J06-U11 2005-06-14-10.29.22.288575 R25-M0-N3-C:J06-U11 RAS KERNEL FATAL program interrupt: privileged instruction...0
- 1118770162 2005.06.14 R25-M0-N3-C:J14-U01 2005-06-14-10.29.22.418593 R25-M0-N3-C:J14-U01 RAS KERNEL FATAL program interrupt: privileged instruction...0
- 1118770162 2005.06.14 R27-M0-NA-C:J05-U11 2005-06-14-10.29.22.445983 R27-M0-NA-C:J05-U11 RAS KERNEL FATAL auxiliary processor.........................0
- 1118770162 2005.06.14 R25-M0-N3-C:J12-U01 2005-06-14-10.29.22.482923 R25-M0-N3-C:J12-U01 RAS KERNEL FATAL program interrupt: privileged instruction...0
- 1118770162 2005.06.14 R27-M0-NA-C:J15-U01 2005-06-14-10.29.22.508369 R27-M0-NA-C:J15-U01 RAS KERNEL FATAL auxiliary processor.........................0
- 1118770162 2005.06.14 R25-M0-N3-C:J06-U01 2005-06-14-10.29.22.546843 R25-M0-N3-C:J06-U01 RAS KERNEL FATAL program interrupt: privileged instruction...0
- 1118770162 2005.06.14 R27-M0-NA-C:J07-U01 2005-06-14-10.29.22.571736 R27-M0-NA-C:J07-U01 RAS KERNEL FATAL auxiliary processor.........................0
- 1118770162 2005.06.14 R25-M0-N3-C:J02-U11 2005-06-14-10.29.22.616295 R25-M0-N3-C:J02-U11 RAS KERNEL FATAL program interrupt: privileged instruction...0
- 1118770162 2005.06.14 R27-M0-NA-C:J16-U11 2005-06-14-10.29.22.640870 R27-M0-NA-C:J16-U11 RAS KERNEL FATAL auxiliary processor.........................0
- 1118770162 2005.06.14 R20-M1-NB-C:J11-U11 2005-06-14-10.29.22.686249 R20-M1-NB-C:J11-U11 RAS KERNEL FATAL program interrupt: privileged instruction...0
- 1118770162 2005.06.14 R27-M0-NA-C:J10-U11 2005-06-14-10.29.22.745949 R27-M0-NA-C:J10-U11 RAS KERNEL FATAL auxiliary processor.........................0
- 1118770162 2005.06.14 R20-M1-NB-C:J05-U01 2005-06-14-10.29.22.788778 R20-M1-NB-C:J05-U01 RAS KERNEL FATAL program interrupt: privileged instruction...0
- 1118770162 2005.06.14 R20-M1-NB-C:J05-U11 2005-06-14-10.29.22.930485 R20-M1-NB-C:J05-U11 RAS KERNEL FATAL program interrupt: privileged instruction...0
- 1118770162 2005.06.14 R27-M0-NA-C:J16-U01 2005-06-14-10.29.22.954575 R27-M0-NA-C:J16-U01 RAS KERNEL FATAL auxiliary processor.........................0
- 1118770162 2005.06.14 R27-M0-NA-C:J12-U01 2005-06-14-10.29.22.997332 R27-M0-NA-C:J12-U01 RAS KERNEL FATAL auxiliary processor.........................0
- 1118770163 2005.06.14 R20-M1-NB-C:J17-U01 2005-06-14-10.29.23.022303 R20-M1-NB-C:J17-U01 RAS KERNEL FATAL program interrupt: privileged instruction...0
- 1118770163 2005.06.14 R20-M1-NB-C:J07-U01 2005-06-14-10.29.23.066478 R20-M1-NB-C:J07-U01 RAS KERNEL FATAL program interrupt: privileged instruction...0
- 1118770163 2005.06.14 R27-M0-NA-C:J04-U11 2005-06-14-10.29.23.089510 R27-M0-NA-C:J04-U11 RAS KERNEL FATAL auxiliary processor.........................0
- 1118770163 2005.06.14 R20-M1-NB-C:J16-U11 2005-06-14-10.29.23.134676 R20-M1-NB-C:J16-U11 RAS KERNEL FATAL program interrupt: privileged instruction...0
- 1118770163 2005.06.14 R26-M1-N7-C:J09-U11 2005-06-14-10.29.23.157543 R26-M1-N7-C:J09-U11 RAS KERNEL FATAL auxiliary processor.........................0
- 1118770163 2005.06.14 R20-M1-NB-C:J10-U11 2005-06-14-10.29.23.252116 R20-M1-NB-C:J10-U11 RAS KERNEL FATAL program interrupt: privileged instruction...0
- 1118770163 2005.06.14 R20-M1-NB-C:J06-U11 2005-06-14-10.29.23.296170 R20-M1-NB-C:J06-U11 RAS KERNEL FATAL program interrupt: privileged instruction...0
- 1118770163 2005.06.14 R26-M1-N7-C:J05-U01 2005-06-14-10.29.23.422449 R26-M1-N7-C:J05-U01 RAS KERNEL FATAL auxiliary processor.........................0
- 1118770163 2005.06.14 R20-M1-NB-C:J16-U01 2005-06-14-10.29.23.467147 R20-M1-NB-C:J16-U01 RAS KERNEL FATAL program interrupt: privileged instruction...0
- 1118770427 2005.06.14 R26-M0-N6-C:J13-U01 2005-06-14-10.33.47.140238 R26-M0-N6-C:J13-U01 RAS KERNEL FATAL program interrupt: fp cr update.............0
- 1118770427 2005.06.14 R20-M0-NC-C:J11-U01 2005-06-14-10.33.47.164450 R20-M0-NC-C:J11-U01 RAS KERNEL FATAL program interrupt: trap instruction.........0
- 1118770427 2005.06.14 R26-M0-N6-C:J08-U11 2005-06-14-10.33.47.213356 R26-M0-N6-C:J08-U11 RAS KERNEL FATAL program interrupt: fp cr update.............0
- 1118770427 2005.06.14 R20-M0-NC-C:J09-U01 2005-06-14-10.33.47.264107 R20-M0-NC-C:J09-U01 RAS KERNEL FATAL program interrupt: trap instruction.........0
- 1118770427 2005.06.14 R26-M0-N6-C:J06-U11 2005-06-14-10.33.47.287467 R26-M0-N6-C:J06-U11 RAS KERNEL FATAL program interrupt: fp cr update.............0
- 1118770427 2005.06.14 R20-M0-NC-C:J14-U11 2005-06-14-10.33.47.329456 R20-M0-NC-C:J14-U11 RAS KERNEL FATAL program interrupt: trap instruction.........0
- 1118770427 2005.06.14 R26-M0-N6-C:J16-U01 2005-06-14-10.33.47.363671 R26-M0-N6-C:J16-U01 RAS KERNEL FATAL program interrupt: fp cr update.............0
- 1118770427 2005.06.14 R20-M0-NC-C:J12-U11 2005-06-14-10.33.47.400682 R20-M0-NC-C:J12-U11 RAS KERNEL FATAL program interrupt: trap instruction.........0
- 1118770427 2005.06.14 R26-M0-N6-C:J08-U01 2005-06-14-10.33.47.476394 R26-M0-N6-C:J08-U01 RAS KERNEL FATAL program interrupt: fp cr update.............0
- 1118770427 2005.06.14 R26-M0-N6-C:J06-U01 2005-06-14-10.33.47.624613 R26-M0-N6-C:J06-U01 RAS KERNEL FATAL program interrupt: fp cr update.............0
- 1118770427 2005.06.14 R20-M0-NC-C:J12-U01 2005-06-14-10.33.47.649870 R20-M0-NC-C:J12-U01 RAS KERNEL FATAL program interrupt: trap instruction.........0
- 1118770427 2005.06.14 R26-M0-N6-C:J02-U11 2005-06-14-10.33.47.692134 R26-M0-N6-C:J02-U11 RAS KERNEL FATAL program interrupt: fp cr update.............0
- 1118770427 2005.06.14 R20-M0-NC-C:J06-U01 2005-06-14-10.33.47.721349 R20-M0-NC-C:J06-U01 RAS KERNEL FATAL program interrupt: trap instruction.........0
- 1118770427 2005.06.14 R26-M1-N3-C:J11-U11 2005-06-14-10.33.47.758964 R26-M1-N3-C:J11-U11 RAS KERNEL FATAL program interrupt: fp cr update.............0
- 1118770427 2005.06.14 R20-M0-NC-C:J02-U11 2005-06-14-10.33.47.785625 R20-M0-NC-C:J02-U11 RAS KERNEL FATAL program interrupt: trap instruction.........0
- 1118770427 2005.06.14 R26-M1-N3-C:J05-U01 2005-06-14-10.33.47.824856 R26-M1-N3-C:J05-U01 RAS KERNEL FATAL program interrupt: fp cr update.............0
- 1118770427 2005.06.14 R20-M0-N0-C:J11-U11 2005-06-14-10.33.47.856199 R20-M0-N0-C:J11-U11 RAS KERNEL FATAL program interrupt: trap instruction.........0
- 1118770427 2005.06.14 R26-M1-N3-C:J03-U11 2005-06-14-10.33.47.890779 R26-M1-N3-C:J03-U11 RAS KERNEL FATAL program interrupt: fp cr update.............0
- 1118770427 2005.06.14 R20-M0-N0-C:J05-U01 2005-06-14-10.33.47.920729 R20-M0-N0-C:J05-U01 RAS KERNEL FATAL program interrupt: trap instruction.........0
- 1118770428 2005.06.14 R26-M1-N3-C:J17-U01 2005-06-14-10.33.48.114949 R26-M1-N3-C:J17-U01 RAS KERNEL FATAL program interrupt: fp cr update.............0
- 1118770428 2005.06.14 R20-M0-N0-C:J03-U11 2005-06-14-10.33.48.143260 R20-M0-N0-C:J03-U11 RAS KERNEL FATAL program interrupt: trap instruction.........0
- 1118770428 2005.06.14 R26-M1-N3-C:J13-U01 2005-06-14-10.33.48.181328 R26-M1-N3-C:J13-U01 RAS KERNEL FATAL program interrupt: fp cr update.............0
- 1118770428 2005.06.14 R20-M0-N0-C:J17-U01 2005-06-14-10.33.48.211808 R20-M0-N0-C:J17-U01 RAS KERNEL FATAL program interrupt: trap instruction.........0
- 1118770428 2005.06.14 R26-M1-N3-C:J08-U11 2005-06-14-10.33.48.246298 R26-M1-N3-C:J08-U11 RAS KERNEL FATAL program interrupt: fp cr update.............0
- 1118770428 2005.06.14 R26-M1-N3-C:J10-U11 2005-06-14-10.33.48.294854 R26-M1-N3-C:J10-U11 RAS KERNEL FATAL program interrupt: fp cr update.............0
- 1118770688 2005.06.14 R25-M1-N7-C:J15-U11 2005-06-14-10.38.08.968898 R25-M1-N7-C:J15-U11 RAS KERNEL FATAL store operation.............................1
- 1118770688 2005.06.14 R27-M1-N4-C:J06-U01 2005-06-14-10.38.08.994979 R27-M1-N4-C:J06-U01 RAS KERNEL FATAL machine state register: 0x00002000
- 1118770689 2005.06.14 R25-M1-N7-C:J17-U11 2005-06-14-10.38.09.038440 R25-M1-N7-C:J17-U11 RAS KERNEL FATAL store operation.............................1
- 1118770689 2005.06.14 R27-M1-N4-C:J02-U11 2005-06-14-10.38.09.074167 R27-M1-N4-C:J02-U11 RAS KERNEL FATAL machine state register: 0x00002000
- 1118770689 2005.06.14 R25-M1-N7-C:J05-U11 2005-06-14-10.38.09.122558 R25-M1-N7-C:J05-U11 RAS KERNEL FATAL store operation.............................1
- 1118770689 2005.06.14 R25-M1-N7-C:J03-U11 2005-06-14-10.38.09.237211 R25-M1-N7-C:J03-U11 RAS KERNEL FATAL store operation.............................1
- 1118770689 2005.06.14 R27-M0-NC-C:J17-U11 2005-06-14-10.38.09.283678 R27-M0-NC-C:J17-U11 RAS KERNEL FATAL machine state register: 0x00002000
- 1118770689 2005.06.14 R27-M0-NC-C:J05-U01 2005-06-14-10.38.09.361445 R27-M0-NC-C:J05-U01 RAS KERNEL FATAL machine state register: 0x00002000
- 1118770689 2005.06.14 R25-M1-N7-C:J07-U01 2005-06-14-10.38.09.409724 R25-M1-N7-C:J07-U01 RAS KERNEL FATAL store operation.............................1
- 1118770689 2005.06.14 R27-M0-NC-C:J03-U11 2005-06-14-10.38.09.435945 R27-M0-NC-C:J03-U11 RAS KERNEL FATAL machine state register: 0x00002000
- 1118770689 2005.06.14 R25-M1-N7-C:J16-U11 2005-06-14-10.38.09.486398 R25-M1-N7-C:J16-U11 RAS KERNEL FATAL store operation.............................1
- 1118770689 2005.06.14 R27-M0-NC-C:J17-U01 2005-06-14-10.38.09.516512 R27-M0-NC-C:J17-U01 RAS KERNEL FATAL machine state register: 0x00002000
- 1118770689 2005.06.14 R25-M1-N7-C:J10-U11 2005-06-14-10.38.09.555437 R25-M1-N7-C:J10-U11 RAS KERNEL FATAL store operation.............................1
- 1118770689 2005.06.14 R27-M0-NC-C:J13-U01 2005-06-14-10.38.09.583829 R27-M0-NC-C:J13-U01 RAS KERNEL FATAL machine state register: 0x00002000
- 1118770689 2005.06.14 R25-M1-N7-C:J14-U01 2005-06-14-10.38.09.626104 R25-M1-N7-C:J14-U01 RAS KERNEL FATAL store operation.............................1
- 1118770689 2005.06.14 R25-M1-N7-C:J16-U01 2005-06-14-10.38.09.753365 R25-M1-N7-C:J16-U01 RAS KERNEL FATAL store operation.............................1
- 1118770689 2005.06.14 R27-M0-NC-C:J10-U11 2005-06-14-10.38.09.795594 R27-M0-NC-C:J10-U11 RAS KERNEL FATAL machine state register: 0x00002000
- 1118770689 2005.06.14 R25-M1-N7-C:J08-U01 2005-06-14-10.38.09.863940 R25-M1-N7-C:J08-U01 RAS KERNEL FATAL store operation.............................1
- 1118770689 2005.06.14 R27-M0-NC-C:J14-U01 2005-06-14-10.38.09.901660 R27-M0-NC-C:J14-U01 RAS KERNEL FATAL machine state register: 0x00002000
- 1118770689 2005.06.14 R25-M1-N7-C:J04-U11 2005-06-14-10.38.09.931626 R25-M1-N7-C:J04-U11 RAS KERNEL FATAL store operation.............................1
- 1118770689 2005.06.14 R25-M1-N7-C:J02-U11 2005-06-14-10.38.09.993445 R25-M1-N7-C:J02-U11 RAS KERNEL FATAL store operation.............................1
- 1118770690 2005.06.14 R27-M0-NC-C:J08-U01 2005-06-14-10.38.10.016897 R27-M0-NC-C:J08-U01 RAS KERNEL FATAL machine state register: 0x00002000
- 1118770690 2005.06.14 R24-M1-N7-C:J11-U11 2005-06-14-10.38.10.060707 R24-M1-N7-C:J11-U11 RAS KERNEL FATAL store operation.............................1
- 1118770690 2005.06.14 R27-M0-NC-C:J04-U11 2005-06-14-10.38.10.088710 R27-M0-NC-C:J04-U11 RAS KERNEL FATAL machine state register: 0x00002000
- 1118770690 2005.06.14 R24-M1-N7-C:J05-U01 2005-06-14-10.38.10.127897 R24-M1-N7-C:J05-U01 RAS KERNEL FATAL store operation.............................1
- 1118770944 2005.06.14 R27-M1-NF-C:J03-U01 2005-06-14-10.42.24.468296 R27-M1-NF-C:J03-U01 RAS KERNEL FATAL problem state (0=sup,1=usr).......0
- 1118770944 2005.06.14 R25-M0-NF-C:J08-U01 2005-06-14-10.42.24.496472 R25-M0-NF-C:J08-U01 RAS KERNEL FATAL data store interrupt caused by icbi.........0
- 1118770944 2005.06.14 R25-M0-NF-C:J06-U01 2005-06-14-10.42.24.546030 R25-M0-NF-C:J06-U01 RAS KERNEL FATAL data store interrupt caused by icbi.........0
- 1118770944 2005.06.14 R27-M1-NF-C:J15-U01 2005-06-14-10.42.24.572907 R27-M1-NF-C:J15-U01 RAS KERNEL FATAL problem state (0=sup,1=usr).......0
- 1118770944 2005.06.14 R25-M0-NF-C:J02-U11 2005-06-14-10.42.24.613675 R25-M0-NF-C:J02-U11 RAS KERNEL FATAL data store interrupt caused by icbi.........0
- 1118770944 2005.06.14 R27-M1-NF-C:J07-U01 2005-06-14-10.42.24.643109 R27-M1-NF-C:J07-U01 RAS KERNEL FATAL problem state (0=sup,1=usr).......0
- 1118770944 2005.06.14 R25-M1-N6-C:J11-U11 2005-06-14-10.42.24.770174 R25-M1-N6-C:J11-U11 RAS KERNEL FATAL data store interrupt caused by icbi.........0
- 1118770944 2005.06.14 R27-M1-NF-C:J16-U11 2005-06-14-10.42.24.810098 R27-M1-NF-C:J16-U11 RAS KERNEL FATAL problem state (0=sup,1=usr).......0
- 1118770944 2005.06.14 R25-M1-N6-C:J05-U01 2005-06-14-10.42.24.841506 R25-M1-N6-C:J05-U01 RAS KERNEL FATAL data store interrupt caused by icbi.........0
- 1118770944 2005.06.14 R27-M1-NF-C:J10-U11 2005-06-14-10.42.24.922301 R27-M1-NF-C:J10-U11 RAS KERNEL FATAL problem state (0=sup,1=usr).......0
- 1118770944 2005.06.14 R25-M1-N6-C:J03-U11 2005-06-14-10.42.24.951241 R25-M1-N6-C:J03-U11 RAS KERNEL FATAL data store interrupt caused by icbi.........0
- 1118770944 2005.06.14 R27-M1-NF-C:J14-U01 2005-06-14-10.42.24.990256 R27-M1-NF-C:J14-U01 RAS KERNEL FATAL problem state (0=sup,1=usr).......0
- 1118770945 2005.06.14 R25-M1-N6-C:J17-U01 2005-06-14-10.42.25.018804 R25-M1-N6-C:J17-U01 RAS KERNEL FATAL data store interrupt caused by icbi.........0
- 1118770945 2005.06.14 R27-M1-NF-C:J12-U01 2005-06-14-10.42.25.058043 R27-M1-NF-C:J12-U01 RAS KERNEL FATAL problem state (0=sup,1=usr).......0
- 1118770945 2005.06.14 R25-M1-N6-C:J13-U01 2005-06-14-10.42.25.086887 R25-M1-N6-C:J13-U01 RAS KERNEL FATAL data store interrupt caused by icbi.........0
- 1118770945 2005.06.14 R27-M1-NF-C:J06-U01 2005-06-14-10.42.25.133007 R27-M1-NF-C:J06-U01 RAS KERNEL FATAL problem state (0=sup,1=usr).......0
- 1118770945 2005.06.14 R25-M1-N6-C:J08-U11 2005-06-14-10.42.25.160302 R25-M1-N6-C:J08-U11 RAS KERNEL FATAL data store interrupt caused by icbi.........0
- 1118770945 2005.06.14 R27-M1-NF-C:J02-U11 2005-06-14-10.42.25.298431 R27-M1-NF-C:J02-U11 RAS KERNEL FATAL problem state (0=sup,1=usr).......0
- 1118770945 2005.06.14 R25-M1-N6-C:J06-U11 2005-06-14-10.42.25.322974 R25-M1-N6-C:J06-U11 RAS KERNEL FATAL data store interrupt caused by icbi.........0
- 1118770945 2005.06.14 R27-M1-ND-C:J11-U11 2005-06-14-10.42.25.405077 R27-M1-ND-C:J11-U11 RAS KERNEL FATAL problem state (0=sup,1=usr).......0
- 1118770945 2005.06.14 R25-M1-N6-C:J16-U01 2005-06-14-10.42.25.451253 R25-M1-N6-C:J16-U01 RAS KERNEL FATAL data store interrupt caused by icbi.........0
- 1118770945 2005.06.14 R27-M1-ND-C:J05-U01 2005-06-14-10.42.25.476610 R27-M1-ND-C:J05-U01 RAS KERNEL FATAL problem state (0=sup,1=usr).......0
- 1118770945 2005.06.14 R25-M1-N6-C:J08-U01 2005-06-14-10.42.25.520918 R25-M1-N6-C:J08-U01 RAS KERNEL FATAL data store interrupt caused by icbi.........0
- 1118770945 2005.06.14 R27-M1-ND-C:J03-U11 2005-06-14-10.42.25.553015 R27-M1-ND-C:J03-U11 RAS KERNEL FATAL problem state (0=sup,1=usr).......0
- 1118770945 2005.06.14 R25-M1-N6-C:J04-U11 2005-06-14-10.42.25.587663 R25-M1-N6-C:J04-U11 RAS KERNEL FATAL data store interrupt caused by icbi.........0
- 1118771202 2005.06.14 R27-M0-ND-C:J09-U11 2005-06-14-10.46.42.490759 R27-M0-ND-C:J09-U11 RAS KERNEL FATAL debug wait enable.................0
- 1118771202 2005.06.14 R24-M0-N7-C:J13-U11 2005-06-14-10.46.42.525143 R24-M0-N7-C:J13-U11 RAS KERNEL FATAL program interrupt: unimplemented operation..0
- 1118771202 2005.06.14 R27-M0-ND-C:J13-U11 2005-06-14-10.46.42.570081 R27-M0-ND-C:J13-U11 RAS KERNEL FATAL debug wait enable.................0
- 1118771202 2005.06.14 R24-M0-N7-C:J03-U01 2005-06-14-10.46.42.594122 R24-M0-N7-C:J03-U01 RAS KERNEL FATAL program interrupt: unimplemented operation..0
- 1118771202 2005.06.14 R27-M0-ND-C:J03-U01 2005-06-14-10.46.42.638203 R27-M0-ND-C:J03-U01 RAS KERNEL FATAL debug wait enable.................0
- 1118771202 2005.06.14 R24-M0-N7-C:J07-U11 2005-06-14-10.46.42.662304 R24-M0-N7-C:J07-U11 RAS KERNEL FATAL program interrupt: unimplemented operation..0
- 1118771202 2005.06.14 R27-M0-ND-C:J07-U11 2005-06-14-10.46.42.714918 R27-M0-ND-C:J07-U11 RAS KERNEL FATAL debug wait enable.................0
- 1118771202 2005.06.14 R24-M0-N7-C:J11-U01 2005-06-14-10.46.42.843839 R24-M0-N7-C:J11-U01 RAS KERNEL FATAL program interrupt: unimplemented operation..0
- 1118771202 2005.06.14 R27-M0-ND-C:J11-U01 2005-06-14-10.46.42.882598 R27-M0-ND-C:J11-U01 RAS KERNEL FATAL debug wait enable.................0
- 1118771202 2005.06.14 R24-M0-N7-C:J09-U01 2005-06-14-10.46.42.911667 R24-M0-N7-C:J09-U01 RAS KERNEL FATAL program interrupt: unimplemented operation..0
- 1118771202 2005.06.14 R27-M0-ND-C:J09-U01 2005-06-14-10.46.42.997416 R27-M0-ND-C:J09-U01 RAS KERNEL FATAL debug wait enable.................0
- 1118771203 2005.06.14 R24-M0-N7-C:J14-U11 2005-06-14-10.46.43.032845 R24-M0-N7-C:J14-U11 RAS KERNEL FATAL program interrupt: unimplemented operation..0
- 1118771203 2005.06.14 R27-M0-ND-C:J14-U11 2005-06-14-10.46.43.077822 R27-M0-ND-C:J14-U11 RAS KERNEL FATAL debug wait enable.................0
- 1118771203 2005.06.14 R27-M0-ND-C:J10-U11 2005-06-14-10.46.43.103937 R27-M0-ND-C:J10-U11 RAS KERNEL FATAL debug wait enable.................0
- 1118771203 2005.06.14 R27-M0-ND-C:J12-U11 2005-06-14-10.46.43.147854 R27-M0-ND-C:J12-U11 RAS KERNEL FATAL debug wait enable.................0
- 1118771203 2005.06.14 R24-M0-N7-C:J10-U01 2005-06-14-10.46.43.172952 R24-M0-N7-C:J10-U01 RAS KERNEL FATAL program interrupt: unimplemented operation..0
- 1118771203 2005.06.14 R27-M0-ND-C:J10-U01 2005-06-14-10.46.43.222872 R27-M0-ND-C:J10-U01 RAS KERNEL FATAL debug wait enable.................0
- 1118771203 2005.06.14 R24-M0-N7-C:J04-U01 2005-06-14-10.46.43.348361 R24-M0-N7-C:J04-U01 RAS KERNEL FATAL program interrupt: unimplemented operation..0
- 1118771203 2005.06.14 R24-M0-N7-C:J04-U11 2005-06-14-10.46.43.398716 R24-M0-N7-C:J04-U11 RAS KERNEL FATAL program interrupt: unimplemented operation..0
- 1118771203 2005.06.14 R27-M0-ND-C:J06-U01 2005-06-14-10.46.43.430274 R27-M0-ND-C:J06-U01 RAS KERNEL FATAL debug wait enable.................0
- 1118771203 2005.06.14 R27-M0-ND-C:J02-U01 2005-06-14-10.46.43.510569 R27-M0-ND-C:J02-U01 RAS KERNEL FATAL debug wait enable.................0
- 1118771203 2005.06.14 R27-M0-ND-C:J02-U11 2005-06-14-10.46.43.621848 R27-M0-ND-C:J02-U11 RAS KERNEL FATAL debug wait enable.................0
- 1118771203 2005.06.14 R27-M1-N6-C:J15-U11 2005-06-14-10.46.43.673546 R27-M1-N6-C:J15-U11 RAS KERNEL FATAL debug wait enable.................0
- 1118771203 2005.06.14 R24-M0-N1-C:J17-U11 2005-06-14-10.46.43.696366 R24-M0-N1-C:J17-U11 RAS KERNEL FATAL program interrupt: unimplemented operation..0
- 1118771203 2005.06.14 R27-M1-N6-C:J17-U11 2005-06-14-10.46.43.744235 R27-M1-N6-C:J17-U11 RAS KERNEL FATAL debug wait enable.................0
- 1118771458 2005.06.14 R20-M0-NE-C:J04-U11 2005-06-14-10.50.58.221447 R20-M0-NE-C:J04-U11 RAS KERNEL FATAL program interrupt: imprecise exception......0
- 1118771458 2005.06.14 R26-M0-N5-C:J07-U11 2005-06-14-10.50.58.257450 R26-M0-N5-C:J07-U11 RAS KERNEL FATAL data address space................0
- 1118771458 2005.06.14 R25-M0-N2-C:J09-U11 2005-06-14-10.50.58.289597 R25-M0-N2-C:J09-U11 RAS KERNEL FATAL program interrupt: imprecise exception......0
- 1118771458 2005.06.14 R26-M0-N5-C:J11-U01 2005-06-14-10.50.58.428928 R26-M0-N5-C:J11-U01 RAS KERNEL FATAL data address space................0
- 1118771458 2005.06.14 R25-M0-N2-C:J13-U11 2005-06-14-10.50.58.459989 R25-M0-N2-C:J13-U11 RAS KERNEL FATAL program interrupt: imprecise exception......0
- 1118771458 2005.06.14 R25-M0-N2-C:J05-U01 2005-06-14-10.50.58.541070 R25-M0-N2-C:J05-U01 RAS KERNEL FATAL program interrupt: imprecise exception......0
- 1118771458 2005.06.14 R25-M0-N2-C:J03-U01 2005-06-14-10.50.58.568255 R25-M0-N2-C:J03-U01 RAS KERNEL FATAL program interrupt: imprecise exception......0
- 1118771458 2005.06.14 R26-M0-N5-C:J14-U11 2005-06-14-10.50.58.612341 R26-M0-N5-C:J14-U11 RAS KERNEL FATAL data address space................0
- 1118771458 2005.06.14 R25-M0-N2-C:J07-U11 2005-06-14-10.50.58.637854 R25-M0-N2-C:J07-U11 RAS KERNEL FATAL program interrupt: imprecise exception......0
- 1118771458 2005.06.14 R25-M0-N2-C:J17-U01 2005-06-14-10.50.58.687932 R25-M0-N2-C:J17-U01 RAS KERNEL FATAL program interrupt: imprecise exception......0
- 1118771458 2005.06.14 R25-M0-N2-C:J11-U01 2005-06-14-10.50.58.720964 R25-M0-N2-C:J11-U01 RAS KERNEL FATAL program interrupt: imprecise exception......0
- 1118771458 2005.06.14 R26-M0-N5-C:J10-U01 2005-06-14-10.50.58.754364 R26-M0-N5-C:J10-U01 RAS KERNEL FATAL data address space................0
- 1118771458 2005.06.14 R25-M0-N2-C:J09-U01 2005-06-14-10.50.58.788585 R25-M0-N2-C:J09-U01 RAS KERNEL FATAL program interrupt: imprecise exception......0
- 1118771458 2005.06.14 R26-M0-N5-C:J04-U01 2005-06-14-10.50.58.916449 R26-M0-N5-C:J04-U01 RAS KERNEL FATAL data address space................0
- 1118771458 2005.06.14 R25-M0-N2-C:J14-U11 2005-06-14-10.50.58.951745 R25-M0-N2-C:J14-U11 RAS KERNEL FATAL program interrupt: imprecise exception......0
- 1118771459 2005.06.14 R25-M0-N2-C:J06-U11 2005-06-14-10.50.59.048577 R25-M0-N2-C:J06-U11 RAS KERNEL FATAL program interrupt: imprecise exception......0
- 1118771459 2005.06.14 R25-M0-N2-C:J12-U11 2005-06-14-10.50.59.072332 R25-M0-N2-C:J12-U11 RAS KERNEL FATAL program interrupt: imprecise exception......0
- 1118771459 2005.06.14 R26-M0-N9-C:J15-U11 2005-06-14-10.50.59.122457 R26-M0-N9-C:J15-U11 RAS KERNEL FATAL data address space................0
- 1118771459 2005.06.14 R25-M0-N2-C:J10-U01 2005-06-14-10.50.59.154846 R25-M0-N2-C:J10-U01 RAS KERNEL FATAL program interrupt: imprecise exception......0
- 1118771459 2005.06.14 R26-M0-N9-C:J17-U11 2005-06-14-10.50.59.186923 R26-M0-N9-C:J17-U11 RAS KERNEL FATAL data address space................0
- 1118771459 2005.06.14 R25-M0-N2-C:J04-U01 2005-06-14-10.50.59.227422 R25-M0-N2-C:J04-U01 RAS KERNEL FATAL program interrupt: imprecise exception......0
- 1118771459 2005.06.14 R26-M0-N9-C:J05-U11 2005-06-14-10.50.59.251428 R26-M0-N9-C:J05-U11 RAS KERNEL FATAL data address space................0
- 1118771459 2005.06.14 R26-M0-N9-C:J07-U11 2005-06-14-10.50.59.296180 R26-M0-N9-C:J07-U11 RAS KERNEL FATAL data address space................0
- 1118771459 2005.06.14 R26-M0-N9-C:J17-U01 2005-06-14-10.50.59.425126 R26-M0-N9-C:J17-U01 RAS KERNEL FATAL data address space................0
- 1118771459 2005.06.14 R25-M0-N1-C:J09-U11 2005-06-14-10.50.59.458456 R25-M0-N1-C:J09-U11 RAS KERNEL FATAL program interrupt: imprecise exception......0
- 1118771710 2005.06.14 R26-M0-N0-C:J15-U01 2005-06-14-10.55.10.988648 R26-M0-N0-C:J15-U01 RAS KERNEL FATAL disable apu instruction broadcast........0
- 1118771711 2005.06.14 R26-M0-N0-C:J11-U01 2005-06-14-10.55.11.033914 R26-M0-N0-C:J11-U01 RAS KERNEL FATAL disable apu instruction broadcast........0
- 1118771711 2005.06.14 R26-M0-N0-C:J13-U01 2005-06-14-10.55.11.077784 R26-M0-N0-C:J13-U01 RAS KERNEL FATAL disable apu instruction broadcast........0
- 1118771711 2005.06.14 R26-M0-N0-C:J16-U11 2005-06-14-10.55.11.135409 R26-M0-N0-C:J16-U11 RAS KERNEL FATAL disable apu instruction broadcast........0
- 1118771711 2005.06.14 R21-M1-NC-C:J11-U11 2005-06-14-10.55.11.163915 R21-M1-NC-C:J11-U11 RAS KERNEL FATAL program interrupt: fp cr update.............0
- 1118771711 2005.06.14 R26-M0-N0-C:J10-U11 2005-06-14-10.55.11.201439 R26-M0-N0-C:J10-U11 RAS KERNEL FATAL disable apu instruction broadcast........0
- 1118771711 2005.06.14 R21-M1-NC-C:J05-U01 2005-06-14-10.55.11.231275 R21-M1-NC-C:J05-U01 RAS KERNEL FATAL program interrupt: fp cr update.............0
- 1118771711 2005.06.14 R26-M0-N0-C:J14-U01 2005-06-14-10.55.11.266751 R26-M0-N0-C:J14-U01 RAS KERNEL FATAL disable apu instruction broadcast........0
- 1118771711 2005.06.14 R26-M0-N0-C:J10-U01 2005-06-14-10.55.11.395490 R26-M0-N0-C:J10-U01 RAS KERNEL FATAL disable apu instruction broadcast........0
- 1118771711 2005.06.14 R21-M1-NC-C:J07-U11 2005-06-14-10.55.11.421571 R21-M1-NC-C:J07-U11 RAS KERNEL FATAL program interrupt: fp cr update.............0
- 1118771711 2005.06.14 R26-M0-N0-C:J04-U01 2005-06-14-10.55.11.511788 R26-M0-N0-C:J04-U01 RAS KERNEL FATAL disable apu instruction broadcast........0
- 1118771711 2005.06.14 R21-M1-NC-C:J11-U01 2005-06-14-10.55.11.539250 R21-M1-NC-C:J11-U01 RAS KERNEL FATAL program interrupt: fp cr update.............0
- 1118771711 2005.06.14 R26-M0-N0-C:J02-U01 2005-06-14-10.55.11.577215 R26-M0-N0-C:J02-U01 RAS KERNEL FATAL disable apu instruction broadcast........0
- 1118771711 2005.06.14 R21-M1-NC-C:J09-U01 2005-06-14-10.55.11.611132 R21-M1-NC-C:J09-U01 RAS KERNEL FATAL program interrupt: fp cr update.............0
- 1118771711 2005.06.14 R27-M1-NC-C:J15-U11 2005-06-14-10.55.11.643944 R27-M1-NC-C:J15-U11 RAS KERNEL FATAL disable apu instruction broadcast........0
- 1118771711 2005.06.14 R21-M1-NC-C:J14-U11 2005-06-14-10.55.11.676855 R21-M1-NC-C:J14-U11 RAS KERNEL FATAL program interrupt: fp cr update.............0
- 1118771711 2005.06.14 R27-M1-NC-C:J17-U11 2005-06-14-10.55.11.711447 R27-M1-NC-C:J17-U11 RAS KERNEL FATAL disable apu instruction broadcast........0
- 1118771711 2005.06.14 R21-M1-NC-C:J12-U11 2005-06-14-10.55.11.744789 R21-M1-NC-C:J12-U11 RAS KERNEL FATAL program interrupt: fp cr update.............0
- 1118771711 2005.06.14 R27-M1-NC-C:J05-U11 2005-06-14-10.55.11.785050 R27-M1-NC-C:J05-U11 RAS KERNEL FATAL disable apu instruction broadcast........0
- 1118771711 2005.06.14 R21-M1-NC-C:J10-U01 2005-06-14-10.55.11.904564 R21-M1-NC-C:J10-U01 RAS KERNEL FATAL program interrupt: fp cr update.............0
- 1118771711 2005.06.14 R27-M1-NC-C:J15-U01 2005-06-14-10.55.11.998200 R27-M1-NC-C:J15-U01 RAS KERNEL FATAL disable apu instruction broadcast........0
- 1118771712 2005.06.14 R21-M1-NC-C:J04-U01 2005-06-14-10.55.12.027215 R21-M1-NC-C:J04-U01 RAS KERNEL FATAL program interrupt: fp cr update.............0
- 1118771712 2005.06.14 R21-M1-NC-C:J04-U11 2005-06-14-10.55.12.077364 R21-M1-NC-C:J04-U11 RAS KERNEL FATAL program interrupt: fp cr update.............0
- 1118771712 2005.06.14 R27-M1-NC-C:J13-U01 2005-06-14-10.55.12.109252 R27-M1-NC-C:J13-U01 RAS KERNEL FATAL disable apu instruction broadcast........0
- 1118771712 2005.06.14 R21-M0-N8-C:J09-U11 2005-06-14-10.55.12.149451 R21-M0-N8-C:J09-U11 RAS KERNEL FATAL program interrupt: fp cr update.............0
- 1118771975 2005.06.14 R27-M1-N1-C:J11-U01 2005-06-14-10.59.35.098460 R27-M1-N1-C:J11-U01 RAS KERNEL FATAL force load/store alignment...............0
- 1118771975 2005.06.14 R25-M0-NA-C:J09-U11 2005-06-14-10.59.35.128886 R25-M0-NA-C:J09-U11 RAS KERNEL FATAL program interrupt: fp cr field .............0
- 1118771975 2005.06.14 R27-M1-N1-C:J09-U01 2005-06-14-10.59.35.216372 R27-M1-N1-C:J09-U01 RAS KERNEL FATAL force load/store alignment...............0
- 1118771975 2005.06.14 R25-M0-NA-C:J13-U11 2005-06-14-10.59.35.249083 R25-M0-NA-C:J13-U11 RAS KERNEL FATAL program interrupt: fp cr field .............0
- 1118771975 2005.06.14 R25-M0-NA-C:J05-U01 2005-06-14-10.59.35.299120 R25-M0-NA-C:J05-U01 RAS KERNEL FATAL program interrupt: fp cr field .............0
- 1118771975 2005.06.14 R27-M1-N1-C:J10-U11 2005-06-14-10.59.35.327536 R27-M1-N1-C:J10-U11 RAS KERNEL FATAL force load/store alignment...............0
- 1118771975 2005.06.14 R25-M0-NA-C:J03-U11 2005-06-14-10.59.35.368584 R25-M0-NA-C:J03-U11 RAS KERNEL FATAL program interrupt: fp cr field .............0
- 1118771975 2005.06.14 R27-M1-N1-C:J14-U01 2005-06-14-10.59.35.398245 R27-M1-N1-C:J14-U01 RAS KERNEL FATAL force load/store alignment...............0
- 1118771975 2005.06.14 R25-M0-NA-C:J17-U01 2005-06-14-10.59.35.441117 R25-M0-NA-C:J17-U01 RAS KERNEL FATAL program interrupt: fp cr field .............0
- 1118771975 2005.06.14 R27-M1-N1-C:J12-U01 2005-06-14-10.59.35.465089 R27-M1-N1-C:J12-U01 RAS KERNEL FATAL force load/store alignment...............0
- 1118771975 2005.06.14 R27-M1-N1-C:J04-U01 2005-06-14-10.59.35.603875 R27-M1-N1-C:J04-U01 RAS KERNEL FATAL force load/store alignment...............0
- 1118771975 2005.06.14 R25-M0-NA-C:J09-U01 2005-06-14-10.59.35.629421 R25-M0-NA-C:J09-U01 RAS KERNEL FATAL program interrupt: fp cr field .............0
- 1118771975 2005.06.14 R27-M1-N1-C:J02-U01 2005-06-14-10.59.35.723373 R27-M1-N1-C:J02-U01 RAS KERNEL FATAL force load/store alignment...............0
- 1118771975 2005.06.14 R25-M0-NA-C:J14-U11 2005-06-14-10.59.35.754725 R25-M0-NA-C:J14-U11 RAS KERNEL FATAL program interrupt: fp cr field .............0
- 1118771975 2005.06.14 R27-M1-N2-C:J15-U11 2005-06-14-10.59.35.802179 R27-M1-N2-C:J15-U11 RAS KERNEL FATAL force load/store alignment...............0
- 1118771975 2005.06.14 R25-M0-NA-C:J12-U11 2005-06-14-10.59.35.825791 R25-M0-NA-C:J12-U11 RAS KERNEL FATAL program interrupt: fp cr field .............0
- 1118771975 2005.06.14 R27-M1-N2-C:J17-U11 2005-06-14-10.59.35.872949 R27-M1-N2-C:J17-U11 RAS KERNEL FATAL force load/store alignment...............0
- 1118771975 2005.06.14 R25-M0-NA-C:J10-U01 2005-06-14-10.59.35.900662 R25-M0-NA-C:J10-U01 RAS KERNEL FATAL program interrupt: fp cr field .............0
- 1118771975 2005.06.14 R27-M1-N2-C:J05-U11 2005-06-14-10.59.35.941027 R27-M1-N2-C:J05-U11 RAS KERNEL FATAL force load/store alignment...............0
- 1118771975 2005.06.14 R25-M0-NA-C:J04-U01 2005-06-14-10.59.35.968119 R25-M0-NA-C:J04-U01 RAS KERNEL FATAL program interrupt: fp cr field .............0
- 1118771976 2005.06.14 R27-M1-N2-C:J15-U01 2005-06-14-10.59.36.096490 R27-M1-N2-C:J15-U01 RAS KERNEL FATAL force load/store alignment...............0
- 1118771976 2005.06.14 R25-M0-NA-C:J02-U01 2005-06-14-10.59.36.122145 R25-M0-NA-C:J02-U01 RAS KERNEL FATAL program interrupt: fp cr field .............0
- 1118771976 2005.06.14 R27-M1-N2-C:J07-U01 2005-06-14-10.59.36.169545 R27-M1-N2-C:J07-U01 RAS KERNEL FATAL force load/store alignment...............0
- 1118771976 2005.06.14 R27-M1-N2-C:J13-U01 2005-06-14-10.59.36.234788 R27-M1-N2-C:J13-U01 RAS KERNEL FATAL force load/store alignment...............0
- 1118771976 2005.06.14 R27-M1-N2-C:J16-U11 2005-06-14-10.59.36.292301 R27-M1-N2-C:J16-U11 RAS KERNEL FATAL force load/store alignment...............0
- 1118772231 2005.06.14 R27-M1-N9-C:J07-U01 2005-06-14-11.03.51.443760 R27-M1-N9-C:J07-U01 RAS KERNEL FATAL 0:000008ce 1:00086000 2:1eeeeeee 3:1feaa770
- 1118772231 2005.06.14 R21-M0-N7-C:J11-U11 2005-06-14-11.03.51.476301 R21-M0-N7-C:J11-U11 RAS KERNEL FATAL wait state enable.................0
- 1118772231 2005.06.14 R27-M1-N9-C:J16-U11 2005-06-14-11.03.51.512779 R27-M1-N9-C:J16-U11 RAS KERNEL FATAL 0:000008ce 1:00086000 2:1eeeeeee 3:1feaa770
- 1118772231 2005.06.14 R21-M0-N7-C:J05-U01 2005-06-14-11.03.51.639884 R21-M0-N7-C:J05-U01 RAS KERNEL FATAL wait state enable.................0
- 1118772231 2005.06.14 R27-M1-N9-C:J10-U11 2005-06-14-11.03.51.665583 R27-M1-N9-C:J10-U11 RAS KERNEL FATAL 0:000008ce 1:00086000 2:1eeeeeee 3:1feaa770
- 1118772231 2005.06.14 R27-M1-N9-C:J12-U11 2005-06-14-11.03.51.753684 R27-M1-N9-C:J12-U11 RAS KERNEL FATAL 0:000008ce 1:00086000 2:1eeeeeee 3:1feaa770
- 1118772231 2005.06.14 R21-M0-N7-C:J07-U11 2005-06-14-11.03.51.785393 R21-M0-N7-C:J07-U11 RAS KERNEL FATAL wait state enable.................0
- 1118772231 2005.06.14 R27-M1-N9-C:J10-U01 2005-06-14-11.03.51.826514 R27-M1-N9-C:J10-U01 RAS KERNEL FATAL 0:000008ce 1:00086000 2:1eeeeeee 3:1feaa770
- 1118772231 2005.06.14 R21-M0-N7-C:J11-U01 2005-06-14-11.03.51.851321 R21-M0-N7-C:J11-U01 RAS KERNEL FATAL wait state enable.................0
- 1118772231 2005.06.14 R27-M1-N9-C:J04-U01 2005-06-14-11.03.51.894190 R27-M1-N9-C:J04-U01 RAS KERNEL FATAL 0:000008ce 1:00086000 2:1eeeeeee 3:1feaa770
- 1118772231 2005.06.14 R21-M0-N7-C:J09-U01 2005-06-14-11.03.51.918747 R21-M0-N7-C:J09-U01 RAS KERNEL FATAL wait state enable.................0
- 1118772231 2005.06.14 R27-M1-N9-C:J02-U01 2005-06-14-11.03.51.975234 R27-M1-N9-C:J02-U01 RAS KERNEL FATAL 0:000008ce 1:00086000 2:1eeeeeee 3:1feaa770
- 1118772232 2005.06.14 R21-M0-N7-C:J14-U11 2005-06-14-11.03.52.002976 R21-M0-N7-C:J14-U11 RAS KERNEL FATAL wait state enable.................0
- 1118772232 2005.06.14 R27-M0-N6-C:J15-U11 2005-06-14-11.03.52.044564 R27-M0-N6-C:J15-U11 RAS KERNEL FATAL 0:000008ce 1:00086000 2:1eeeeeee 3:1feaa770
- 1118772232 2005.06.14 R27-M0-N6-C:J11-U11 2005-06-14-11.03.52.160284 R27-M0-N6-C:J11-U11 RAS KERNEL FATAL 0:000008ce 1:00086000 2:1eeeeeee 3:1feaa770
- 1118772232 2005.06.14 R21-M0-N7-C:J16-U01 2005-06-14-11.03.52.198847 R21-M0-N7-C:J16-U01 RAS KERNEL FATAL wait state enable.................0
- 1118772232 2005.06.14 R27-M0-N6-C:J05-U01 2005-06-14-11.03.52.261275 R27-M0-N6-C:J05-U01 RAS KERNEL FATAL 0:000008ce 1:00086000 2:1eeeeeee 3:1feaa770
- 1118772232 2005.06.14 R21-M0-N7-C:J08-U01 2005-06-14-11.03.52.305955 R21-M0-N7-C:J08-U01 RAS KERNEL FATAL wait state enable.................0
- 1118772232 2005.06.14 R27-M0-N6-C:J03-U11 2005-06-14-11.03.52.329938 R27-M0-N6-C:J03-U11 RAS KERNEL FATAL 0:000008ce 1:00086000 2:1eeeeeee 3:1feaa770
- 1118772232 2005.06.14 R21-M0-N7-C:J04-U11 2005-06-14-11.03.52.372958 R21-M0-N7-C:J04-U11 RAS KERNEL FATAL wait state enable.................0
- 1118772232 2005.06.14 R21-M0-N7-C:J02-U01 2005-06-14-11.03.52.400701 R21-M0-N7-C:J02-U01 RAS KERNEL FATAL wait state enable.................0
- 1118772232 2005.06.14 R27-M0-N6-C:J07-U01 2005-06-14-11.03.52.454133 R27-M0-N6-C:J07-U01 RAS KERNEL FATAL 0:000008ce 1:00086000 2:1eeeeeee 3:1feaa770
- 1118772232 2005.06.14 R25-M1-N1-C:J15-U11 2005-06-14-11.03.52.483568 R25-M1-N1-C:J15-U11 RAS KERNEL FATAL wait state enable.................0
- 1118772232 2005.06.14 R27-M0-N6-C:J16-U11 2005-06-14-11.03.52.520959 R27-M0-N6-C:J16-U11 RAS KERNEL FATAL 0:000008ce 1:00086000 2:1eeeeeee 3:1feaa770
- 1118772232 2005.06.14 R25-M1-N1-C:J17-U11 2005-06-14-11.03.52.550791 R25-M1-N1-C:J17-U11 RAS KERNEL FATAL wait state enable.................0
- 1118772487 2005.06.14 R20-M0-N1-C:J08-U11 2005-06-14-11.08.07.724595 R20-M0-N1-C:J08-U11 RAS KERNEL FATAL external input interrupt enable...0
- 1118772487 2005.06.14 R20-M0-N1-C:J06-U11 2005-06-14-11.08.07.845509 R20-M0-N1-C:J06-U11 RAS KERNEL FATAL external input interrupt enable...0
- 1118772487 2005.06.14 R20-M0-N1-C:J16-U01 2005-06-14-11.08.07.929582 R20-M0-N1-C:J16-U01 RAS KERNEL FATAL external input interrupt enable...0
- 1118772488 2005.06.14 R20-M0-N1-C:J08-U01 2005-06-14-11.08.08.012979 R20-M0-N1-C:J08-U01 RAS KERNEL FATAL external input interrupt enable...0
- 1118772488 2005.06.14 R20-M0-N1-C:J04-U11 2005-06-14-11.08.08.173914 R20-M0-N1-C:J04-U11 RAS KERNEL FATAL external input interrupt enable...0
- 1118772488 2005.06.14 R24-M0-NF-C:J09-U11 2005-06-14-11.08.08.294083 R24-M0-NF-C:J09-U11 RAS KERNEL FATAL external input interrupt enable...0
- 1118772488 2005.06.14 R24-M0-NF-C:J13-U11 2005-06-14-11.08.08.392072 R24-M0-NF-C:J13-U11 RAS KERNEL FATAL external input interrupt enable...0
- 1118772488 2005.06.14 R24-M0-NF-C:J03-U01 2005-06-14-11.08.08.477391 R24-M0-NF-C:J03-U01 RAS KERNEL FATAL external input interrupt enable...0
- 1118772488 2005.06.14 R24-M0-NF-C:J07-U11 2005-06-14-11.08.08.563515 R24-M0-NF-C:J07-U11 RAS KERNEL FATAL external input interrupt enable...0
- 1118772488 2005.06.14 R24-M0-NF-C:J11-U01 2005-06-14-11.08.08.748652 R24-M0-NF-C:J11-U01 RAS KERNEL FATAL external input interrupt enable...0
- 1118772488 2005.06.14 R24-M0-NF-C:J09-U01 2005-06-14-11.08.08.868552 R24-M0-NF-C:J09-U01 RAS KERNEL FATAL external input interrupt enable...0
- 1118772488 2005.06.14 R24-M0-NF-C:J14-U11 2005-06-14-11.08.08.961019 R24-M0-NF-C:J14-U11 RAS KERNEL FATAL external input interrupt enable...0
- 1118772489 2005.06.14 R24-M0-NF-C:J12-U11 2005-06-14-11.08.09.053795 R24-M0-NF-C:J12-U11 RAS KERNEL FATAL external input interrupt enable...0
- 1118772489 2005.06.14 R24-M0-NF-C:J16-U01 2005-06-14-11.08.09.188179 R24-M0-NF-C:J16-U01 RAS KERNEL FATAL external input interrupt enable...0
- 1118772489 2005.06.14 R26-M0-NB-C:J11-U11 2005-06-14-11.08.09.229143 R26-M0-NB-C:J11-U11 RAS KERNEL FATAL 16:00000c00 17:00000001 18:00000000 19:00000000
- 1118772489 2005.06.14 R24-M0-NF-C:J08-U01 2005-06-14-11.08.09.255978 R24-M0-NF-C:J08-U01 RAS KERNEL FATAL external input interrupt enable...0
- 1118772489 2005.06.14 R26-M0-NB-C:J05-U01 2005-06-14-11.08.09.335867 R26-M0-NB-C:J05-U01 RAS KERNEL FATAL 16:00000c00 17:00000001 18:00000000 19:00000000
- 1118772489 2005.06.14 R24-M0-NF-C:J04-U11 2005-06-14-11.08.09.374680 R24-M0-NF-C:J04-U11 RAS KERNEL FATAL external input interrupt enable...0
- 1118772489 2005.06.14 R26-M0-NB-C:J03-U11 2005-06-14-11.08.09.400882 R26-M0-NB-C:J03-U11 RAS KERNEL FATAL 16:00000c00 17:00000001 18:00000000 19:00000000
- 1118772489 2005.06.14 R20-M1-ND-C:J09-U11 2005-06-14-11.08.09.442589 R20-M1-ND-C:J09-U11 RAS KERNEL FATAL external input interrupt enable...0
- 1118772489 2005.06.14 R26-M0-NB-C:J17-U01 2005-06-14-11.08.09.466538 R26-M0-NB-C:J17-U01 RAS KERNEL FATAL 16:00000c00 17:00000001 18:00000000 19:00000000
- 1118772489 2005.06.14 R20-M1-ND-C:J13-U11 2005-06-14-11.08.09.511717 R20-M1-ND-C:J13-U11 RAS KERNEL FATAL external input interrupt enable...0
- 1118772489 2005.06.14 R26-M0-NB-C:J13-U01 2005-06-14-11.08.09.538936 R26-M0-NB-C:J13-U01 RAS KERNEL FATAL 16:00000c00 17:00000001 18:00000000 19:00000000
- 1118772489 2005.06.14 R20-M1-ND-C:J03-U01 2005-06-14-11.08.09.577999 R20-M1-ND-C:J03-U01 RAS KERNEL FATAL external input interrupt enable...0
- 1118772489 2005.06.14 R26-M0-NB-C:J08-U11 2005-06-14-11.08.09.701579 R26-M0-NB-C:J08-U11 RAS KERNEL FATAL 16:00000c00 17:00000001 18:00000000 19:00000000
- 1118772746 2005.06.14 R21-M0-N1-C:J09-U11 2005-06-14-11.12.26.036402 R21-M0-N1-C:J09-U11 RAS KERNEL FATAL floating point instr. enabled.....1
- 1118772746 2005.06.14 R27-M0-NF-C:J12-U11 2005-06-14-11.12.26.064618 R27-M0-NF-C:J12-U11 RAS KERNEL FATAL 28:1feaa7b0 29:00000001 30:000008ce 31:1feaa790
- 1118772746 2005.06.14 R21-M0-N1-C:J13-U11 2005-06-14-11.12.26.104761 R21-M0-N1-C:J13-U11 RAS KERNEL FATAL floating point instr. enabled.....1
- 1118772746 2005.06.14 R27-M0-NF-C:J10-U01 2005-06-14-11.12.26.242083 R27-M0-NF-C:J10-U01 RAS KERNEL FATAL 28:1feaa7b0 29:00000001 30:000008ce 31:1feaa790
- 1118772746 2005.06.14 R21-M0-N1-C:J03-U01 2005-06-14-11.12.26.275925 R21-M0-N1-C:J03-U01 RAS KERNEL FATAL floating point instr. enabled.....1
- 1118772746 2005.06.14 R27-M0-NF-C:J04-U01 2005-06-14-11.12.26.310729 R27-M0-NF-C:J04-U01 RAS KERNEL FATAL 28:1feaa7b0 29:00000001 30:000008ce 31:1feaa790
- 1118772746 2005.06.14 R21-M0-N1-C:J07-U11 2005-06-14-11.12.26.395826 R21-M0-N1-C:J07-U11 RAS KERNEL FATAL floating point instr. enabled.....1
- 1118772746 2005.06.14 R21-M0-N1-C:J15-U01 2005-06-14-11.12.26.429152 R21-M0-N1-C:J15-U01 RAS KERNEL FATAL floating point instr. enabled.....1
- 1118772746 2005.06.14 R27-M1-NE-C:J09-U11 2005-06-14-11.12.26.470808 R27-M1-NE-C:J09-U11 RAS KERNEL FATAL 28:1feaa7b0 29:00000001 30:000008ce 31:1feaa790
- 1118772746 2005.06.14 R21-M0-N1-C:J07-U01 2005-06-14-11.12.26.499674 R21-M0-N1-C:J07-U01 RAS KERNEL FATAL floating point instr. enabled.....1
- 1118772746 2005.06.14 R27-M1-NE-C:J13-U11 2005-06-14-11.12.26.538387 R27-M1-NE-C:J13-U11 RAS KERNEL FATAL 28:1feaa7b0 29:00000001 30:000008ce 31:1feaa790
- 1118772746 2005.06.14 R21-M0-N1-C:J16-U11 2005-06-14-11.12.26.566053 R21-M0-N1-C:J16-U11 RAS KERNEL FATAL floating point instr. enabled.....1
- 1118772746 2005.06.14 R27-M1-NE-C:J03-U01 2005-06-14-11.12.26.606287 R27-M1-NE-C:J03-U01 RAS KERNEL FATAL 28:1feaa7b0 29:00000001 30:000008ce 31:1feaa790
- 1118772746 2005.06.14 R21-M0-N1-C:J10-U11 2005-06-14-11.12.26.633202 R21-M0-N1-C:J10-U11 RAS KERNEL FATAL floating point instr. enabled.....1
- 1118772746 2005.06.14 R21-M0-N1-C:J12-U11 2005-06-14-11.12.26.765995 R21-M0-N1-C:J12-U11 RAS KERNEL FATAL floating point instr. enabled.....1
- 1118772746 2005.06.14 R27-M1-NE-C:J15-U01 2005-06-14-11.12.26.790540 R27-M1-NE-C:J15-U01 RAS KERNEL FATAL 28:1feaa7b0 29:00000001 30:000008ce 31:1feaa790
- 1118772746 2005.06.14 R21-M0-N1-C:J10-U01 2005-06-14-11.12.26.879612 R21-M0-N1-C:J10-U01 RAS KERNEL FATAL floating point instr. enabled.....1
- 1118772746 2005.06.14 R27-M1-NE-C:J07-U01 2005-06-14-11.12.26.909853 R27-M1-NE-C:J07-U01 RAS KERNEL FATAL 28:1feaa7b0 29:00000001 30:000008ce 31:1feaa790
- 1118772746 2005.06.14 R21-M0-N1-C:J04-U01 2005-06-14-11.12.26.948594 R21-M0-N1-C:J04-U01 RAS KERNEL FATAL floating point instr. enabled.....1
- 1118772746 2005.06.14 R27-M1-NE-C:J16-U11 2005-06-14-11.12.26.984643 R27-M1-NE-C:J16-U11 RAS KERNEL FATAL 28:1feaa7b0 29:00000001 30:000008ce 31:1feaa790
- 1118772747 2005.06.14 R21-M0-N1-C:J02-U01 2005-06-14-11.12.27.023729 R21-M0-N1-C:J02-U01 RAS KERNEL FATAL floating point instr. enabled.....1
- 1118772747 2005.06.14 R27-M1-NE-C:J10-U11 2005-06-14-11.12.27.051538 R27-M1-NE-C:J10-U11 RAS KERNEL FATAL 28:1feaa7b0 29:00000001 30:000008ce 31:1feaa790
- 1118772747 2005.06.14 R21-M0-N2-C:J15-U11 2005-06-14-11.12.27.089342 R21-M0-N2-C:J15-U11 RAS KERNEL FATAL floating point instr. enabled.....1
- 1118772747 2005.06.14 R27-M1-NE-C:J14-U01 2005-06-14-11.12.27.118401 R27-M1-NE-C:J14-U01 RAS KERNEL FATAL 28:1feaa7b0 29:00000001 30:000008ce 31:1feaa790
- 1118772747 2005.06.14 R27-M1-NE-C:J10-U01 2005-06-14-11.12.27.251443 R27-M1-NE-C:J10-U01 RAS KERNEL FATAL 28:1feaa7b0 29:00000001 30:000008ce 31:1feaa790
KERNRTSP 1118773006 2005.06.14 R26-M1-ND-C:J04-U11 2005-06-14-11.16.46.113133 R26-M1-ND-C:J04-U11 RAS KERNEL FATAL rts panic! - stopping execution
- 1118773006 2005.06.14 R20-M1-N6-C:J04-U01 2005-06-14-11.16.46.159641 R20-M1-N6-C:J04-U01 RAS KERNEL FATAL floating pt ex mode 0 enable......0
KERNRTSP 1118773006 2005.06.14 R26-M1-N9-C:J09-U11 2005-06-14-11.16.46.183716 R26-M1-N9-C:J09-U11 RAS KERNEL FATAL rts panic! - stopping execution
- 1118773006 2005.06.14 R20-M1-N6-C:J02-U01 2005-06-14-11.16.46.229268 R20-M1-N6-C:J02-U01 RAS KERNEL FATAL floating pt ex mode 0 enable......0
KERNRTSP 1118773006 2005.06.14 R26-M1-N9-C:J13-U11 2005-06-14-11.16.46.257990 R26-M1-N9-C:J13-U11 RAS KERNEL FATAL rts panic! - stopping execution
KERNRTSP 1118773006 2005.06.14 R26-M1-N9-C:J05-U01 2005-06-14-11.16.46.397935 R26-M1-N9-C:J05-U01 RAS KERNEL FATAL rts panic! - stopping execution
KERNRTSP 1118773006 2005.06.14 R26-M1-N9-C:J05-U11 2005-06-14-11.16.46.490268 R26-M1-N9-C:J05-U11 RAS KERNEL FATAL rts panic! - stopping execution
- 1118773006 2005.06.14 R20-M1-NE-C:J13-U11 2005-06-14-11.16.46.520698 R20-M1-NE-C:J13-U11 RAS KERNEL FATAL floating pt ex mode 0 enable......0
KERNRTSP 1118773006 2005.06.14 R26-M1-N9-C:J15-U01 2005-06-14-11.16.46.558444 R26-M1-N9-C:J15-U01 RAS KERNEL FATAL rts panic! - stopping execution
- 1118773006 2005.06.14 R20-M1-NE-C:J03-U01 2005-06-14-11.16.46.584598 R20-M1-NE-C:J03-U01 RAS KERNEL FATAL floating pt ex mode 0 enable......0
KERNRTSP 1118773006 2005.06.14 R26-M1-N9-C:J07-U01 2005-06-14-11.16.46.622790 R26-M1-N9-C:J07-U01 RAS KERNEL FATAL rts panic! - stopping execution
- 1118773006 2005.06.14 R20-M1-NE-C:J07-U11 2005-06-14-11.16.46.655580 R20-M1-NE-C:J07-U11 RAS KERNEL FATAL floating pt ex mode 0 enable......0
KERNRTSP 1118773006 2005.06.14 R26-M1-N9-C:J16-U11 2005-06-14-11.16.46.687207 R26-M1-N9-C:J16-U11 RAS KERNEL FATAL rts panic! - stopping execution
- 1118773006 2005.06.14 R20-M1-NE-C:J11-U01 2005-06-14-11.16.46.720083 R20-M1-NE-C:J11-U01 RAS KERNEL FATAL floating pt ex mode 0 enable......0
KERNRTSP 1118773006 2005.06.14 R26-M1-N9-C:J10-U11 2005-06-14-11.16.46.751002 R26-M1-N9-C:J10-U11 RAS KERNEL FATAL rts panic! - stopping execution
- 1118773006 2005.06.14 R20-M1-NE-C:J09-U01 2005-06-14-11.16.46.886994 R20-M1-NE-C:J09-U01 RAS KERNEL FATAL floating pt ex mode 0 enable......0
- 1118773006 2005.06.14 R20-M1-NE-C:J08-U11 2005-06-14-11.16.46.958962 R20-M1-NE-C:J08-U11 RAS KERNEL FATAL floating pt ex mode 0 enable......0
KERNRTSP 1118773007 2005.06.14 R26-M1-N9-C:J16-U01 2005-06-14-11.16.47.018788 R26-M1-N9-C:J16-U01 RAS KERNEL FATAL rts panic! - stopping execution
- 1118773007 2005.06.14 R20-M1-NE-C:J06-U11 2005-06-14-11.16.47.042760 R20-M1-NE-C:J06-U11 RAS KERNEL FATAL floating pt ex mode 0 enable......0
KERNRTSP 1118773007 2005.06.14 R26-M1-N9-C:J08-U01 2005-06-14-11.16.47.085870 R26-M1-N9-C:J08-U01 RAS KERNEL FATAL rts panic! - stopping execution
- 1118773007 2005.06.14 R20-M1-NE-C:J16-U01 2005-06-14-11.16.47.111356 R20-M1-NE-C:J16-U01 RAS KERNEL FATAL floating pt ex mode 0 enable......0
KERNRTSP 1118773007 2005.06.14 R26-M1-N9-C:J04-U11 2005-06-14-11.16.47.163179 R26-M1-N9-C:J04-U11 RAS KERNEL FATAL rts panic! - stopping execution
- 1118773007 2005.06.14 R20-M1-NE-C:J08-U01 2005-06-14-11.16.47.199241 R20-M1-NE-C:J08-U01 RAS KERNEL FATAL floating pt ex mode 0 enable......0
KERNRTSP 1118773007 2005.06.14 R26-M1-NF-C:J09-U11 2005-06-14-11.16.47.231142 R26-M1-NF-C:J09-U11 RAS KERNEL FATAL rts panic! - stopping execution
- 1118773007 2005.06.14 R20-M1-NE-C:J04-U11 2005-06-14-11.16.47.265151 R20-M1-NE-C:J04-U11 RAS KERNEL FATAL floating pt ex mode 0 enable......0
- 1118773459 2005.06.14 R21-M1-N2-C:J08-U01 2005-06-14-11.24.19.961318 R21-M1-N2-C:J08-U01 RAS KERNEL FATAL floating pt ex mode 1 enable......0
- 1118773460 2005.06.14 R21-M1-N2-C:J04-U11 2005-06-14-11.24.20.026072 R21-M1-N2-C:J04-U11 RAS KERNEL FATAL floating pt ex mode 1 enable......0
- 1118773460 2005.06.14 R21-M1-NF-C:J09-U11 2005-06-14-11.24.20.089437 R21-M1-NF-C:J09-U11 RAS KERNEL FATAL floating pt ex mode 1 enable......0
- 1118773460 2005.06.14 R21-M1-NF-C:J13-U11 2005-06-14-11.24.20.189438 R21-M1-NF-C:J13-U11 RAS KERNEL FATAL floating pt ex mode 1 enable......0
- 1118773460 2005.06.14 R21-M1-NF-C:J03-U01 2005-06-14-11.24.20.332635 R21-M1-NF-C:J03-U01 RAS KERNEL FATAL floating pt ex mode 1 enable......0
- 1118773460 2005.06.14 R21-M1-NF-C:J07-U11 2005-06-14-11.24.20.398983 R21-M1-NF-C:J07-U11 RAS KERNEL FATAL floating pt ex mode 1 enable......0
- 1118773460 2005.06.14 R21-M1-NF-C:J11-U01 2005-06-14-11.24.20.462225 R21-M1-NF-C:J11-U01 RAS KERNEL FATAL floating pt ex mode 1 enable......0
- 1118773460 2005.06.14 R21-M1-NF-C:J09-U01 2005-06-14-11.24.20.526485 R21-M1-NF-C:J09-U01 RAS KERNEL FATAL floating pt ex mode 1 enable......0
- 1118773460 2005.06.14 R21-M1-NF-C:J14-U11 2005-06-14-11.24.20.595170 R21-M1-NF-C:J14-U11 RAS KERNEL FATAL floating pt ex mode 1 enable......0
- 1118773460 2005.06.14 R21-M1-NF-C:J12-U11 2005-06-14-11.24.20.707389 R21-M1-NF-C:J12-U11 RAS KERNEL FATAL floating pt ex mode 1 enable......0
- 1118773460 2005.06.14 R21-M1-NF-C:J10-U01 2005-06-14-11.24.20.845250 R21-M1-NF-C:J10-U01 RAS KERNEL FATAL floating pt ex mode 1 enable......0
- 1118773460 2005.06.14 R21-M1-NF-C:J04-U01 2005-06-14-11.24.20.912314 R21-M1-NF-C:J04-U01 RAS KERNEL FATAL floating pt ex mode 1 enable......0
- 1118773460 2005.06.14 R21-M1-NF-C:J02-U01 2005-06-14-11.24.20.978859 R21-M1-NF-C:J02-U01 RAS KERNEL FATAL floating pt ex mode 1 enable......0
- 1118773461 2005.06.14 R24-M1-N2-C:J15-U11 2005-06-14-11.24.21.053894 R24-M1-N2-C:J15-U11 RAS KERNEL FATAL floating pt ex mode 1 enable......0
- 1118773461 2005.06.14 R24-M1-N2-C:J17-U11 2005-06-14-11.24.21.167040 R24-M1-N2-C:J17-U11 RAS KERNEL FATAL floating pt ex mode 1 enable......0
- 1118773461 2005.06.14 R24-M1-N2-C:J05-U11 2005-06-14-11.24.21.312254 R24-M1-N2-C:J05-U11 RAS KERNEL FATAL floating pt ex mode 1 enable......0
- 1118773461 2005.06.14 R24-M1-N2-C:J15-U01 2005-06-14-11.24.21.377005 R24-M1-N2-C:J15-U01 RAS KERNEL FATAL floating pt ex mode 1 enable......0
- 1118773461 2005.06.14 R24-M1-N2-C:J07-U01 2005-06-14-11.24.21.450321 R24-M1-N2-C:J07-U01 RAS KERNEL FATAL floating pt ex mode 1 enable......0
- 1118773461 2005.06.14 R24-M1-N2-C:J16-U11 2005-06-14-11.24.21.520430 R24-M1-N2-C:J16-U11 RAS KERNEL FATAL floating pt ex mode 1 enable......0
- 1118773461 2005.06.14 R24-M1-N2-C:J10-U11 2005-06-14-11.24.21.587323 R24-M1-N2-C:J10-U11 RAS KERNEL FATAL floating pt ex mode 1 enable......0
- 1118773461 2005.06.14 R24-M1-N2-C:J14-U01 2005-06-14-11.24.21.700570 R24-M1-N2-C:J14-U01 RAS KERNEL FATAL floating pt ex mode 1 enable......0
- 1118773461 2005.06.14 R24-M1-N2-C:J12-U01 2005-06-14-11.24.21.845573 R24-M1-N2-C:J12-U01 RAS KERNEL FATAL floating pt ex mode 1 enable......0
- 1118773461 2005.06.14 R24-M1-N2-C:J06-U01 2005-06-14-11.24.21.911334 R24-M1-N2-C:J06-U01 RAS KERNEL FATAL floating pt ex mode 1 enable......0
- 1118773462 2005.06.14 R24-M1-N2-C:J02-U11 2005-06-14-11.24.22.038185 R24-M1-N2-C:J02-U11 RAS KERNEL FATAL floating pt ex mode 1 enable......0
- 1118773462 2005.06.14 R24-M1-NA-C:J11-U11 2005-06-14-11.24.22.102925 R24-M1-NA-C:J11-U11 RAS KERNEL FATAL floating pt ex mode 1 enable......0
- 1118773934 2005.06.14 R20-M0-N6-C:J12-U01 2005-06-14-11.32.14.449785 R20-M0-N6-C:J12-U01 RAS KERNEL FATAL disable store gathering..................0
- 1118773934 2005.06.14 R20-M0-N6-C:J06-U01 2005-06-14-11.32.14.509948 R20-M0-N6-C:J06-U01 RAS KERNEL FATAL disable store gathering..................0
- 1118773934 2005.06.14 R20-M0-N6-C:J02-U11 2005-06-14-11.32.14.649738 R20-M0-N6-C:J02-U11 RAS KERNEL FATAL disable store gathering..................0
- 1118773934 2005.06.14 R20-M1-N2-C:J11-U11 2005-06-14-11.32.14.749039 R20-M1-N2-C:J11-U11 RAS KERNEL FATAL disable store gathering..................0
- 1118773934 2005.06.14 R20-M1-N2-C:J05-U01 2005-06-14-11.32.14.810984 R20-M1-N2-C:J05-U01 RAS KERNEL FATAL disable store gathering..................0
- 1118773934 2005.06.14 R20-M1-N2-C:J03-U11 2005-06-14-11.32.14.877970 R20-M1-N2-C:J03-U11 RAS KERNEL FATAL disable store gathering..................0
- 1118773934 2005.06.14 R20-M1-N2-C:J17-U01 2005-06-14-11.32.14.940167 R20-M1-N2-C:J17-U01 RAS KERNEL FATAL disable store gathering..................0
- 1118773935 2005.06.14 R20-M1-N2-C:J13-U01 2005-06-14-11.32.15.000550 R20-M1-N2-C:J13-U01 RAS KERNEL FATAL disable store gathering..................0
- 1118773935 2005.06.14 R20-M1-N2-C:J08-U11 2005-06-14-11.32.15.062081 R20-M1-N2-C:J08-U11 RAS KERNEL FATAL disable store gathering..................0
- 1118773935 2005.06.14 R20-M1-N2-C:J06-U11 2005-06-14-11.32.15.262359 R20-M1-N2-C:J06-U11 RAS KERNEL FATAL disable store gathering..................0
- 1118773935 2005.06.14 R20-M1-N2-C:J16-U01 2005-06-14-11.32.15.333134 R20-M1-N2-C:J16-U01 RAS KERNEL FATAL disable store gathering..................0
- 1118773935 2005.06.14 R20-M1-N2-C:J08-U01 2005-06-14-11.32.15.394216 R20-M1-N2-C:J08-U01 RAS KERNEL FATAL disable store gathering..................0
- 1118773935 2005.06.14 R20-M1-N2-C:J04-U11 2005-06-14-11.32.15.460359 R20-M1-N2-C:J04-U11 RAS KERNEL FATAL disable store gathering..................0
- 1118773935 2005.06.14 R20-M0-NE-C:J09-U11 2005-06-14-11.32.15.521093 R20-M0-NE-C:J09-U11 RAS KERNEL FATAL disable store gathering..................0
- 1118773935 2005.06.14 R20-M0-NE-C:J13-U11 2005-06-14-11.32.15.669240 R20-M0-NE-C:J13-U11 RAS KERNEL FATAL disable store gathering..................0
- 1118773935 2005.06.14 R20-M0-NE-C:J03-U01 2005-06-14-11.32.15.802106 R20-M0-NE-C:J03-U01 RAS KERNEL FATAL disable store gathering..................0
- 1118773935 2005.06.14 R20-M0-NE-C:J07-U11 2005-06-14-11.32.15.866234 R20-M0-NE-C:J07-U11 RAS KERNEL FATAL disable store gathering..................0
- 1118773935 2005.06.14 R20-M0-NE-C:J11-U01 2005-06-14-11.32.15.926770 R20-M0-NE-C:J11-U01 RAS KERNEL FATAL disable store gathering..................0
- 1118773935 2005.06.14 R20-M0-NE-C:J09-U01 2005-06-14-11.32.15.991212 R20-M0-NE-C:J09-U01 RAS KERNEL FATAL disable store gathering..................0
- 1118773936 2005.06.14 R20-M0-NE-C:J14-U11 2005-06-14-11.32.16.057245 R20-M0-NE-C:J14-U11 RAS KERNEL FATAL disable store gathering..................0
- 1118773936 2005.06.14 R20-M0-NE-C:J12-U11 2005-06-14-11.32.16.206742 R20-M0-NE-C:J12-U11 RAS KERNEL FATAL disable store gathering..................0
- 1118773936 2005.06.14 R20-M0-NE-C:J10-U01 2005-06-14-11.32.16.331942 R20-M0-NE-C:J10-U01 RAS KERNEL FATAL disable store gathering..................0
- 1118773936 2005.06.14 R20-M0-NE-C:J04-U01 2005-06-14-11.32.16.393563 R20-M0-NE-C:J04-U01 RAS KERNEL FATAL disable store gathering..................0
- 1118773936 2005.06.14 R20-M0-NE-C:J02-U01 2005-06-14-11.32.16.454778 R20-M0-NE-C:J02-U01 RAS KERNEL FATAL disable store gathering..................0
- 1118773936 2005.06.14 R25-M0-N2-C:J15-U11 2005-06-14-11.32.16.518183 R25-M0-N2-C:J15-U11 RAS KERNEL FATAL disable store gathering..................0
- 1118811083 2005.06.14 R02-M1-N0-C:J12-U11 2005-06-14-21.51.23.816768 R02-M1-N0-C:J12-U11 RAS KERNEL INFO instruction cache parity error corrected
- 1118811084 2005.06.14 R02-M1-N0-C:J12-U11 2005-06-14-21.51.24.416841 R02-M1-N0-C:J12-U11 RAS KERNEL INFO instruction cache parity error corrected
- 1118811085 2005.06.14 R02-M1-N0-C:J12-U11 2005-06-14-21.51.25.028595 R02-M1-N0-C:J12-U11 RAS KERNEL INFO instruction cache parity error corrected
- 1118811085 2005.06.14 R02-M1-N0-C:J12-U11 2005-06-14-21.51.25.611127 R02-M1-N0-C:J12-U11 RAS KERNEL INFO instruction cache parity error corrected
- 1118811086 2005.06.14 R02-M1-N0-C:J12-U11 2005-06-14-21.51.26.144897 R02-M1-N0-C:J12-U11 RAS KERNEL INFO instruction cache parity error corrected
- 1118811086 2005.06.14 R02-M1-N0-C:J12-U11 2005-06-14-21.51.26.697999 R02-M1-N0-C:J12-U11 RAS KERNEL INFO instruction cache parity error corrected
- 1118811087 2005.06.14 R02-M1-N0-C:J12-U11 2005-06-14-21.51.27.262352 R02-M1-N0-C:J12-U11 RAS KERNEL INFO instruction cache parity error corrected
- 1118811087 2005.06.14 R02-M1-N0-C:J12-U11 2005-06-14-21.51.27.810937 R02-M1-N0-C:J12-U11 RAS KERNEL INFO instruction cache parity error corrected
- 1118811088 2005.06.14 R02-M1-N0-C:J12-U11 2005-06-14-21.51.28.344341 R02-M1-N0-C:J12-U11 RAS KERNEL INFO instruction cache parity error corrected
- 1118811088 2005.06.14 R02-M1-N0-C:J12-U11 2005-06-14-21.51.28.911145 R02-M1-N0-C:J12-U11 RAS KERNEL INFO instruction cache parity error corrected
- 1118811089 2005.06.14 R02-M1-N0-C:J12-U11 2005-06-14-21.51.29.492976 R02-M1-N0-C:J12-U11 RAS KERNEL INFO instruction cache parity error corrected
- 1118811090 2005.06.14 R02-M1-N0-C:J12-U11 2005-06-14-21.51.30.093308 R02-M1-N0-C:J12-U11 RAS KERNEL INFO instruction cache parity error corrected
- 1118811090 2005.06.14 R02-M1-N0-C:J12-U11 2005-06-14-21.51.30.734294 R02-M1-N0-C:J12-U11 RAS KERNEL INFO instruction cache parity error corrected
- 1118811091 2005.06.14 R02-M1-N0-C:J12-U11 2005-06-14-21.51.31.308992 R02-M1-N0-C:J12-U11 RAS KERNEL INFO instruction cache parity error corrected
- 1118811091 2005.06.14 R02-M1-N0-C:J12-U11 2005-06-14-21.51.31.888044 R02-M1-N0-C:J12-U11 RAS KERNEL INFO instruction cache parity error corrected
- 1118811092 2005.06.14 R02-M1-N0-C:J12-U11 2005-06-14-21.51.32.435309 R02-M1-N0-C:J12-U11 RAS KERNEL INFO instruction cache parity error corrected
- 1118811093 2005.06.14 R02-M1-N0-C:J12-U11 2005-06-14-21.51.33.067000 R02-M1-N0-C:J12-U11 RAS KERNEL INFO instruction cache parity error corrected
- 1118811093 2005.06.14 R02-M1-N0-C:J12-U11 2005-06-14-21.51.33.685813 R02-M1-N0-C:J12-U11 RAS KERNEL INFO instruction cache parity error corrected
- 1118811094 2005.06.14 R02-M1-N0-C:J12-U11 2005-06-14-21.51.34.435294 R02-M1-N0-C:J12-U11 RAS KERNEL INFO instruction cache parity error corrected
- 1118811095 2005.06.14 R02-M1-N0-C:J12-U11 2005-06-14-21.51.35.091003 R02-M1-N0-C:J12-U11 RAS KERNEL INFO instruction cache parity error corrected
- 1118811095 2005.06.14 R02-M1-N0-C:J12-U11 2005-06-14-21.51.35.640879 R02-M1-N0-C:J12-U11 RAS KERNEL INFO instruction cache parity error corrected
- 1118811096 2005.06.14 R02-M1-N0-C:J12-U11 2005-06-14-21.51.36.247262 R02-M1-N0-C:J12-U11 RAS KERNEL INFO instruction cache parity error corrected
- 1118811096 2005.06.14 R02-M1-N0-C:J12-U11 2005-06-14-21.51.36.854187 R02-M1-N0-C:J12-U11 RAS KERNEL INFO instruction cache parity error corrected
- 1118811097 2005.06.14 R02-M1-N0-C:J12-U11 2005-06-14-21.51.37.426706 R02-M1-N0-C:J12-U11 RAS KERNEL INFO instruction cache parity error corrected
- 1118811097 2005.06.14 R02-M1-N0-C:J12-U11 2005-06-14-21.51.37.997912 R02-M1-N0-C:J12-U11 RAS KERNEL INFO instruction cache parity error corrected
- 1118843851 2005.06.15 R24-M1-N2-C:J08-U01 2005-06-15-06.57.31.315067 R24-M1-N2-C:J08-U01 RAS KERNEL INFO generating core.614
- 1118843851 2005.06.15 R24-M1-N2-C:J04-U11 2005-06-15-06.57.31.426468 R24-M1-N2-C:J04-U11 RAS KERNEL INFO generating core.623
- 1118843851 2005.06.15 R24-M1-N1-C:J09-U11 2005-06-15-06.57.31.499094 R24-M1-N1-C:J09-U11 RAS KERNEL INFO generating core.890
- 1118843851 2005.06.15 R24-M1-N1-C:J17-U11 2005-06-15-06.57.31.639430 R24-M1-N1-C:J17-U11 RAS KERNEL INFO generating core.888
- 1118843851 2005.06.15 R24-M1-N1-C:J05-U11 2005-06-15-06.57.31.701442 R24-M1-N1-C:J05-U11 RAS KERNEL INFO generating core.891
- 1118843851 2005.06.15 R24-M1-N1-C:J07-U01 2005-06-15-06.57.31.763387 R24-M1-N1-C:J07-U01 RAS KERNEL INFO generating core.1010
- 1118843851 2005.06.15 R24-M1-N1-C:J10-U11 2005-06-15-06.57.31.825112 R24-M1-N1-C:J10-U11 RAS KERNEL INFO generating core.1001
- 1118843851 2005.06.15 R24-M1-N1-C:J10-U01 2005-06-15-06.57.31.937644 R24-M1-N1-C:J10-U01 RAS KERNEL INFO generating core.993
- 1118843852 2005.06.15 R24-M1-N1-C:J04-U11 2005-06-15-06.57.32.000282 R24-M1-N1-C:J04-U11 RAS KERNEL INFO generating core.875
- 1118843852 2005.06.15 R25-M0-N7-C:J17-U11 2005-06-15-06.57.32.147661 R25-M0-N7-C:J17-U11 RAS KERNEL INFO generating core.2168
- 1118843852 2005.06.15 R25-M0-N7-C:J05-U11 2005-06-15-06.57.32.211160 R25-M0-N7-C:J05-U11 RAS KERNEL INFO generating core.2171
- 1118843852 2005.06.15 R25-M0-N7-C:J13-U01 2005-06-15-06.57.32.274569 R25-M0-N7-C:J13-U01 RAS KERNEL INFO generating core.2161
- 1118843852 2005.06.15 R25-M0-N7-C:J14-U11 2005-06-15-06.57.32.338070 R25-M0-N7-C:J14-U11 RAS KERNEL INFO generating core.2280
- 1118843852 2005.06.15 R25-M0-N7-C:J12-U11 2005-06-15-06.57.32.442183 R25-M0-N7-C:J12-U11 RAS KERNEL INFO generating core.2153
- 1118843852 2005.06.15 R25-M0-N7-C:J10-U01 2005-06-15-06.57.32.505530 R25-M0-N7-C:J10-U01 RAS KERNEL INFO generating core.2273
- 1118843852 2005.06.15 R25-M0-N7-C:J02-U01 2005-06-15-06.57.32.662167 R25-M0-N7-C:J02-U01 RAS KERNEL INFO generating core.2275
- 1118843852 2005.06.15 R25-M0-NF-C:J15-U11 2005-06-15-06.57.32.727259 R25-M0-NF-C:J15-U11 RAS KERNEL INFO generating core.2264
- 1118843852 2005.06.15 R25-M0-NF-C:J05-U11 2005-06-15-06.57.32.789826 R25-M0-NF-C:J05-U11 RAS KERNEL INFO generating core.2139
- 1118843852 2005.06.15 R25-M0-NF-C:J15-U01 2005-06-15-06.57.32.911956 R25-M0-NF-C:J15-U01 RAS KERNEL INFO generating core.2256
- 1118843852 2005.06.15 R25-M0-NF-C:J14-U11 2005-06-15-06.57.32.994010 R25-M0-NF-C:J14-U11 RAS KERNEL INFO generating core.2248
- 1118843853 2005.06.15 R25-M0-NF-C:J16-U01 2005-06-15-06.57.33.147381 R25-M0-NF-C:J16-U01 RAS KERNEL INFO generating core.2112
- 1118843853 2005.06.15 R25-M0-NF-C:J02-U01 2005-06-15-06.57.33.211231 R25-M0-NF-C:J02-U01 RAS KERNEL INFO generating core.2243
- 1118843853 2005.06.15 R25-M1-N5-C:J17-U11 2005-06-15-06.57.33.275356 R25-M1-N5-C:J17-U11 RAS KERNEL INFO generating core.1400
- 1118843853 2005.06.15 R25-M1-N5-C:J11-U01 2005-06-15-06.57.33.356272 R25-M1-N5-C:J11-U01 RAS KERNEL INFO generating core.1521
- 1118843853 2005.06.15 R25-M1-N5-C:J06-U11 2005-06-15-06.57.33.455239 R25-M1-N5-C:J06-U11 RAS KERNEL INFO generating core.1514
- 1118911764 2005.06.16 R05-M0-NF-C:J17-U01 2005-06-16-01.49.24.633835 R05-M0-NF-C:J17-U01 RAS KERNEL INFO generating core.10320
- 1118911764 2005.06.16 R05-M0-NF-C:J11-U01 2005-06-16-01.49.24.656029 R05-M0-NF-C:J11-U01 RAS KERNEL INFO generating core.2385
- 1118911764 2005.06.16 R05-M0-NF-C:J13-U01 2005-06-16-01.49.24.678836 R05-M0-NF-C:J13-U01 RAS KERNEL INFO generating core.2129
- 1118911764 2005.06.16 R27-M0-NF-C:J14-U01 2005-06-16-01.49.24.699845 R27-M0-NF-C:J14-U01 RAS KERNEL INFO generating core.12672
- 1118911764 2005.06.16 R05-M0-NF-C:J08-U11 2005-06-16-01.49.24.716449 R05-M0-NF-C:J08-U11 RAS KERNEL INFO generating core.10314
- 1118911764 2005.06.16 R35-M1-N1-C:J13-U11 2005-06-16-01.49.24.733570 R35-M1-N1-C:J13-U11 RAS KERNEL INFO generating core.5753
- 1118911764 2005.06.16 R27-M0-NF-C:J10-U01 2005-06-16-01.49.24.757746 R27-M0-NF-C:J10-U01 RAS KERNEL INFO generating core.4481
- 1118911764 2005.06.16 R11-M0-N0-C:J06-U01 2005-06-16-01.49.24.769568 R11-M0-N0-C:J06-U01 RAS KERNEL INFO generating core.14118
- 1118911764 2005.06.16 R27-M0-NF-C:J12-U01 2005-06-16-01.49.24.793564 R27-M0-NF-C:J12-U01 RAS KERNEL INFO generating core.4225
- 1118911764 2005.06.16 R11-M0-N0-C:J04-U11 2005-06-16-01.49.24.810057 R11-M0-N0-C:J04-U11 RAS KERNEL INFO generating core.13871
- 1118911764 2005.06.16 R35-M1-N1-C:J05-U11 2005-06-16-01.49.24.834147 R35-M1-N1-C:J05-U11 RAS KERNEL INFO generating core.5755
- 1118911764 2005.06.16 R35-M1-N1-C:J05-U11 2005-06-16-01.49.24.849056 R35-M1-N1-C:J05-U11 RAS KERNEL INFO generating core.13947
- 1118911764 2005.06.16 R35-M1-N1-C:J03-U11 2005-06-16-01.49.24.875978 R35-M1-N1-C:J03-U11 RAS KERNEL INFO generating core.6011
- 1118911764 2005.06.16 R05-M0-NF-C:J14-U01 2005-06-16-01.49.24.899886 R05-M0-NF-C:J14-U01 RAS KERNEL INFO generating core.10560
- 1118911764 2005.06.16 R05-M0-NF-C:J16-U01 2005-06-16-01.49.24.923875 R05-M0-NF-C:J16-U01 RAS KERNEL INFO generating core.2112
- 1118911764 2005.06.16 R05-M0-NF-C:J16-U01 2005-06-16-01.49.24.957116 R05-M0-NF-C:J16-U01 RAS KERNEL INFO generating core.10304
- 1118911765 2005.06.16 R27-M0-NF-C:J04-U11 2005-06-16-01.49.25.029057 R27-M0-NF-C:J04-U11 RAS KERNEL INFO generating core.12427
- 1118911765 2005.06.16 R27-M0-NF-C:J02-U01 2005-06-16-01.49.25.053971 R27-M0-NF-C:J02-U01 RAS KERNEL INFO generating core.4483
- 1118911765 2005.06.16 R05-M0-NF-C:J12-U01 2005-06-16-01.49.25.083403 R05-M0-NF-C:J12-U01 RAS KERNEL INFO generating core.10305
- 1118911765 2005.06.16 R27-M0-NF-C:J02-U11 2005-06-16-01.49.25.115872 R27-M0-NF-C:J02-U11 RAS KERNEL INFO generating core.4491
- 1118911765 2005.06.16 R35-M1-N1-C:J16-U11 2005-06-16-01.49.25.159543 R35-M1-N1-C:J16-U11 RAS KERNEL INFO generating core.13928
- 1118911765 2005.06.16 R05-M0-NF-C:J04-U01 2005-06-16-01.49.25.188946 R05-M0-NF-C:J04-U01 RAS KERNEL INFO generating core.10307
- 1118911765 2005.06.16 R35-M1-N1-C:J14-U11 2005-06-16-01.49.25.208110 R35-M1-N1-C:J14-U11 RAS KERNEL INFO generating core.14184
- 1118911765 2005.06.16 R11-M1-N3-C:J07-U11 2005-06-16-01.49.25.221380 R11-M1-N3-C:J07-U11 RAS KERNEL INFO 1 ddr errors(s) detected and corrected on rank 0, symbol 16, bit 3
- 1118911765 2005.06.16 R23-M1-N2-C:J11-U11 2005-06-16-01.49.25.243920 R23-M1-N2-C:J11-U11 RAS KERNEL INFO generating core.3581
- 1118961229 2005.06.16 R02-M1-N0-C:J12-U11 2005-06-16-15.33.49.313815 R02-M1-N0-C:J12-U11 RAS KERNEL INFO instruction cache parity error corrected
- 1118961230 2005.06.16 R02-M1-N0-C:J12-U11 2005-06-16-15.33.50.137230 R02-M1-N0-C:J12-U11 RAS KERNEL INFO instruction cache parity error corrected
- 1118961230 2005.06.16 R02-M1-N0-C:J12-U11 2005-06-16-15.33.50.966463 R02-M1-N0-C:J12-U11 RAS KERNEL INFO instruction cache parity error corrected
- 1118961231 2005.06.16 R02-M1-N0-C:J12-U11 2005-06-16-15.33.51.799551 R02-M1-N0-C:J12-U11 RAS KERNEL INFO instruction cache parity error corrected
- 1118961232 2005.06.16 R02-M1-N0-C:J12-U11 2005-06-16-15.33.52.622112 R02-M1-N0-C:J12-U11 RAS KERNEL INFO instruction cache parity error corrected
- 1118961233 2005.06.16 R02-M1-N0-C:J12-U11 2005-06-16-15.33.53.464112 R02-M1-N0-C:J12-U11 RAS KERNEL INFO instruction cache parity error corrected
- 1118961234 2005.06.16 R02-M1-N0-C:J12-U11 2005-06-16-15.33.54.292677 R02-M1-N0-C:J12-U11 RAS KERNEL INFO instruction cache parity error corrected
- 1118961235 2005.06.16 R02-M1-N0-C:J12-U11 2005-06-16-15.33.55.126914 R02-M1-N0-C:J12-U11 RAS KERNEL INFO instruction cache parity error corrected
- 1118961235 2005.06.16 R02-M1-N0-C:J12-U11 2005-06-16-15.33.55.956464 R02-M1-N0-C:J12-U11 RAS KERNEL INFO instruction cache parity error corrected
- 1118961236 2005.06.16 R02-M1-N0-C:J12-U11 2005-06-16-15.33.56.773686 R02-M1-N0-C:J12-U11 RAS KERNEL INFO instruction cache parity error corrected
- 1118961237 2005.06.16 R02-M1-N0-C:J12-U11 2005-06-16-15.33.57.606784 R02-M1-N0-C:J12-U11 RAS KERNEL INFO instruction cache parity error corrected
- 1118961238 2005.06.16 R02-M1-N0-C:J12-U11 2005-06-16-15.33.58.426968 R02-M1-N0-C:J12-U11 RAS KERNEL INFO instruction cache parity error corrected
- 1118961239 2005.06.16 R02-M1-N0-C:J12-U11 2005-06-16-15.33.59.260437 R02-M1-N0-C:J12-U11 RAS KERNEL INFO instruction cache parity error corrected
- 1118961240 2005.06.16 R02-M1-N0-C:J12-U11 2005-06-16-15.34.00.100925 R02-M1-N0-C:J12-U11 RAS KERNEL INFO instruction cache parity error corrected
- 1118961240 2005.06.16 R02-M1-N0-C:J12-U11 2005-06-16-15.34.00.928320 R02-M1-N0-C:J12-U11 RAS KERNEL INFO instruction cache parity error corrected
- 1118961241 2005.06.16 R02-M1-N0-C:J12-U11 2005-06-16-15.34.01.752904 R02-M1-N0-C:J12-U11 RAS KERNEL INFO instruction cache parity error corrected
- 1118961242 2005.06.16 R02-M1-N0-C:J12-U11 2005-06-16-15.34.02.593137 R02-M1-N0-C:J12-U11 RAS KERNEL INFO instruction cache parity error corrected
- 1118961243 2005.06.16 R02-M1-N0-C:J12-U11 2005-06-16-15.34.03.426594 R02-M1-N0-C:J12-U11 RAS KERNEL INFO instruction cache parity error corrected
- 1118961244 2005.06.16 R02-M1-N0-C:J12-U11 2005-06-16-15.34.04.255695 R02-M1-N0-C:J12-U11 RAS KERNEL INFO instruction cache parity error corrected
- 1118961245 2005.06.16 R02-M1-N0-C:J12-U11 2005-06-16-15.34.05.070224 R02-M1-N0-C:J12-U11 RAS KERNEL INFO instruction cache parity error corrected
- 1118961245 2005.06.16 R02-M1-N0-C:J12-U11 2005-06-16-15.34.05.916893 R02-M1-N0-C:J12-U11 RAS KERNEL INFO instruction cache parity error corrected
- 1118961246 2005.06.16 R02-M1-N0-C:J12-U11 2005-06-16-15.34.06.742486 R02-M1-N0-C:J12-U11 RAS KERNEL INFO instruction cache parity error corrected
- 1118961247 2005.06.16 R02-M1-N0-C:J12-U11 2005-06-16-15.34.07.579144 R02-M1-N0-C:J12-U11 RAS KERNEL INFO instruction cache parity error corrected
- 1118961248 2005.06.16 R02-M1-N0-C:J12-U11 2005-06-16-15.34.08.409133 R02-M1-N0-C:J12-U11 RAS KERNEL INFO instruction cache parity error corrected
- 1118961249 2005.06.16 R02-M1-N0-C:J12-U11 2005-06-16-15.34.09.243395 R02-M1-N0-C:J12-U11 RAS KERNEL INFO instruction cache parity error corrected
- 1119151545 2005.06.18 R00-M0-N6-C:J03-U11 2005-06-18-20.25.45.232549 R00-M0-N6-C:J03-U11 RAS KERNEL INFO generating core.16256
- 1119151545 2005.06.18 R00-M0-N6-C:J13-U01 2005-06-18-20.25.45.329959 R00-M0-N6-C:J13-U01 RAS KERNEL INFO generating core.6784
- 1119151545 2005.06.18 R00-M0-N6-C:J10-U11 2005-06-18-20.25.45.427158 R00-M0-N6-C:J10-U11 RAS KERNEL INFO generating core.13952
- 1119151545 2005.06.18 R00-M0-N6-C:J12-U01 2005-06-18-20.25.45.524164 R00-M0-N6-C:J12-U01 RAS KERNEL INFO generating core.4736
- 1119151545 2005.06.18 R00-M1-NA-C:J09-U11 2005-06-18-20.25.45.620380 R00-M1-NA-C:J09-U11 RAS KERNEL INFO generating core.3952
- 1119151545 2005.06.18 R00-M1-NA-C:J17-U11 2005-06-18-20.25.45.724720 R00-M1-NA-C:J17-U11 RAS KERNEL INFO generating core.3696
- 1119151545 2005.06.18 R00-M1-NA-C:J03-U11 2005-06-18-20.25.45.825323 R00-M1-NA-C:J03-U11 RAS KERNEL INFO generating core.12272
- 1119151545 2005.06.18 R00-M1-NA-C:J13-U01 2005-06-18-20.25.45.922330 R00-M1-NA-C:J13-U01 RAS KERNEL INFO generating core.2800
- 1119151546 2005.06.18 R00-M1-NA-C:J06-U11 2005-06-18-20.25.46.018739 R00-M1-NA-C:J06-U11 RAS KERNEL INFO generating core.10096
- 1119151546 2005.06.18 R00-M1-NA-C:J04-U01 2005-06-18-20.25.46.120387 R00-M1-NA-C:J04-U01 RAS KERNEL INFO generating core.1008
- 1119151546 2005.06.18 R00-M1-NA-C:J02-U01 2005-06-18-20.25.46.227103 R00-M1-NA-C:J02-U01 RAS KERNEL INFO generating core.9200
- 1119151546 2005.06.18 R16-M1-NA-C:J13-U11 2005-06-18-20.25.46.325147 R16-M1-NA-C:J13-U11 RAS KERNEL INFO generating core.3737
- 1119151546 2005.06.18 R16-M1-NA-C:J03-U01 2005-06-18-20.25.46.423317 R16-M1-NA-C:J03-U01 RAS KERNEL INFO generating core.11161
- 1119151546 2005.06.18 R16-M1-NA-C:J17-U01 2005-06-18-20.25.46.522173 R16-M1-NA-C:J17-U01 RAS KERNEL INFO generating core.2585
- 1119151546 2005.06.18 R16-M1-NA-C:J09-U01 2005-06-18-20.25.46.620567 R16-M1-NA-C:J09-U01 RAS KERNEL INFO generating core.2841
- 1119151546 2005.06.18 R16-M1-NA-C:J12-U11 2005-06-18-20.25.46.722784 R16-M1-NA-C:J12-U11 RAS KERNEL INFO generating core.1689
- 1119151546 2005.06.18 R16-M1-NA-C:J10-U01 2005-06-18-20.25.46.821249 R16-M1-NA-C:J10-U01 RAS KERNEL INFO generating core.8857
- 1119151546 2005.06.18 R16-M1-NA-C:J04-U11 2005-06-18-20.25.46.919338 R16-M1-NA-C:J04-U11 RAS KERNEL INFO generating core.1945
- 1119151547 2005.06.18 R00-M1-NB-C:J09-U11 2005-06-18-20.25.47.018169 R00-M1-NB-C:J09-U11 RAS KERNEL INFO generating core.3440
- 1119151547 2005.06.18 R00-M1-NB-C:J17-U11 2005-06-18-20.25.47.116037 R00-M1-NB-C:J17-U11 RAS KERNEL INFO generating core.3184
- 1119151547 2005.06.18 R00-M1-NB-C:J09-U01 2005-06-18-20.25.47.213165 R00-M1-NB-C:J09-U01 RAS KERNEL INFO generating core.2416
- 1119151547 2005.06.18 R00-M1-NB-C:J10-U11 2005-06-18-20.25.47.317090 R00-M1-NB-C:J10-U11 RAS KERNEL INFO generating core.9456
- 1119151547 2005.06.18 R00-M1-NB-C:J16-U01 2005-06-18-20.25.47.414513 R00-M1-NB-C:J16-U01 RAS KERNEL INFO generating core.112
- 1119151547 2005.06.18 R00-M1-NB-C:J02-U01 2005-06-18-20.25.47.512423 R00-M1-NB-C:J02-U01 RAS KERNEL INFO generating core.8688
- 1119151547 2005.06.18 R12-M1-N6-C:J13-U11 2005-06-18-20.25.47.611846 R12-M1-N6-C:J13-U11 RAS KERNEL INFO generating core.7821
- 1119291149 2005.06.20 R02-M1-N5-C:J05-U11 2005-06-20-11.12.29.510535 R02-M1-N5-C:J05-U11 RAS KERNEL INFO generating core.13811
- 1119291149 2005.06.20 R02-M1-N5-C:J15-U01 2005-06-20-11.12.29.604619 R02-M1-N5-C:J15-U01 RAS KERNEL INFO generating core.14304
- 1119291149 2005.06.20 R02-M1-N5-C:J07-U01 2005-06-20-11.12.29.686490 R02-M1-N5-C:J07-U01 RAS KERNEL INFO generating core.14306
- 1119291149 2005.06.20 R02-M1-N5-C:J16-U11 2005-06-20-11.12.29.768062 R02-M1-N5-C:J16-U11 RAS KERNEL INFO generating core.13776
- 1119291149 2005.06.20 R02-M1-N5-C:J10-U11 2005-06-20-11.12.29.855381 R02-M1-N5-C:J10-U11 RAS KERNEL INFO generating core.14289
- 1119291149 2005.06.20 R02-M1-N5-C:J14-U01 2005-06-20-11.12.29.936602 R02-M1-N5-C:J14-U01 RAS KERNEL INFO generating core.14272
- 1119291150 2005.06.20 R02-M1-N5-C:J12-U01 2005-06-20-11.12.30.017046 R02-M1-N5-C:J12-U01 RAS KERNEL INFO generating core.13761
- 1119291150 2005.06.20 R02-M1-N5-C:J06-U01 2005-06-20-11.12.30.103093 R02-M1-N5-C:J06-U01 RAS KERNEL INFO generating core.14274
- 1119291150 2005.06.20 R02-M1-N5-C:J02-U11 2005-06-20-11.12.30.184013 R02-M1-N5-C:J02-U11 RAS KERNEL INFO generating core.14291
- 1119291150 2005.06.20 R01-M1-NF-C:J11-U11 2005-06-20-11.12.30.264552 R01-M1-NF-C:J11-U11 RAS KERNEL INFO generating core.8753
- 1119291150 2005.06.20 R01-M1-NF-C:J05-U01 2005-06-20-11.12.30.344680 R01-M1-NF-C:J05-U01 RAS KERNEL INFO generating core.8227
- 1119291150 2005.06.20 R01-M1-NF-C:J03-U11 2005-06-20-11.12.30.424923 R01-M1-NF-C:J03-U11 RAS KERNEL INFO generating core.8755
- 1119291150 2005.06.20 R01-M1-NF-C:J17-U01 2005-06-20-11.12.30.510362 R01-M1-NF-C:J17-U01 RAS KERNEL INFO generating core.8224
- 1119291150 2005.06.20 R01-M1-NF-C:J13-U01 2005-06-20-11.12.30.590517 R01-M1-NF-C:J13-U01 RAS KERNEL INFO generating core.8225
- 1119291150 2005.06.20 R01-M1-NF-C:J08-U11 2005-06-20-11.12.30.670372 R01-M1-NF-C:J08-U11 RAS KERNEL INFO generating core.8210
- 1119291150 2005.06.20 R01-M1-NF-C:J06-U11 2005-06-20-11.12.30.749917 R01-M1-NF-C:J06-U11 RAS KERNEL INFO generating core.8722
- 1119291150 2005.06.20 R01-M1-NF-C:J16-U01 2005-06-20-11.12.30.831274 R01-M1-NF-C:J16-U01 RAS KERNEL INFO generating core.8192
- 1119291150 2005.06.20 R01-M1-NF-C:J08-U01 2005-06-20-11.12.30.921841 R01-M1-NF-C:J08-U01 RAS KERNEL INFO generating core.8194
- 1119291151 2005.06.20 R01-M1-NF-C:J04-U11 2005-06-20-11.12.31.003285 R01-M1-NF-C:J04-U11 RAS KERNEL INFO generating core.8211
- 1119291151 2005.06.20 R05-M1-N2-C:J09-U11 2005-06-20-11.12.31.084638 R05-M1-N2-C:J09-U11 RAS KERNEL INFO generating core.10486
- 1119291151 2005.06.20 R05-M1-N2-C:J13-U11 2005-06-20-11.12.31.171466 R05-M1-N2-C:J13-U11 RAS KERNEL INFO generating core.10485
- 1119291151 2005.06.20 R05-M1-N2-C:J03-U01 2005-06-20-11.12.31.256492 R05-M1-N2-C:J03-U01 RAS KERNEL INFO generating core.10983
- 1119291151 2005.06.20 R05-M1-N2-C:J07-U11 2005-06-20-11.12.31.338852 R05-M1-N2-C:J07-U11 RAS KERNEL INFO generating core.10998
- 1119291151 2005.06.20 R05-M1-N2-C:J11-U01 2005-06-20-11.12.31.423789 R05-M1-N2-C:J11-U01 RAS KERNEL INFO generating core.10981
- 1119291151 2005.06.20 R05-M1-N2-C:J09-U01 2005-06-20-11.12.31.505828 R05-M1-N2-C:J09-U01 RAS KERNEL INFO generating core.10470
- 1119365981 2005.06.21 R02-M1-N0-C:J12-U11 2005-06-21-07.59.41.848575 R02-M1-N0-C:J12-U11 RAS KERNEL INFO instruction cache parity error corrected
- 1119365982 2005.06.21 R02-M1-N0-C:J12-U11 2005-06-21-07.59.42.118696 R02-M1-N0-C:J12-U11 RAS KERNEL INFO instruction cache parity error corrected
- 1119365982 2005.06.21 R02-M1-N0-C:J12-U11 2005-06-21-07.59.42.402174 R02-M1-N0-C:J12-U11 RAS KERNEL INFO instruction cache parity error corrected
- 1119365982 2005.06.21 R02-M1-N0-C:J12-U11 2005-06-21-07.59.42.673192 R02-M1-N0-C:J12-U11 RAS KERNEL INFO instruction cache parity error corrected
- 1119365982 2005.06.21 R02-M1-N0-C:J12-U11 2005-06-21-07.59.42.934135 R02-M1-N0-C:J12-U11 RAS KERNEL INFO instruction cache parity error corrected
- 1119365983 2005.06.21 R02-M1-N0-C:J12-U11 2005-06-21-07.59.43.207204 R02-M1-N0-C:J12-U11 RAS KERNEL INFO instruction cache parity error corrected
- 1119365983 2005.06.21 R02-M1-N0-C:J12-U11 2005-06-21-07.59.43.470512 R02-M1-N0-C:J12-U11 RAS KERNEL INFO instruction cache parity error corrected
- 1119365983 2005.06.21 R02-M1-N0-C:J12-U11 2005-06-21-07.59.43.759562 R02-M1-N0-C:J12-U11 RAS KERNEL INFO instruction cache parity error corrected
- 1119365984 2005.06.21 R02-M1-N0-C:J12-U11 2005-06-21-07.59.44.065273 R02-M1-N0-C:J12-U11 RAS KERNEL INFO instruction cache parity error corrected
- 1119365984 2005.06.21 R02-M1-N0-C:J12-U11 2005-06-21-07.59.44.363807 R02-M1-N0-C:J12-U11 RAS KERNEL INFO instruction cache parity error corrected
- 1119365984 2005.06.21 R02-M1-N0-C:J12-U11 2005-06-21-07.59.44.645591 R02-M1-N0-C:J12-U11 RAS KERNEL INFO instruction cache parity error corrected
- 1119365984 2005.06.21 R02-M1-N0-C:J12-U11 2005-06-21-07.59.44.916667 R02-M1-N0-C:J12-U11 RAS KERNEL INFO instruction cache parity error corrected
- 1119365985 2005.06.21 R02-M1-N0-C:J12-U11 2005-06-21-07.59.45.176014 R02-M1-N0-C:J12-U11 RAS KERNEL INFO instruction cache parity error corrected
- 1119365985 2005.06.21 R02-M1-N0-C:J12-U11 2005-06-21-07.59.45.446923 R02-M1-N0-C:J12-U11 RAS KERNEL INFO instruction cache parity error corrected
- 1119365985 2005.06.21 R02-M1-N0-C:J12-U11 2005-06-21-07.59.45.719086 R02-M1-N0-C:J12-U11 RAS KERNEL INFO instruction cache parity error corrected
- 1119365985 2005.06.21 R02-M1-N0-C:J12-U11 2005-06-21-07.59.45.996630 R02-M1-N0-C:J12-U11 RAS KERNEL INFO instruction cache parity error corrected
- 1119365986 2005.06.21 R02-M1-N0-C:J12-U11 2005-06-21-07.59.46.264235 R02-M1-N0-C:J12-U11 RAS KERNEL INFO instruction cache parity error corrected
- 1119365986 2005.06.21 R02-M1-N0-C:J12-U11 2005-06-21-07.59.46.533233 R02-M1-N0-C:J12-U11 RAS KERNEL INFO instruction cache parity error corrected
- 1119365986 2005.06.21 R02-M1-N0-C:J12-U11 2005-06-21-07.59.46.825079 R02-M1-N0-C:J12-U11 RAS KERNEL INFO instruction cache parity error corrected
- 1119365987 2005.06.21 R02-M1-N0-C:J12-U11 2005-06-21-07.59.47.103816 R02-M1-N0-C:J12-U11 RAS KERNEL INFO instruction cache parity error corrected
- 1119365987 2005.06.21 R02-M1-N0-C:J12-U11 2005-06-21-07.59.47.365902 R02-M1-N0-C:J12-U11 RAS KERNEL INFO instruction cache parity error corrected
- 1119365987 2005.06.21 R02-M1-N0-C:J12-U11 2005-06-21-07.59.47.635737 R02-M1-N0-C:J12-U11 RAS KERNEL INFO instruction cache parity error corrected
- 1119365987 2005.06.21 R02-M1-N0-C:J12-U11 2005-06-21-07.59.47.927304 R02-M1-N0-C:J12-U11 RAS KERNEL INFO instruction cache parity error corrected
- 1119365988 2005.06.21 R02-M1-N0-C:J12-U11 2005-06-21-07.59.48.238490 R02-M1-N0-C:J12-U11 RAS KERNEL INFO instruction cache parity error corrected
- 1119365988 2005.06.21 R02-M1-N0-C:J12-U11 2005-06-21-07.59.48.521701 R02-M1-N0-C:J12-U11 RAS KERNEL INFO instruction cache parity error corrected
- 1119476006 2005.06.22 R22-M0-N2-C:J06-U11 2005-06-22-14.33.26.050648 R22-M0-N2-C:J06-U11 RAS KERNEL INFO 211200 double-hummer alignment exceptions
- 1119476006 2005.06.22 R22-M0-N2-C:J16-U01 2005-06-22-14.33.26.124815 R22-M0-N2-C:J16-U01 RAS KERNEL INFO 211200 double-hummer alignment exceptions
- 1119476006 2005.06.22 R22-M0-N2-C:J08-U01 2005-06-22-14.33.26.183205 R22-M0-N2-C:J08-U01 RAS KERNEL INFO 211200 double-hummer alignment exceptions
- 1119476006 2005.06.22 R22-M0-N2-C:J04-U11 2005-06-22-14.33.26.243931 R22-M0-N2-C:J04-U11 RAS KERNEL INFO 211200 double-hummer alignment exceptions
- 1119476006 2005.06.22 R22-M0-NA-C:J09-U11 2005-06-22-14.33.26.301571 R22-M0-NA-C:J09-U11 RAS KERNEL INFO 211200 double-hummer alignment exceptions
- 1119476006 2005.06.22 R22-M0-NA-C:J13-U11 2005-06-22-14.33.26.357535 R22-M0-NA-C:J13-U11 RAS KERNEL INFO 211200 double-hummer alignment exceptions
- 1119476006 2005.06.22 R22-M0-NA-C:J03-U01 2005-06-22-14.33.26.423499 R22-M0-NA-C:J03-U01 RAS KERNEL INFO 211200 double-hummer alignment exceptions
- 1119476006 2005.06.22 R22-M0-NA-C:J07-U11 2005-06-22-14.33.26.481584 R22-M0-NA-C:J07-U11 RAS KERNEL INFO 211200 double-hummer alignment exceptions
- 1119476006 2005.06.22 R22-M0-NA-C:J11-U01 2005-06-22-14.33.26.536025 R22-M0-NA-C:J11-U01 RAS KERNEL INFO 211200 double-hummer alignment exceptions
- 1119476006 2005.06.22 R22-M0-NA-C:J09-U01 2005-06-22-14.33.26.594983 R22-M0-NA-C:J09-U01 RAS KERNEL INFO 211200 double-hummer alignment exceptions
- 1119476006 2005.06.22 R22-M0-NA-C:J14-U11 2005-06-22-14.33.26.661107 R22-M0-NA-C:J14-U11 RAS KERNEL INFO 211200 double-hummer alignment exceptions
- 1119476006 2005.06.22 R22-M0-NA-C:J12-U11 2005-06-22-14.33.26.720466 R22-M0-NA-C:J12-U11 RAS KERNEL INFO 211200 double-hummer alignment exceptions
- 1119476006 2005.06.22 R22-M0-NA-C:J10-U01 2005-06-22-14.33.26.775889 R22-M0-NA-C:J10-U01 RAS KERNEL INFO 211200 double-hummer alignment exceptions
- 1119476006 2005.06.22 R22-M0-NA-C:J04-U01 2005-06-22-14.33.26.834239 R22-M0-NA-C:J04-U01 RAS KERNEL INFO 211200 double-hummer alignment exceptions
- 1119476006 2005.06.22 R22-M0-NA-C:J02-U01 2005-06-22-14.33.26.889294 R22-M0-NA-C:J02-U01 RAS KERNEL INFO 211200 double-hummer alignment exceptions
- 1119476006 2005.06.22 R22-M0-N5-C:J15-U11 2005-06-22-14.33.26.944430 R22-M0-N5-C:J15-U11 RAS KERNEL INFO 211200 double-hummer alignment exceptions
- 1119476007 2005.06.22 R22-M0-N5-C:J17-U11 2005-06-22-14.33.27.010680 R22-M0-N5-C:J17-U11 RAS KERNEL INFO 211200 double-hummer alignment exceptions
- 1119476007 2005.06.22 R22-M0-N5-C:J05-U11 2005-06-22-14.33.27.065788 R22-M0-N5-C:J05-U11 RAS KERNEL INFO 211200 double-hummer alignment exceptions
- 1119476007 2005.06.22 R22-M0-N5-C:J15-U01 2005-06-22-14.33.27.123795 R22-M0-N5-C:J15-U01 RAS KERNEL INFO 211200 double-hummer alignment exceptions
- 1119476007 2005.06.22 R22-M0-N5-C:J07-U01 2005-06-22-14.33.27.186100 R22-M0-N5-C:J07-U01 RAS KERNEL INFO 211200 double-hummer alignment exceptions
- 1119476007 2005.06.22 R22-M0-N5-C:J16-U11 2005-06-22-14.33.27.241071 R22-M0-N5-C:J16-U11 RAS KERNEL INFO 211200 double-hummer alignment exceptions
- 1119476007 2005.06.22 R22-M0-N5-C:J10-U11 2005-06-22-14.33.27.301400 R22-M0-N5-C:J10-U11 RAS KERNEL INFO 211200 double-hummer alignment exceptions
- 1119476007 2005.06.22 R22-M0-N5-C:J14-U01 2005-06-22-14.33.27.359300 R22-M0-N5-C:J14-U01 RAS KERNEL INFO 211200 double-hummer alignment exceptions
- 1119476007 2005.06.22 R22-M0-N5-C:J12-U01 2005-06-22-14.33.27.415180 R22-M0-N5-C:J12-U01 RAS KERNEL INFO 211200 double-hummer alignment exceptions
- 1119476007 2005.06.22 R22-M0-N5-C:J06-U01 2005-06-22-14.33.27.471355 R22-M0-N5-C:J06-U01 RAS KERNEL INFO 211200 double-hummer alignment exceptions
- 1119482223 2005.06.22 R23-M1-NB-C:J09-U11 2005-06-22-16.17.03.481928 R23-M1-NB-C:J09-U11 RAS KERNEL INFO 1030400 double-hummer alignment exceptions
- 1119482223 2005.06.22 R23-M1-NB-C:J15-U11 2005-06-22-16.17.03.519393 R23-M1-NB-C:J15-U11 RAS KERNEL INFO 1030400 double-hummer alignment exceptions
- 1119482223 2005.06.22 R23-M1-NB-C:J13-U11 2005-06-22-16.17.03.565879 R23-M1-NB-C:J13-U11 RAS KERNEL INFO 1030400 double-hummer alignment exceptions
- 1119482223 2005.06.22 R23-M1-NB-C:J17-U11 2005-06-22-16.17.03.614480 R23-M1-NB-C:J17-U11 RAS KERNEL INFO 1030400 double-hummer alignment exceptions
- 1119482223 2005.06.22 R23-M1-NB-C:J03-U01 2005-06-22-16.17.03.661662 R23-M1-NB-C:J03-U01 RAS KERNEL INFO 1030400 double-hummer alignment exceptions
- 1119482223 2005.06.22 R23-M1-NB-C:J05-U11 2005-06-22-16.17.03.698354 R23-M1-NB-C:J05-U11 RAS KERNEL INFO 1030400 double-hummer alignment exceptions
- 1119482223 2005.06.22 R23-M1-NB-C:J07-U11 2005-06-22-16.17.03.743170 R23-M1-NB-C:J07-U11 RAS KERNEL INFO 1030400 double-hummer alignment exceptions
- 1119482223 2005.06.22 R23-M1-NB-C:J15-U01 2005-06-22-16.17.03.781322 R23-M1-NB-C:J15-U01 RAS KERNEL INFO 1030400 double-hummer alignment exceptions
- 1119482223 2005.06.22 R23-M1-NB-C:J11-U01 2005-06-22-16.17.03.829713 R23-M1-NB-C:J11-U01 RAS KERNEL INFO 1030400 double-hummer alignment exceptions
- 1119482223 2005.06.22 R23-M1-NB-C:J07-U01 2005-06-22-16.17.03.866134 R23-M1-NB-C:J07-U01 RAS KERNEL INFO 1030400 double-hummer alignment exceptions
- 1119482223 2005.06.22 R23-M1-NB-C:J09-U01 2005-06-22-16.17.03.911130 R23-M1-NB-C:J09-U01 RAS KERNEL INFO 1030400 double-hummer alignment exceptions
- 1119482223 2005.06.22 R23-M1-NB-C:J16-U11 2005-06-22-16.17.03.955145 R23-M1-NB-C:J16-U11 RAS KERNEL INFO 1030400 double-hummer alignment exceptions
- 1119482223 2005.06.22 R23-M1-NB-C:J14-U11 2005-06-22-16.17.03.999756 R23-M1-NB-C:J14-U11 RAS KERNEL INFO 1030400 double-hummer alignment exceptions
- 1119482224 2005.06.22 R23-M1-NB-C:J10-U11 2005-06-22-16.17.04.049474 R23-M1-NB-C:J10-U11 RAS KERNEL INFO 1030400 double-hummer alignment exceptions
- 1119482224 2005.06.22 R23-M1-NB-C:J12-U11 2005-06-22-16.17.04.104838 R23-M1-NB-C:J12-U11 RAS KERNEL INFO 1030400 double-hummer alignment exceptions
- 1119482224 2005.06.22 R23-M1-NB-C:J14-U01 2005-06-22-16.17.04.143807 R23-M1-NB-C:J14-U01 RAS KERNEL INFO 1030400 double-hummer alignment exceptions
- 1119482224 2005.06.22 R23-M1-NB-C:J10-U01 2005-06-22-16.17.04.191811 R23-M1-NB-C:J10-U01 RAS KERNEL INFO 1030400 double-hummer alignment exceptions
- 1119482224 2005.06.22 R23-M1-NB-C:J12-U01 2005-06-22-16.17.04.228643 R23-M1-NB-C:J12-U01 RAS KERNEL INFO 1030400 double-hummer alignment exceptions
- 1119482224 2005.06.22 R23-M1-NB-C:J04-U01 2005-06-22-16.17.04.280370 R23-M1-NB-C:J04-U01 RAS KERNEL INFO 1122560 double-hummer alignment exceptions
- 1119482224 2005.06.22 R23-M1-NB-C:J06-U01 2005-06-22-16.17.04.323999 R23-M1-NB-C:J06-U01 RAS KERNEL INFO 1030400 double-hummer alignment exceptions
- 1119482224 2005.06.22 R23-M1-NB-C:J02-U01 2005-06-22-16.17.04.368673 R23-M1-NB-C:J02-U01 RAS KERNEL INFO 1030400 double-hummer alignment exceptions
- 1119482224 2005.06.22 R23-M1-NB-C:J02-U11 2005-06-22-16.17.04.405704 R23-M1-NB-C:J02-U11 RAS KERNEL INFO 1030400 double-hummer alignment exceptions
- 1119482224 2005.06.22 R23-M1-NA-C:J15-U11 2005-06-22-16.17.04.461993 R23-M1-NA-C:J15-U11 RAS KERNEL INFO 1030400 double-hummer alignment exceptions
- 1119482224 2005.06.22 R23-M1-NA-C:J11-U11 2005-06-22-16.17.04.509790 R23-M1-NA-C:J11-U11 RAS KERNEL INFO 1030400 double-hummer alignment exceptions
- 1119482224 2005.06.22 R23-M1-NA-C:J17-U11 2005-06-22-16.17.04.555274 R23-M1-NA-C:J17-U11 RAS KERNEL INFO 1030400 double-hummer alignment exceptions
- 1119571771 2005.06.23 R22-M1-N3-C:J12-U11 2005-06-23-17.09.31.888452 R22-M1-N3-C:J12-U11 RAS KERNEL INFO 3091200 double-hummer alignment exceptions
- 1119571771 2005.06.23 R22-M1-N3-C:J16-U01 2005-06-23-17.09.31.932421 R22-M1-N3-C:J16-U01 RAS KERNEL INFO 3091200 double-hummer alignment exceptions
- 1119571771 2005.06.23 R22-M1-N3-C:J10-U01 2005-06-23-17.09.31.973725 R22-M1-N3-C:J10-U01 RAS KERNEL INFO 3091200 double-hummer alignment exceptions
- 1119571772 2005.06.23 R22-M1-N3-C:J08-U01 2005-06-23-17.09.32.021252 R22-M1-N3-C:J08-U01 RAS KERNEL INFO 3091200 double-hummer alignment exceptions
- 1119571772 2005.06.23 R22-M1-N3-C:J04-U01 2005-06-23-17.09.32.060138 R22-M1-N3-C:J04-U01 RAS KERNEL INFO 3091200 double-hummer alignment exceptions
- 1119571772 2005.06.23 R22-M1-N3-C:J04-U11 2005-06-23-17.09.32.105443 R22-M1-N3-C:J04-U11 RAS KERNEL INFO 3091200 double-hummer alignment exceptions
- 1119571772 2005.06.23 R22-M1-N3-C:J02-U01 2005-06-23-17.09.32.144888 R22-M1-N3-C:J02-U01 RAS KERNEL INFO 3091200 double-hummer alignment exceptions
- 1119571772 2005.06.23 R23-M1-NB-C:J09-U11 2005-06-23-17.09.32.208229 R23-M1-NB-C:J09-U11 RAS KERNEL INFO 3091200 double-hummer alignment exceptions
- 1119571772 2005.06.23 R23-M1-NB-C:J15-U11 2005-06-23-17.09.32.245242 R23-M1-NB-C:J15-U11 RAS KERNEL INFO 3091200 double-hummer alignment exceptions
- 1119571772 2005.06.23 R23-M1-NB-C:J13-U11 2005-06-23-17.09.32.293501 R23-M1-NB-C:J13-U11 RAS KERNEL INFO 3091200 double-hummer alignment exceptions
- 1119571772 2005.06.23 R23-M1-NB-C:J17-U11 2005-06-23-17.09.32.331249 R23-M1-NB-C:J17-U11 RAS KERNEL INFO 3091200 double-hummer alignment exceptions
- 1119571772 2005.06.23 R23-M1-NB-C:J03-U01 2005-06-23-17.09.32.378242 R23-M1-NB-C:J03-U01 RAS KERNEL INFO 3091200 double-hummer alignment exceptions
- 1119571772 2005.06.23 R23-M1-NB-C:J05-U11 2005-06-23-17.09.32.420673 R23-M1-NB-C:J05-U11 RAS KERNEL INFO 3091200 double-hummer alignment exceptions
- 1119571772 2005.06.23 R23-M1-NB-C:J07-U11 2005-06-23-17.09.32.465636 R23-M1-NB-C:J07-U11 RAS KERNEL INFO 3091200 double-hummer alignment exceptions
- 1119571772 2005.06.23 R23-M1-NB-C:J15-U01 2005-06-23-17.09.32.508532 R23-M1-NB-C:J15-U01 RAS KERNEL INFO 3091200 double-hummer alignment exceptions
- 1119571772 2005.06.23 R23-M1-NB-C:J11-U01 2005-06-23-17.09.32.560957 R23-M1-NB-C:J11-U01 RAS KERNEL INFO 3091200 double-hummer alignment exceptions
- 1119571772 2005.06.23 R23-M1-NB-C:J07-U01 2005-06-23-17.09.32.604553 R23-M1-NB-C:J07-U01 RAS KERNEL INFO 3091200 double-hummer alignment exceptions
- 1119571772 2005.06.23 R23-M1-NB-C:J09-U01 2005-06-23-17.09.32.656615 R23-M1-NB-C:J09-U01 RAS KERNEL INFO 3091200 double-hummer alignment exceptions
- 1119571772 2005.06.23 R23-M1-NB-C:J16-U11 2005-06-23-17.09.32.693673 R23-M1-NB-C:J16-U11 RAS KERNEL INFO 3091200 double-hummer alignment exceptions
- 1119571772 2005.06.23 R23-M1-NB-C:J14-U11 2005-06-23-17.09.32.738665 R23-M1-NB-C:J14-U11 RAS KERNEL INFO 3091200 double-hummer alignment exceptions
- 1119571772 2005.06.23 R23-M1-NB-C:J10-U11 2005-06-23-17.09.32.775402 R23-M1-NB-C:J10-U11 RAS KERNEL INFO 3091200 double-hummer alignment exceptions
- 1119571772 2005.06.23 R23-M1-NB-C:J12-U11 2005-06-23-17.09.32.820943 R23-M1-NB-C:J12-U11 RAS KERNEL INFO 3091200 double-hummer alignment exceptions
- 1119571772 2005.06.23 R23-M1-NB-C:J14-U01 2005-06-23-17.09.32.862159 R23-M1-NB-C:J14-U01 RAS KERNEL INFO 3091200 double-hummer alignment exceptions
- 1119571772 2005.06.23 R23-M1-NB-C:J10-U01 2005-06-23-17.09.32.910382 R23-M1-NB-C:J10-U01 RAS KERNEL INFO 3091200 double-hummer alignment exceptions
- 1119571772 2005.06.23 R23-M1-NB-C:J12-U01 2005-06-23-17.09.32.947395 R23-M1-NB-C:J12-U01 RAS KERNEL INFO 3091200 double-hummer alignment exceptions
- 1119694974 2005.06.25 R25-M1-N5-C:J05-U11 2005-06-25-03.22.54.202888 R25-M1-N5-C:J05-U11 RAS KERNEL INFO 745753696 double-hummer alignment exceptions
- 1119694974 2005.06.25 R25-M1-N5-C:J03-U11 2005-06-25-03.22.54.252549 R25-M1-N5-C:J03-U11 RAS KERNEL INFO 746840784 double-hummer alignment exceptions
- 1119694974 2005.06.25 R25-M1-N5-C:J15-U01 2005-06-25-03.22.54.314156 R25-M1-N5-C:J15-U01 RAS KERNEL INFO 772662256 double-hummer alignment exceptions
- 1119694974 2005.06.25 R25-M1-N5-C:J17-U01 2005-06-25-03.22.54.359586 R25-M1-N5-C:J17-U01 RAS KERNEL INFO 750510352 double-hummer alignment exceptions
- 1119694974 2005.06.25 R25-M1-N5-C:J07-U01 2005-06-25-03.22.54.413208 R25-M1-N5-C:J07-U01 RAS KERNEL INFO 740608160 double-hummer alignment exceptions
- 1119694974 2005.06.25 R25-M1-N5-C:J13-U01 2005-06-25-03.22.54.458329 R25-M1-N5-C:J13-U01 RAS KERNEL INFO 747948512 double-hummer alignment exceptions
- 1119694974 2005.06.25 R25-M1-N5-C:J16-U11 2005-06-25-03.22.54.511573 R25-M1-N5-C:J16-U11 RAS KERNEL INFO 750146080 double-hummer alignment exceptions
- 1119694974 2005.06.25 R25-M1-N5-C:J08-U11 2005-06-25-03.22.54.564397 R25-M1-N5-C:J08-U11 RAS KERNEL INFO 749558128 double-hummer alignment exceptions
- 1119694974 2005.06.25 R25-M1-N5-C:J10-U11 2005-06-25-03.22.54.627197 R25-M1-N5-C:J10-U11 RAS KERNEL INFO 764569616 double-hummer alignment exceptions
- 1119694974 2005.06.25 R25-M1-N5-C:J06-U11 2005-06-25-03.22.54.672293 R25-M1-N5-C:J06-U11 RAS KERNEL INFO 752983264 double-hummer alignment exceptions
- 1119694974 2005.06.25 R25-M1-N5-C:J14-U01 2005-06-25-03.22.54.725997 R25-M1-N5-C:J14-U01 RAS KERNEL INFO 753403152 double-hummer alignment exceptions
- 1119694974 2005.06.25 R25-M1-N5-C:J16-U01 2005-06-25-03.22.54.773033 R25-M1-N5-C:J16-U01 RAS KERNEL INFO 764817552 double-hummer alignment exceptions
- 1119694974 2005.06.25 R25-M1-N5-C:J12-U01 2005-06-25-03.22.54.839830 R25-M1-N5-C:J12-U01 RAS KERNEL INFO 753621552 double-hummer alignment exceptions
- 1119694974 2005.06.25 R25-M1-N5-C:J08-U01 2005-06-25-03.22.54.886418 R25-M1-N5-C:J08-U01 RAS KERNEL INFO 767825824 double-hummer alignment exceptions
- 1119694974 2005.06.25 R25-M1-N5-C:J06-U01 2005-06-25-03.22.54.941712 R25-M1-N5-C:J06-U01 RAS KERNEL INFO 754916432 double-hummer alignment exceptions
- 1119694974 2005.06.25 R25-M1-N5-C:J04-U11 2005-06-25-03.22.54.987948 R25-M1-N5-C:J04-U11 RAS KERNEL INFO 761020528 double-hummer alignment exceptions
- 1119694975 2005.06.25 R25-M1-N5-C:J02-U11 2005-06-25-03.22.55.050153 R25-M1-N5-C:J02-U11 RAS KERNEL INFO 747283248 double-hummer alignment exceptions
- 1119694975 2005.06.25 R25-M0-N5-C:J09-U11 2005-06-25-03.22.55.103130 R25-M0-N5-C:J09-U11 RAS KERNEL INFO 755418160 double-hummer alignment exceptions
- 1119694975 2005.06.25 R25-M0-N5-C:J11-U11 2005-06-25-03.22.55.158072 R25-M0-N5-C:J11-U11 RAS KERNEL INFO 763495168 double-hummer alignment exceptions
- 1119694975 2005.06.25 R25-M0-N5-C:J13-U11 2005-06-25-03.22.55.204569 R25-M0-N5-C:J13-U11 RAS KERNEL INFO 758024704 double-hummer alignment exceptions
- 1119694975 2005.06.25 R25-M0-N5-C:J05-U01 2005-06-25-03.22.55.261074 R25-M0-N5-C:J05-U01 RAS KERNEL INFO 759678128 double-hummer alignment exceptions
- 1119694975 2005.06.25 R25-M0-N5-C:J03-U01 2005-06-25-03.22.55.312052 R25-M0-N5-C:J03-U01 RAS KERNEL INFO 756816464 double-hummer alignment exceptions
- 1119694975 2005.06.25 R25-M0-N5-C:J03-U11 2005-06-25-03.22.55.440884 R25-M0-N5-C:J03-U11 RAS KERNEL INFO 754932240 double-hummer alignment exceptions
- 1119694975 2005.06.25 R25-M0-N5-C:J07-U11 2005-06-25-03.22.55.487905 R25-M0-N5-C:J07-U11 RAS KERNEL INFO 754861664 double-hummer alignment exceptions
- 1119694975 2005.06.25 R25-M0-N5-C:J17-U01 2005-06-25-03.22.55.545698 R25-M0-N5-C:J17-U01 RAS KERNEL INFO 740313248 double-hummer alignment exceptions
- 1119695657 2005.06.25 R35-M0-N5-C:J12-U11 2005-06-25-03.34.17.966056 R35-M0-N5-C:J12-U11 RAS KERNEL INFO 258146311 double-hummer alignment exceptions
- 1119695658 2005.06.25 R35-M0-N5-C:J14-U01 2005-06-25-03.34.18.026744 R35-M0-N5-C:J14-U01 RAS KERNEL INFO 254303168 double-hummer alignment exceptions
- 1119695658 2005.06.25 R35-M0-N5-C:J10-U01 2005-06-25-03.34.18.087436 R35-M0-N5-C:J10-U01 RAS KERNEL INFO 255662260 double-hummer alignment exceptions
- 1119695658 2005.06.25 R35-M0-N5-C:J12-U01 2005-06-25-03.34.18.140201 R35-M0-N5-C:J12-U01 RAS KERNEL INFO 259551862 double-hummer alignment exceptions
- 1119695658 2005.06.25 R35-M0-N5-C:J04-U01 2005-06-25-03.34.18.204774 R35-M0-N5-C:J04-U01 RAS KERNEL INFO 257019377 double-hummer alignment exceptions
- 1119695658 2005.06.25 R35-M0-N5-C:J06-U01 2005-06-25-03.34.18.261677 R35-M0-N5-C:J06-U01 RAS KERNEL INFO 253016677 double-hummer alignment exceptions
- 1119695658 2005.06.25 R35-M0-N5-C:J02-U01 2005-06-25-03.34.18.322655 R35-M0-N5-C:J02-U01 RAS KERNEL INFO 255604612 double-hummer alignment exceptions
- 1119695658 2005.06.25 R35-M0-N5-C:J02-U11 2005-06-25-03.34.18.373300 R35-M0-N5-C:J02-U11 RAS KERNEL INFO 254767597 double-hummer alignment exceptions
- 1119695658 2005.06.25 R35-M0-N2-C:J15-U11 2005-06-25-03.34.18.438858 R35-M0-N2-C:J15-U11 RAS KERNEL INFO 257621291 double-hummer alignment exceptions
- 1119695658 2005.06.25 R35-M0-N2-C:J11-U11 2005-06-25-03.34.18.490545 R35-M0-N2-C:J11-U11 RAS KERNEL INFO 255935891 double-hummer alignment exceptions
- 1119695658 2005.06.25 R35-M0-N2-C:J17-U11 2005-06-25-03.34.18.559156 R35-M0-N2-C:J17-U11 RAS KERNEL INFO 258309130 double-hummer alignment exceptions
- 1119695658 2005.06.25 R35-M0-N2-C:J05-U01 2005-06-25-03.34.18.610858 R35-M0-N2-C:J05-U01 RAS KERNEL INFO 256614079 double-hummer alignment exceptions
- 1119695658 2005.06.25 R35-M0-N2-C:J05-U11 2005-06-25-03.34.18.670359 R35-M0-N2-C:J05-U11 RAS KERNEL INFO 255002104 double-hummer alignment exceptions
- 1119695658 2005.06.25 R35-M0-N2-C:J03-U11 2005-06-25-03.34.18.727010 R35-M0-N2-C:J03-U11 RAS KERNEL INFO 257842314 double-hummer alignment exceptions
- 1119695658 2005.06.25 R35-M0-N2-C:J15-U01 2005-06-25-03.34.18.787528 R35-M0-N2-C:J15-U01 RAS KERNEL INFO 256328249 double-hummer alignment exceptions
- 1119695658 2005.06.25 R35-M0-N2-C:J17-U01 2005-06-25-03.34.18.845471 R35-M0-N2-C:J17-U01 RAS KERNEL INFO 256497314 double-hummer alignment exceptions
- 1119695658 2005.06.25 R35-M0-N2-C:J07-U01 2005-06-25-03.34.18.904191 R35-M0-N2-C:J07-U01 RAS KERNEL INFO 256841008 double-hummer alignment exceptions
- 1119695658 2005.06.25 R35-M0-N2-C:J13-U01 2005-06-25-03.34.18.953973 R35-M0-N2-C:J13-U01 RAS KERNEL INFO 254747052 double-hummer alignment exceptions
- 1119695659 2005.06.25 R35-M0-N2-C:J16-U11 2005-06-25-03.34.19.011477 R35-M0-N2-C:J16-U11 RAS KERNEL INFO 258472900 double-hummer alignment exceptions
- 1119695659 2005.06.25 R35-M0-N2-C:J08-U11 2005-06-25-03.34.19.060849 R35-M0-N2-C:J08-U11 RAS KERNEL INFO 253872388 double-hummer alignment exceptions
- 1119695659 2005.06.25 R35-M0-N2-C:J10-U11 2005-06-25-03.34.19.120418 R35-M0-N2-C:J10-U11 RAS KERNEL INFO 254657219 double-hummer alignment exceptions
- 1119695659 2005.06.25 R35-M0-N2-C:J06-U11 2005-06-25-03.34.19.169787 R35-M0-N2-C:J06-U11 RAS KERNEL INFO 256975533 double-hummer alignment exceptions
- 1119695659 2005.06.25 R35-M0-N2-C:J14-U01 2005-06-25-03.34.19.230411 R35-M0-N2-C:J14-U01 RAS KERNEL INFO 254117005 double-hummer alignment exceptions
- 1119695659 2005.06.25 R35-M0-N2-C:J16-U01 2005-06-25-03.34.19.280131 R35-M0-N2-C:J16-U01 RAS KERNEL INFO 255650506 double-hummer alignment exceptions
- 1119695659 2005.06.25 R35-M0-N2-C:J12-U01 2005-06-25-03.34.19.339097 R35-M0-N2-C:J12-U01 RAS KERNEL INFO 257470182 double-hummer alignment exceptions
- 1119715172 2005.06.25 R26-M1-NA-C:J16-U01 2005-06-25-08.59.32.997415 R26-M1-NA-C:J16-U01 RAS KERNEL INFO generating core.4636
- 1119715173 2005.06.25 R26-M1-NA-C:J10-U01 2005-06-25-08.59.33.084454 R26-M1-NA-C:J10-U01 RAS KERNEL INFO generating core.38429
- 1119715173 2005.06.25 R26-M1-NA-C:J04-U01 2005-06-25-08.59.33.180752 R26-M1-NA-C:J04-U01 RAS KERNEL INFO generating core.4639
- 1119715173 2005.06.25 R26-M1-NA-C:J06-U01 2005-06-25-08.59.33.267493 R26-M1-NA-C:J06-U01 RAS KERNEL INFO generating core.38430
- 1119715173 2005.06.25 R26-M1-NA-C:J02-U01 2005-06-25-08.59.33.387657 R26-M1-NA-C:J02-U01 RAS KERNEL INFO generating core.5663
- 1119715173 2005.06.25 R26-M1-NA-C:J02-U11 2005-06-25-08.59.33.477663 R26-M1-NA-C:J02-U11 RAS KERNEL INFO generating core.38463
- 1119715173 2005.06.25 R27-M1-N5-C:J15-U11 2005-06-25-08.59.33.578140 R27-M1-N5-C:J15-U11 RAS KERNEL INFO generating core.12024
- 1119715173 2005.06.25 R27-M1-N5-C:J11-U11 2005-06-25-08.59.33.665292 R27-M1-N5-C:J11-U11 RAS KERNEL INFO generating core.44793
- 1119715173 2005.06.25 R27-M1-N5-C:J17-U11 2005-06-25-08.59.33.759602 R27-M1-N5-C:J17-U11 RAS KERNEL INFO generating core.11000
- 1119715173 2005.06.25 R27-M1-N5-C:J05-U01 2005-06-25-08.59.33.845046 R27-M1-N5-C:J05-U01 RAS KERNEL INFO generating core.43739
- 1119715173 2005.06.25 R27-M1-N5-C:J05-U11 2005-06-25-08.59.33.956692 R27-M1-N5-C:J05-U11 RAS KERNEL INFO generating core.11003
- 1119715174 2005.06.25 R27-M1-N5-C:J03-U11 2005-06-25-08.59.34.042249 R27-M1-N5-C:J03-U11 RAS KERNEL INFO generating core.44795
- 1119715174 2005.06.25 R27-M1-N5-C:J15-U01 2005-06-25-08.59.34.145359 R27-M1-N5-C:J15-U01 RAS KERNEL INFO generating core.11992
- 1119715174 2005.06.25 R27-M1-N5-C:J17-U01 2005-06-25-08.59.34.231070 R27-M1-N5-C:J17-U01 RAS KERNEL INFO generating core.43736
- 1119715174 2005.06.25 R27-M1-N5-C:J07-U01 2005-06-25-08.59.34.327149 R27-M1-N5-C:J07-U01 RAS KERNEL INFO generating core.11994
- 1119715174 2005.06.25 R27-M1-N5-C:J13-U01 2005-06-25-08.59.34.423036 R27-M1-N5-C:J13-U01 RAS KERNEL INFO generating core.43737
- 1119715174 2005.06.25 R27-M1-N5-C:J16-U11 2005-06-25-08.59.34.515486 R27-M1-N5-C:J16-U11 RAS KERNEL INFO generating core.10936
- 1119715174 2005.06.25 R27-M1-N5-C:J08-U11 2005-06-25-08.59.34.599413 R27-M1-N5-C:J08-U11 RAS KERNEL INFO generating core.43706
- 1119715174 2005.06.25 R27-M1-N5-C:J10-U11 2005-06-25-08.59.34.692347 R27-M1-N5-C:J10-U11 RAS KERNEL INFO generating core.11961
- 1119715174 2005.06.25 R27-M1-N5-C:J06-U11 2005-06-25-08.59.34.776405 R27-M1-N5-C:J06-U11 RAS KERNEL INFO generating core.44730
- 1119715174 2005.06.25 R27-M1-N5-C:J14-U01 2005-06-25-08.59.34.885815 R27-M1-N5-C:J14-U01 RAS KERNEL INFO generating core.11928
- 1119715174 2005.06.25 R27-M1-N5-C:J16-U01 2005-06-25-08.59.34.970500 R27-M1-N5-C:J16-U01 RAS KERNEL INFO generating core.43672
- 1119715175 2005.06.25 R27-M1-N5-C:J12-U01 2005-06-25-08.59.35.062598 R27-M1-N5-C:J12-U01 RAS KERNEL INFO generating core.10905
- 1119715175 2005.06.25 R27-M1-N5-C:J08-U01 2005-06-25-08.59.35.146446 R27-M1-N5-C:J08-U01 RAS KERNEL INFO generating core.43674
- 1119715175 2005.06.25 R27-M1-N5-C:J06-U01 2005-06-25-08.59.35.238623 R27-M1-N5-C:J06-U01 RAS KERNEL INFO generating core.11930
- 1119715640 2005.06.25 R24-M1-N6-C:J03-U11 2005-06-25-09.07.20.246669 R24-M1-N6-C:J03-U11 RAS KERNEL INFO generating core.34303
- 1119715640 2005.06.25 R24-M1-N6-C:J15-U01 2005-06-25-09.07.20.339390 R24-M1-N6-C:J15-U01 RAS KERNEL INFO generating core.1500
- 1119715640 2005.06.25 R24-M1-N6-C:J17-U01 2005-06-25-09.07.20.428969 R24-M1-N6-C:J17-U01 RAS KERNEL INFO generating core.33244
- 1119715640 2005.06.25 R24-M1-N6-C:J07-U01 2005-06-25-09.07.20.524610 R24-M1-N6-C:J07-U01 RAS KERNEL INFO generating core.1502
- 1119715640 2005.06.25 R24-M1-N6-C:J13-U01 2005-06-25-09.07.20.610716 R24-M1-N6-C:J13-U01 RAS KERNEL INFO generating core.33245
- 1119715640 2005.06.25 R24-M1-N6-C:J16-U11 2005-06-25-09.07.20.705667 R24-M1-N6-C:J16-U11 RAS KERNEL INFO generating core.444
- 1119715640 2005.06.25 R24-M1-N6-C:J08-U11 2005-06-25-09.07.20.790266 R24-M1-N6-C:J08-U11 RAS KERNEL INFO generating core.33214
- 1119715640 2005.06.25 R24-M1-N6-C:J10-U11 2005-06-25-09.07.20.886805 R24-M1-N6-C:J10-U11 RAS KERNEL INFO generating core.1469
- 1119715640 2005.06.25 R24-M1-N6-C:J06-U11 2005-06-25-09.07.20.970952 R24-M1-N6-C:J06-U11 RAS KERNEL INFO generating core.34238
- 1119715641 2005.06.25 R24-M1-N6-C:J14-U01 2005-06-25-09.07.21.165675 R24-M1-N6-C:J14-U01 RAS KERNEL INFO generating core.1436
- 1119715641 2005.06.25 R24-M1-N6-C:J16-U01 2005-06-25-09.07.21.252077 R24-M1-N6-C:J16-U01 RAS KERNEL INFO generating core.33180
- 1119715641 2005.06.25 R24-M1-N6-C:J12-U01 2005-06-25-09.07.21.346122 R24-M1-N6-C:J12-U01 RAS KERNEL INFO generating core.413
- 1119715641 2005.06.25 R24-M1-N6-C:J08-U01 2005-06-25-09.07.21.431132 R24-M1-N6-C:J08-U01 RAS KERNEL INFO generating core.33182
- 1119715641 2005.06.25 R24-M1-N6-C:J06-U01 2005-06-25-09.07.21.625431 R24-M1-N6-C:J06-U01 RAS KERNEL INFO generating core.1438
- 1119715641 2005.06.25 R24-M1-N6-C:J04-U11 2005-06-25-09.07.21.712014 R24-M1-N6-C:J04-U11 RAS KERNEL INFO generating core.33215
- 1119715641 2005.06.25 R24-M1-N6-C:J02-U11 2005-06-25-09.07.21.806899 R24-M1-N6-C:J02-U11 RAS KERNEL INFO generating core.1471
- 1119715641 2005.06.25 R32-M1-N5-C:J09-U11 2005-06-25-09.07.21.897761 R32-M1-N5-C:J09-U11 RAS KERNEL INFO generating core.60402
- 1119715641 2005.06.25 R32-M1-N5-C:J11-U11 2005-06-25-09.07.21.994029 R32-M1-N5-C:J11-U11 RAS KERNEL INFO generating core.28657
- 1119715642 2005.06.25 R32-M1-N5-C:J13-U11 2005-06-25-09.07.22.087916 R32-M1-N5-C:J13-U11 RAS KERNEL INFO generating core.60401
- 1119715642 2005.06.25 R32-M1-N5-C:J05-U01 2005-06-25-09.07.22.183258 R32-M1-N5-C:J05-U01 RAS KERNEL INFO generating core.27603
- 1119715642 2005.06.25 R32-M1-N5-C:J03-U01 2005-06-25-09.07.22.270847 R32-M1-N5-C:J03-U01 RAS KERNEL INFO generating core.61395
- 1119715642 2005.06.25 R32-M1-N5-C:J03-U11 2005-06-25-09.07.22.368238 R32-M1-N5-C:J03-U11 RAS KERNEL INFO generating core.28659
- 1119715642 2005.06.25 R32-M1-N5-C:J07-U11 2005-06-25-09.07.22.457549 R32-M1-N5-C:J07-U11 RAS KERNEL INFO generating core.61426
- 1119715642 2005.06.25 R32-M1-N5-C:J17-U01 2005-06-25-09.07.22.557951 R32-M1-N5-C:J17-U01 RAS KERNEL INFO generating core.27600
- 1119715642 2005.06.25 R32-M1-N5-C:J11-U01 2005-06-25-09.07.22.646940 R32-M1-N5-C:J11-U01 RAS KERNEL INFO generating core.61393
- 1119725075 2005.06.25 R24-M1-N1-C:J16-U11 2005-06-25-11.44.35.344910 R24-M1-N1-C:J16-U11 RAS KERNEL INFO generating core.6584
- 1119725075 2005.06.25 R24-M1-N1-C:J08-U11 2005-06-25-11.44.35.427103 R24-M1-N1-C:J08-U11 RAS KERNEL INFO generating core.39354
- 1119725075 2005.06.25 R24-M1-N1-C:J10-U11 2005-06-25-11.44.35.522872 R24-M1-N1-C:J10-U11 RAS KERNEL INFO generating core.7609
- 1119725075 2005.06.25 R24-M1-N1-C:J06-U11 2005-06-25-11.44.35.605669 R24-M1-N1-C:J06-U11 RAS KERNEL INFO generating core.40378
- 1119725075 2005.06.25 R24-M1-N1-C:J14-U01 2005-06-25-11.44.35.696473 R24-M1-N1-C:J14-U01 RAS KERNEL INFO generating core.7576
- 1119725075 2005.06.25 R24-M1-N1-C:J10-U01 2005-06-25-11.44.35.786602 R24-M1-N1-C:J10-U01 RAS KERNEL INFO generating core.40345
- 1119725075 2005.06.25 R24-M1-N1-C:J08-U01 2005-06-25-11.44.35.882421 R24-M1-N1-C:J08-U01 RAS KERNEL INFO generating core.6554
- 1119725075 2005.06.25 R24-M1-N1-C:J04-U01 2005-06-25-11.44.35.964684 R24-M1-N1-C:J04-U01 RAS KERNEL INFO generating core.39323
- 1119725076 2005.06.25 R24-M1-N1-C:J04-U11 2005-06-25-11.44.36.059318 R24-M1-N1-C:J04-U11 RAS KERNEL INFO generating core.6587
- 1119725076 2005.06.25 R24-M1-N1-C:J02-U01 2005-06-25-11.44.36.143390 R24-M1-N1-C:J02-U01 RAS KERNEL INFO generating core.40347
- 1119725076 2005.06.25 R34-M0-N5-C:J16-U11 2005-06-25-11.44.36.235695 R34-M0-N5-C:J16-U11 RAS KERNEL INFO generating core.2480
- 1119725076 2005.06.25 R34-M0-N5-C:J08-U11 2005-06-25-11.44.36.320771 R34-M0-N5-C:J08-U11 RAS KERNEL INFO generating core.35250
- 1119725076 2005.06.25 R34-M0-N5-C:J10-U11 2005-06-25-11.44.36.413514 R34-M0-N5-C:J10-U11 RAS KERNEL INFO generating core.3505
- 1119725076 2005.06.25 R34-M0-N5-C:J06-U11 2005-06-25-11.44.36.500001 R34-M0-N5-C:J06-U11 RAS KERNEL INFO generating core.36274
- 1119725076 2005.06.25 R34-M0-N5-C:J14-U01 2005-06-25-11.44.36.591864 R34-M0-N5-C:J14-U01 RAS KERNEL INFO generating core.3472
- 1119725076 2005.06.25 R34-M0-N5-C:J16-U01 2005-06-25-11.44.36.675910 R34-M0-N5-C:J16-U01 RAS KERNEL INFO generating core.35216
- 1119725076 2005.06.25 R34-M0-N5-C:J12-U01 2005-06-25-11.44.36.768031 R34-M0-N5-C:J12-U01 RAS KERNEL INFO generating core.2449
- 1119725076 2005.06.25 R34-M0-N5-C:J06-U01 2005-06-25-11.44.36.852416 R34-M0-N5-C:J06-U01 RAS KERNEL INFO generating core.36242
- 1119725076 2005.06.25 R34-M0-N5-C:J02-U01 2005-06-25-11.44.36.947627 R34-M0-N5-C:J02-U01 RAS KERNEL INFO generating core.3475
- 1119725077 2005.06.25 R34-M0-N5-C:J02-U11 2005-06-25-11.44.37.032090 R34-M0-N5-C:J02-U11 RAS KERNEL INFO generating core.36275
- 1119725077 2005.06.25 R21-M1-N9-C:J08-U11 2005-06-25-11.44.37.123552 R21-M1-N9-C:J08-U11 RAS KERNEL INFO generating core.14394
- 1119725077 2005.06.25 R21-M1-N9-C:J14-U11 2005-06-25-11.44.37.222676 R21-M1-N9-C:J14-U11 RAS KERNEL INFO generating core.48184
- 1119725077 2005.06.25 R21-M1-N9-C:J06-U11 2005-06-25-11.44.37.314607 R21-M1-N9-C:J06-U11 RAS KERNEL INFO generating core.15418
- 1119725077 2005.06.25 R21-M1-N9-C:J12-U11 2005-06-25-11.44.37.398348 R21-M1-N9-C:J12-U11 RAS KERNEL INFO generating core.47161
- 1119725077 2005.06.25 R21-M1-N9-C:J16-U01 2005-06-25-11.44.37.498064 R21-M1-N9-C:J16-U01 RAS KERNEL INFO generating core.14360
- 1119726315 2005.06.25 R16-M0-N6-C:J14-U01 2005-06-25-12.05.15.345644 R16-M0-N6-C:J14-U01 RAS KERNEL INFO generating core.13132
- 1119726315 2005.06.25 R16-M0-N6-C:J12-U01 2005-06-25-12.05.15.435426 R16-M0-N6-C:J12-U01 RAS KERNEL INFO generating core.12621
- 1119726315 2005.06.25 R16-M0-N6-C:J06-U01 2005-06-25-12.05.15.523632 R16-M0-N6-C:J06-U01 RAS KERNEL INFO generating core.13134
- 1119726315 2005.06.25 R13-M1-N3-C:J09-U11 2005-06-25-12.05.15.614032 R13-M1-N3-C:J09-U11 RAS KERNEL INFO generating core.6650
- 1119726315 2005.06.25 R13-M1-N3-C:J13-U11 2005-06-25-12.05.15.703726 R13-M1-N3-C:J13-U11 RAS KERNEL INFO generating core.6649
- 1119726315 2005.06.25 R13-M1-N3-C:J03-U01 2005-06-25-12.05.15.786163 R13-M1-N3-C:J03-U01 RAS KERNEL INFO generating core.7147
- 1119726315 2005.06.25 R13-M1-N3-C:J07-U11 2005-06-25-12.05.15.869120 R13-M1-N3-C:J07-U11 RAS KERNEL INFO generating core.7162
- 1119726315 2005.06.25 R13-M1-N3-C:J11-U01 2005-06-25-12.05.15.951467 R13-M1-N3-C:J11-U01 RAS KERNEL INFO generating core.7145
- 1119726316 2005.06.25 R13-M1-N3-C:J09-U01 2005-06-25-12.05.16.035891 R13-M1-N3-C:J09-U01 RAS KERNEL INFO generating core.6634
- 1119726316 2005.06.25 R13-M1-N3-C:J14-U11 2005-06-25-12.05.16.125628 R13-M1-N3-C:J14-U11 RAS KERNEL INFO generating core.7128
- 1119726316 2005.06.25 R13-M1-N3-C:J12-U11 2005-06-25-12.05.16.207364 R13-M1-N3-C:J12-U11 RAS KERNEL INFO generating core.6617
- 1119726316 2005.06.25 R13-M1-N3-C:J10-U01 2005-06-25-12.05.16.289802 R13-M1-N3-C:J10-U01 RAS KERNEL INFO generating core.7113
- 1119726316 2005.06.25 R13-M1-N3-C:J04-U01 2005-06-25-12.05.16.371038 R13-M1-N3-C:J04-U01 RAS KERNEL INFO generating core.6603
- 1119726316 2005.06.25 R13-M1-N3-C:J02-U01 2005-06-25-12.05.16.453583 R13-M1-N3-C:J02-U01 RAS KERNEL INFO generating core.7115
- 1119726316 2005.06.25 R16-M1-N6-C:J15-U11 2005-06-25-12.05.16.538646 R16-M1-N6-C:J15-U11 RAS KERNEL INFO generating core.892
- 1119726316 2005.06.25 R16-M1-N6-C:J17-U11 2005-06-25-12.05.16.628706 R16-M1-N6-C:J17-U11 RAS KERNEL INFO generating core.380
- 1119726316 2005.06.25 R16-M1-N6-C:J05-U11 2005-06-25-12.05.16.713240 R16-M1-N6-C:J05-U11 RAS KERNEL INFO generating core.383
- 1119726316 2005.06.25 R16-M1-N6-C:J15-U01 2005-06-25-12.05.16.795716 R16-M1-N6-C:J15-U01 RAS KERNEL INFO generating core.876
- 1119726316 2005.06.25 R16-M1-N6-C:J07-U01 2005-06-25-12.05.16.877550 R16-M1-N6-C:J07-U01 RAS KERNEL INFO generating core.878
- 1119726316 2005.06.25 R16-M1-N6-C:J16-U11 2005-06-25-12.05.16.961896 R16-M1-N6-C:J16-U11 RAS KERNEL INFO generating core.348
- 1119726317 2005.06.25 R16-M1-N6-C:J10-U11 2005-06-25-12.05.17.053771 R16-M1-N6-C:J10-U11 RAS KERNEL INFO generating core.861
- 1119726317 2005.06.25 R16-M1-N6-C:J14-U01 2005-06-25-12.05.17.138317 R16-M1-N6-C:J14-U01 RAS KERNEL INFO generating core.844
- 1119726317 2005.06.25 R16-M1-N6-C:J12-U01 2005-06-25-12.05.17.223134 R16-M1-N6-C:J12-U01 RAS KERNEL INFO generating core.333
- 1119726317 2005.06.25 R16-M1-N6-C:J06-U01 2005-06-25-12.05.17.307973 R16-M1-N6-C:J06-U01 RAS KERNEL INFO generating core.846
- 1119726317 2005.06.25 R16-M1-N6-C:J02-U11 2005-06-25-12.05.17.392033 R16-M1-N6-C:J02-U11 RAS KERNEL INFO generating core.863
- 1119736295 2005.06.25 R27-M1-NC-I:J18-U01 2005-06-25-14.51.35.438554 R27-M1-NC-I:J18-U01 RAS APP FATAL ciod: Error loading /home/glosli/src/ddcMD/ddcMD/1.1.13/ddcMDbglV: invalid or missing program image, No such file or directory
- 1119736295 2005.06.25 R22-M0-N8-I:J18-U11 2005-06-25-14.51.35.543507 R22-M0-N8-I:J18-U11 RAS APP FATAL ciod: Error loading /home/glosli/src/ddcMD/ddcMD/1.1.13/ddcMDbglV: invalid or missing program image, No such file or directory
- 1119736295 2005.06.25 R27-M1-N4-I:J18-U11 2005-06-25-14.51.35.654406 R27-M1-N4-I:J18-U11 RAS APP FATAL ciod: Error loading /home/glosli/src/ddcMD/ddcMD/1.1.13/ddcMDbglV: invalid or missing program image, No such file or directory
- 1119736295 2005.06.25 R20-M0-NC-I:J18-U11 2005-06-25-14.51.35.765346 R20-M0-NC-I:J18-U11 RAS APP FATAL ciod: Error loading /home/glosli/src/ddcMD/ddcMD/1.1.13/ddcMDbglV: invalid or missing program image, No such file or directory
- 1119736295 2005.06.25 R20-M0-N0-I:J18-U01 2005-06-25-14.51.35.871309 R20-M0-N0-I:J18-U01 RAS APP FATAL ciod: Error loading /home/glosli/src/ddcMD/ddcMD/1.1.13/ddcMDbglV: invalid or missing program image, No such file or directory
- 1119736295 2005.06.25 R21-M1-N0-I:J18-U11 2005-06-25-14.51.35.975870 R21-M1-N0-I:J18-U11 RAS APP FATAL ciod: Error loading /home/glosli/src/ddcMD/ddcMD/1.1.13/ddcMDbglV: invalid or missing program image, No such file or directory
- 1119736296 2005.06.25 R33-M0-N4-I:J18-U01 2005-06-25-14.51.36.100872 R33-M0-N4-I:J18-U01 RAS APP FATAL ciod: Error loading /home/glosli/src/ddcMD/ddcMD/1.1.13/ddcMDbglV: invalid or missing program image, No such file or directory
- 1119736296 2005.06.25 R30-M1-NC-I:J18-U11 2005-06-25-14.51.36.208683 R30-M1-NC-I:J18-U11 RAS APP FATAL ciod: Error loading /home/glosli/src/ddcMD/ddcMD/1.1.13/ddcMDbglV: invalid or missing program image, No such file or directory
- 1119736296 2005.06.25 R23-M1-NC-I:J18-U01 2005-06-25-14.51.36.313379 R23-M1-NC-I:J18-U01 RAS APP FATAL ciod: Error loading /home/glosli/src/ddcMD/ddcMD/1.1.13/ddcMDbglV: invalid or missing program image, No such file or directory
- 1119736296 2005.06.25 R25-M1-N4-I:J18-U11 2005-06-25-14.51.36.417295 R25-M1-N4-I:J18-U11 RAS APP FATAL ciod: Error loading /home/glosli/src/ddcMD/ddcMD/1.1.13/ddcMDbglV: invalid or missing program image, No such file or directory
- 1119736296 2005.06.25 R25-M1-N0-I:J18-U11 2005-06-25-14.51.36.531170 R25-M1-N0-I:J18-U11 RAS APP FATAL ciod: Error loading /home/glosli/src/ddcMD/ddcMD/1.1.13/ddcMDbglV: invalid or missing program image, No such file or directory
- 1119736296 2005.06.25 R21-M1-NC-I:J18-U01 2005-06-25-14.51.36.641461 R21-M1-NC-I:J18-U01 RAS APP FATAL ciod: Error loading /home/glosli/src/ddcMD/ddcMD/1.1.13/ddcMDbglV: invalid or missing program image, No such file or directory
- 1119736296 2005.06.25 R25-M1-N8-I:J18-U01 2005-06-25-14.51.36.746554 R25-M1-N8-I:J18-U01 RAS APP FATAL ciod: Error loading /home/glosli/src/ddcMD/ddcMD/1.1.13/ddcMDbglV: invalid or missing program image, No such file or directory
- 1119736296 2005.06.25 R21-M1-N8-I:J18-U11 2005-06-25-14.51.36.851120 R21-M1-N8-I:J18-U11 RAS APP FATAL ciod: Error loading /home/glosli/src/ddcMD/ddcMD/1.1.13/ddcMDbglV: invalid or missing program image, No such file or directory
- 1119736296 2005.06.25 R30-M1-N0-I:J18-U01 2005-06-25-14.51.36.963372 R30-M1-N0-I:J18-U01 RAS APP FATAL ciod: Error loading /home/glosli/src/ddcMD/ddcMD/1.1.13/ddcMDbglV: invalid or missing program image, No such file or directory
- 1119736297 2005.06.25 R23-M1-N0-I:J18-U11 2005-06-25-14.51.37.067031 R23-M1-N0-I:J18-U11 RAS APP FATAL ciod: Error loading /home/glosli/src/ddcMD/ddcMD/1.1.13/ddcMDbglV: invalid or missing program image, No such file or directory
- 1119736297 2005.06.25 R23-M1-N8-I:J18-U11 2005-06-25-14.51.37.170866 R23-M1-N8-I:J18-U11 RAS APP FATAL ciod: Error loading /home/glosli/src/ddcMD/ddcMD/1.1.13/ddcMDbglV: invalid or missing program image, No such file or directory
- 1119736297 2005.06.25 R24-M0-NC-I:J18-U11 2005-06-25-14.51.37.278403 R24-M0-NC-I:J18-U11 RAS APP FATAL ciod: Error loading /home/glosli/src/ddcMD/ddcMD/1.1.13/ddcMDbglV: invalid or missing program image, No such file or directory
- 1119736297 2005.06.25 R35-M0-N0-I:J18-U01 2005-06-25-14.51.37.397744 R35-M0-N0-I:J18-U01 RAS APP FATAL ciod: Error loading /home/glosli/src/ddcMD/ddcMD/1.1.13/ddcMDbglV: invalid or missing program image, No such file or directory
- 1119736297 2005.06.25 R35-M0-NC-I:J18-U11 2005-06-25-14.51.37.501697 R35-M0-NC-I:J18-U11 RAS APP FATAL ciod: Error loading /home/glosli/src/ddcMD/ddcMD/1.1.13/ddcMDbglV: invalid or missing program image, No such file or directory
- 1119736297 2005.06.25 R17-M1-NC-I:J18-U11 2005-06-25-14.51.37.607523 R17-M1-NC-I:J18-U11 RAS APP FATAL ciod: Error loading /home/glosli/src/ddcMD/ddcMD/1.1.13/ddcMDbglV: invalid or missing program image, No such file or directory
- 1119736297 2005.06.25 R35-M0-N8-I:J18-U01 2005-06-25-14.51.37.712702 R35-M0-N8-I:J18-U01 RAS APP FATAL ciod: Error loading /home/glosli/src/ddcMD/ddcMD/1.1.13/ddcMDbglV: invalid or missing program image, No such file or directory
- 1119736297 2005.06.25 R13-M1-N8-I:J18-U11 2005-06-25-14.51.37.829952 R13-M1-N8-I:J18-U11 RAS APP FATAL ciod: Error loading /home/glosli/src/ddcMD/ddcMD/1.1.13/ddcMDbglV: invalid or missing program image, No such file or directory
- 1119736297 2005.06.25 R10-M0-N4-I:J18-U01 2005-06-25-14.51.37.933637 R10-M0-N4-I:J18-U01 RAS APP FATAL ciod: Error loading /home/glosli/src/ddcMD/ddcMD/1.1.13/ddcMDbglV: invalid or missing program image, No such file or directory
- 1119736298 2005.06.25 R15-M1-N4-I:J18-U11 2005-06-25-14.51.38.039245 R15-M1-N4-I:J18-U11 RAS APP FATAL ciod: Error loading /home/glosli/src/ddcMD/ddcMD/1.1.13/ddcMDbglV: invalid or missing program image, No such file or directory
- 1119803172 2005.06.26 R34-M0-NF-C:J13-U01 2005-06-26-09.26.12.229538 R34-M0-NF-C:J13-U01 RAS KERNEL INFO program interrupt: privileged instruction...0
- 1119803172 2005.06.26 R34-M1-N7-C:J03-U01 2005-06-26-09.26.12.335220 R34-M1-N7-C:J03-U01 RAS KERNEL INFO program interrupt: privileged instruction...0
- 1119803172 2005.06.26 R34-M1-N7-C:J13-U01 2005-06-26-09.26.12.447090 R34-M1-N7-C:J13-U01 RAS KERNEL INFO program interrupt: privileged instruction...0
- 1119803172 2005.06.26 R34-M1-N7-C:J08-U01 2005-06-26-09.26.12.553548 R34-M1-N7-C:J08-U01 RAS KERNEL INFO program interrupt: privileged instruction...0
- 1119803172 2005.06.26 R30-M0-N8-C:J04-U01 2005-06-26-09.26.12.658548 R30-M0-N8-C:J04-U01 RAS KERNEL INFO program interrupt: privileged instruction...0
- 1119803172 2005.06.26 R30-M0-N7-C:J04-U01 2005-06-26-09.26.12.766735 R30-M0-N7-C:J04-U01 RAS KERNEL INFO program interrupt: privileged instruction...0
- 1119803172 2005.06.26 R35-M1-NA-C:J13-U01 2005-06-26-09.26.12.883325 R35-M1-NA-C:J13-U01 RAS KERNEL INFO program interrupt: privileged instruction...0
- 1119803172 2005.06.26 R04-M0-NA-C:J03-U11 2005-06-26-09.26.12.986770 R04-M0-NA-C:J03-U11 RAS KERNEL INFO program interrupt: privileged instruction...0
- 1119803173 2005.06.26 R04-M0-NA-C:J02-U01 2005-06-26-09.26.13.098425 R04-M0-NA-C:J02-U01 RAS KERNEL INFO program interrupt: privileged instruction...0
- 1119803173 2005.06.26 R03-M0-N4-C:J06-U11 2005-06-26-09.26.13.202939 R03-M0-N4-C:J06-U11 RAS KERNEL INFO program interrupt: privileged instruction...0
- 1119803173 2005.06.26 R03-M1-N9-C:J03-U11 2005-06-26-09.26.13.306605 R03-M1-N9-C:J03-U11 RAS KERNEL INFO program interrupt: privileged instruction...0
- 1119803173 2005.06.26 R02-M0-N2-C:J03-U01 2005-06-26-09.26.13.413669 R02-M0-N2-C:J03-U01 RAS KERNEL INFO program interrupt: privileged instruction...0
- 1119803173 2005.06.26 R02-M0-N2-C:J07-U01 2005-06-26-09.26.13.521573 R02-M0-N2-C:J07-U01 RAS KERNEL INFO program interrupt: privileged instruction...0
- 1119803173 2005.06.26 R02-M0-N2-C:J08-U01 2005-06-26-09.26.13.624175 R02-M0-N2-C:J08-U01 RAS KERNEL INFO program interrupt: privileged instruction...0
- 1119803173 2005.06.26 R03-M0-NB-C:J09-U11 2005-06-26-09.26.13.726174 R03-M0-NB-C:J09-U11 RAS KERNEL INFO program interrupt: privileged instruction...0
- 1119803173 2005.06.26 R03-M0-NB-C:J05-U01 2005-06-26-09.26.13.828610 R03-M0-NB-C:J05-U01 RAS KERNEL INFO program interrupt: privileged instruction...0
- 1119803173 2005.06.26 R03-M0-NB-C:J06-U11 2005-06-26-09.26.13.936238 R03-M0-NB-C:J06-U11 RAS KERNEL INFO program interrupt: privileged instruction...0
- 1119803174 2005.06.26 R06-M0-NB-C:J07-U01 2005-06-26-09.26.14.047901 R06-M0-NB-C:J07-U01 RAS KERNEL INFO program interrupt: privileged instruction...0
- 1119803174 2005.06.26 R06-M0-NB-C:J02-U01 2005-06-26-09.26.14.152905 R06-M0-NB-C:J02-U01 RAS KERNEL INFO program interrupt: privileged instruction...0
- 1119803174 2005.06.26 R03-M1-NC-C:J08-U11 2005-06-26-09.26.14.255289 R03-M1-NC-C:J08-U11 RAS KERNEL INFO program interrupt: privileged instruction...0
- 1119803174 2005.06.26 R06-M0-ND-C:J11-U11 2005-06-26-09.26.14.362289 R06-M0-ND-C:J11-U11 RAS KERNEL INFO program interrupt: privileged instruction...0
- 1119803174 2005.06.26 R06-M0-ND-C:J08-U11 2005-06-26-09.26.14.465879 R06-M0-ND-C:J08-U11 RAS KERNEL INFO program interrupt: privileged instruction...0
- 1119803174 2005.06.26 R00-M0-NB-C:J11-U01 2005-06-26-09.26.14.567306 R00-M0-NB-C:J11-U01 RAS KERNEL INFO program interrupt: privileged instruction...0
- 1119803174 2005.06.26 R01-M0-N6-C:J05-U01 2005-06-26-09.26.14.669172 R01-M0-N6-C:J05-U01 RAS KERNEL INFO program interrupt: privileged instruction...0
- 1119803174 2005.06.26 R01-M0-N6-C:J04-U01 2005-06-26-09.26.14.773587 R01-M0-N6-C:J04-U01 RAS KERNEL INFO program interrupt: privileged instruction...0
- 1119803726 2005.06.26 R34-M0-N2-C:J13-U01 2005-06-26-09.35.26.128725 R34-M0-N2-C:J13-U01 RAS KERNEL INFO byte ordering exception.....................0
- 1119803726 2005.06.26 R34-M1-ND-C:J17-U11 2005-06-26-09.35.26.329439 R34-M1-ND-C:J17-U11 RAS KERNEL INFO byte ordering exception.....................0
- 1119803726 2005.06.26 R35-M1-N1-C:J17-U01 2005-06-26-09.35.26.435614 R35-M1-N1-C:J17-U01 RAS KERNEL INFO byte ordering exception.....................0
- 1119803726 2005.06.26 R30-M1-N0-C:J15-U11 2005-06-26-09.35.26.540028 R30-M1-N0-C:J15-U11 RAS KERNEL INFO byte ordering exception.....................0
- 1119803726 2005.06.26 R35-M0-N8-C:J15-U11 2005-06-26-09.35.26.645853 R35-M0-N8-C:J15-U11 RAS KERNEL INFO byte ordering exception.....................0
- 1119803726 2005.06.26 R00-M0-N5-C:J15-U01 2005-06-26-09.35.26.751686 R00-M0-N5-C:J15-U01 RAS KERNEL INFO byte ordering exception.....................0
- 1119803726 2005.06.26 R00-M0-N3-C:J17-U11 2005-06-26-09.35.26.852569 R00-M0-N3-C:J17-U11 RAS KERNEL INFO byte ordering exception.....................0
- 1119803726 2005.06.26 R05-M0-N3-C:J15-U01 2005-06-26-09.35.26.954497 R05-M0-N3-C:J15-U01 RAS KERNEL INFO byte ordering exception.....................0
- 1119803727 2005.06.26 R05-M1-N1-C:J17-U11 2005-06-26-09.35.27.069913 R05-M1-N1-C:J17-U11 RAS KERNEL INFO byte ordering exception.....................0
- 1119803727 2005.06.26 R36-M1-NA-C:J03-U01 2005-06-26-09.35.27.175016 R36-M1-NA-C:J03-U01 RAS KERNEL INFO byte ordering exception.....................0
- 1119803727 2005.06.26 R30-M0-N0-C:J05-U11 2005-06-26-09.35.27.289951 R30-M0-N0-C:J05-U11 RAS KERNEL INFO byte ordering exception.....................0
- 1119803727 2005.06.26 R37-M0-N0-C:J09-U01 2005-06-26-09.35.27.396557 R37-M0-N0-C:J09-U01 RAS KERNEL INFO byte ordering exception.....................0
- 1119803727 2005.06.26 R33-M1-N4-C:J07-U11 2005-06-26-09.35.27.525408 R33-M1-N4-C:J07-U11 RAS KERNEL INFO byte ordering exception.....................0
- 1119803727 2005.06.26 R31-M0-N1-C:J03-U11 2005-06-26-09.35.27.633393 R31-M0-N1-C:J03-U11 RAS KERNEL INFO byte ordering exception.....................0
- 1119803727 2005.06.26 R34-M0-NA-C:J03-U01 2005-06-26-09.35.27.739922 R34-M0-NA-C:J03-U01 RAS KERNEL INFO byte ordering exception.....................0
- 1119803727 2005.06.26 R34-M1-NC-C:J05-U01 2005-06-26-09.35.27.854348 R34-M1-NC-C:J05-U01 RAS KERNEL INFO byte ordering exception.....................0
- 1119803727 2005.06.26 R34-M1-NB-C:J03-U01 2005-06-26-09.35.27.961169 R34-M1-NB-C:J03-U01 RAS KERNEL INFO byte ordering exception.....................0
- 1119803728 2005.06.26 R34-M1-N0-C:J07-U11 2005-06-26-09.35.28.077036 R34-M1-N0-C:J07-U11 RAS KERNEL INFO byte ordering exception.....................0
- 1119803728 2005.06.26 R37-M0-N2-C:J05-U01 2005-06-26-09.35.28.185822 R37-M0-N2-C:J05-U01 RAS KERNEL INFO byte ordering exception.....................0
- 1119803728 2005.06.26 R30-M1-N7-C:J07-U11 2005-06-26-09.35.28.303688 R30-M1-N7-C:J07-U11 RAS KERNEL INFO byte ordering exception.....................0
- 1119803728 2005.06.26 R00-M0-N4-C:J03-U11 2005-06-26-09.35.28.409985 R00-M0-N4-C:J03-U11 RAS KERNEL INFO byte ordering exception.....................0
- 1119803728 2005.06.26 R04-M0-N9-C:J09-U11 2005-06-26-09.35.28.514744 R04-M0-N9-C:J09-U11 RAS KERNEL INFO byte ordering exception.....................0
- 1119803728 2005.06.26 R01-M0-NE-C:J05-U01 2005-06-26-09.35.28.616544 R01-M0-NE-C:J05-U01 RAS KERNEL INFO byte ordering exception.....................0
- 1119803728 2005.06.26 R04-M1-N6-C:J05-U11 2005-06-26-09.35.28.719373 R04-M1-N6-C:J05-U11 RAS KERNEL INFO byte ordering exception.....................0
- 1119803728 2005.06.26 R37-M1-NB-C:J03-U01 2005-06-26-09.35.28.831625 R37-M1-NB-C:J03-U01 RAS KERNEL INFO byte ordering exception.....................0
- 1119806931 2005.06.26 R07-M0-N2-C:J06-U11 2005-06-26-10.28.51.186375 R07-M0-N2-C:J06-U11 RAS KERNEL INFO program interrupt
- 1119806931 2005.06.26 R07-M0-N2-C:J08-U01 2005-06-26-10.28.51.279753 R07-M0-N2-C:J08-U01 RAS KERNEL INFO generating core.1652
- 1119806931 2005.06.26 R07-M0-N2-C:J02-U01 2005-06-26-10.28.51.364890 R07-M0-N2-C:J02-U01 RAS KERNEL INFO program interrupt
- 1119806931 2005.06.26 R07-M0-NE-C:J17-U11 2005-06-26-10.28.51.458221 R07-M0-NE-C:J17-U11 RAS KERNEL INFO generating core.7248
- 1119806931 2005.06.26 R07-M0-NE-C:J07-U11 2005-06-26-10.28.51.544665 R07-M0-NE-C:J07-U11 RAS KERNEL INFO program interrupt
- 1119806931 2005.06.26 R07-M0-NE-C:J09-U01 2005-06-26-10.28.51.646955 R07-M0-NE-C:J09-U01 RAS KERNEL INFO generating core.5712
- 1119806931 2005.06.26 R07-M0-NE-C:J10-U11 2005-06-26-10.28.51.733744 R07-M0-NE-C:J10-U11 RAS KERNEL INFO program interrupt
- 1119806931 2005.06.26 R07-M0-NE-C:J14-U01 2005-06-26-10.28.51.830860 R07-M0-NE-C:J14-U01 RAS KERNEL INFO generating core.9296
- 1119806931 2005.06.26 R07-M0-NE-C:J06-U01 2005-06-26-10.28.51.918182 R07-M0-NE-C:J06-U01 RAS KERNEL INFO program interrupt
- 1119806932 2005.06.26 R02-M0-ND-C:J11-U11 2005-06-26-10.28.52.012426 R02-M0-ND-C:J11-U11 RAS KERNEL INFO generating core.31000
- 1119806932 2005.06.26 R02-M0-ND-C:J13-U11 2005-06-26-10.28.52.104941 R02-M0-ND-C:J13-U11 RAS KERNEL INFO program interrupt
- 1119806932 2005.06.26 R02-M0-ND-C:J17-U01 2005-06-26-10.28.52.200202 R02-M0-ND-C:J17-U01 RAS KERNEL INFO generating core.20504
- 1119806932 2005.06.26 R02-M0-ND-C:J11-U01 2005-06-26-10.28.52.284919 R02-M0-ND-C:J11-U01 RAS KERNEL INFO program interrupt
- 1119806932 2005.06.26 R02-M0-ND-C:J08-U11 2005-06-26-10.28.52.377736 R02-M0-ND-C:J08-U11 RAS KERNEL INFO generating core.18968
- 1119806932 2005.06.26 R02-M0-ND-C:J06-U11 2005-06-26-10.28.52.462471 R02-M0-ND-C:J06-U11 RAS KERNEL INFO program interrupt
- 1119806932 2005.06.26 R02-M0-ND-C:J08-U01 2005-06-26-10.28.52.579256 R02-M0-ND-C:J08-U01 RAS KERNEL INFO generating core.16920
- 1119806932 2005.06.26 R02-M0-ND-C:J04-U01 2005-06-26-10.28.52.663383 R02-M0-ND-C:J04-U01 RAS KERNEL INFO program interrupt
- 1119806932 2005.06.26 R02-M0-ND-C:J02-U01 2005-06-26-10.28.52.755482 R02-M0-ND-C:J02-U01 RAS KERNEL INFO generating core.25368
- 1119806932 2005.06.26 R07-M0-NF-C:J13-U11 2005-06-26-10.28.52.840974 R07-M0-NF-C:J13-U11 RAS KERNEL INFO program interrupt
- 1119806932 2005.06.26 R07-M0-NF-C:J03-U01 2005-06-26-10.28.52.935650 R07-M0-NF-C:J03-U01 RAS KERNEL INFO generating core.13136
- 1119806933 2005.06.26 R07-M0-NF-C:J05-U11 2005-06-26-10.28.53.021504 R07-M0-NF-C:J05-U11 RAS KERNEL INFO program interrupt
- 1119806933 2005.06.26 R07-M0-NF-C:J10-U11 2005-06-26-10.28.53.124859 R07-M0-NF-C:J10-U11 RAS KERNEL INFO generating core.10576
- 1119806933 2005.06.26 R07-M0-NF-C:J06-U11 2005-06-26-10.28.53.211187 R07-M0-NF-C:J06-U11 RAS KERNEL INFO program interrupt
- 1119806933 2005.06.26 R07-M0-NF-C:J08-U01 2005-06-26-10.28.53.305630 R07-M0-NF-C:J08-U01 RAS KERNEL INFO generating core.592
- 1119806933 2005.06.26 R07-M0-NF-C:J02-U11 2005-06-26-10.28.53.391355 R07-M0-NF-C:J02-U11 RAS KERNEL INFO program interrupt
- 1119807473 2005.06.26 R00-M0-N3-C:J12-U01 2005-06-26-10.37.53.208162 R00-M0-N3-C:J12-U01 RAS KERNEL INFO data store interrupt caused by dcbf.........0
- 1119807473 2005.06.26 R01-M1-N3-C:J14-U01 2005-06-26-10.37.53.288345 R01-M1-N3-C:J14-U01 RAS KERNEL INFO data store interrupt caused by dcbf.........0
- 1119807473 2005.06.26 R05-M0-NB-C:J15-U01 2005-06-26-10.37.53.374155 R05-M0-NB-C:J15-U01 RAS KERNEL INFO data store interrupt caused by dcbf.........0
- 1119807473 2005.06.26 R05-M1-N1-C:J14-U11 2005-06-26-10.37.53.455611 R05-M1-N1-C:J14-U11 RAS KERNEL INFO data store interrupt caused by dcbf.........0
- 1119807473 2005.06.26 R31-M0-NF-C:J09-U11 2005-06-26-10.37.53.538883 R31-M0-NF-C:J09-U11 RAS KERNEL INFO data store interrupt caused by dcbf.........0
- 1119807473 2005.06.26 R37-M0-NB-C:J14-U11 2005-06-26-10.37.53.621647 R37-M0-NB-C:J14-U11 RAS KERNEL INFO data store interrupt caused by dcbf.........0
- 1119807473 2005.06.26 R31-M0-ND-C:J12-U11 2005-06-26-10.37.53.703902 R31-M0-ND-C:J12-U11 RAS KERNEL INFO data store interrupt caused by dcbf.........0
- 1119807473 2005.06.26 R35-M1-N7-C:J07-U01 2005-06-26-10.37.53.796560 R35-M1-N7-C:J07-U01 RAS KERNEL INFO data store interrupt caused by dcbf.........0
- 1119807473 2005.06.26 R35-M1-N5-C:J16-U01 2005-06-26-10.37.53.879030 R35-M1-N5-C:J16-U01 RAS KERNEL INFO data store interrupt caused by dcbf.........0
- 1119807473 2005.06.26 R30-M1-N7-C:J03-U01 2005-06-26-10.37.53.961742 R30-M1-N7-C:J03-U01 RAS KERNEL INFO data store interrupt caused by dcbf.........0
- 1119807474 2005.06.26 R03-M1-N3-C:J10-U01 2005-06-26-10.37.54.040311 R03-M1-N3-C:J10-U01 RAS KERNEL INFO data store interrupt caused by dcbf.........0
- 1119807474 2005.06.26 R00-M0-N7-C:J14-U11 2005-06-26-10.37.54.115646 R00-M0-N7-C:J14-U11 RAS KERNEL INFO data store interrupt caused by dcbf.........0
- 1119807474 2005.06.26 R07-M1-N7-C:J09-U01 2005-06-26-10.37.54.195939 R07-M1-N7-C:J09-U01 RAS KERNEL INFO data store interrupt caused by dcbf.........0
- 1119807474 2005.06.26 R01-M1-N2-C:J05-U01 2005-06-26-10.37.54.273970 R01-M1-N2-C:J05-U01 RAS KERNEL INFO data store interrupt caused by dcbf.........0
- 1119807474 2005.06.26 R07-M1-NA-C:J07-U01 2005-06-26-10.37.54.352021 R07-M1-NA-C:J07-U01 RAS KERNEL INFO data store interrupt caused by dcbf.........0
- 1119807474 2005.06.26 R05-M1-N9-C:J07-U11 2005-06-26-10.37.54.430788 R05-M1-N9-C:J07-U11 RAS KERNEL INFO data store interrupt caused by dcbf.........0
- 1119807474 2005.06.26 R36-M0-NB-C:J05-U01 2005-06-26-10.37.54.521709 R36-M0-NB-C:J05-U01 RAS KERNEL INFO data store interrupt caused by dcbf.........0
- 1119807474 2005.06.26 R36-M0-NB-C:J16-U11 2005-06-26-10.37.54.627846 R36-M0-NB-C:J16-U11 RAS KERNEL INFO data store interrupt caused by dcbf.........0
- 1119807474 2005.06.26 R33-M0-N7-C:J05-U11 2005-06-26-10.37.54.737717 R33-M0-N7-C:J05-U11 RAS KERNEL INFO data store interrupt caused by dcbf.........0
- 1119807474 2005.06.26 R34-M1-N9-C:J13-U11 2005-06-26-10.37.54.845573 R34-M1-N9-C:J13-U11 RAS KERNEL INFO data store interrupt caused by dcbf.........0
- 1119807474 2005.06.26 R30-M1-N5-C:J17-U01 2005-06-26-10.37.54.952539 R30-M1-N5-C:J17-U01 RAS KERNEL INFO data store interrupt caused by dcbf.........0
- 1119807475 2005.06.26 R30-M0-ND-C:J09-U11 2005-06-26-10.37.55.063167 R30-M0-ND-C:J09-U11 RAS KERNEL INFO data store interrupt caused by dcbf.........0
- 1119807475 2005.06.26 R32-M1-N1-C:J11-U11 2005-06-26-10.37.55.169791 R32-M1-N1-C:J11-U11 RAS KERNEL INFO data store interrupt caused by dcbf.........0
- 1119807475 2005.06.26 R32-M1-N1-C:J16-U11 2005-06-26-10.37.55.276753 R32-M1-N1-C:J16-U11 RAS KERNEL INFO data store interrupt caused by dcbf.........0
- 1119807475 2005.06.26 R35-M1-NB-C:J17-U01 2005-06-26-10.37.55.384030 R35-M1-NB-C:J17-U01 RAS KERNEL INFO data store interrupt caused by dcbf.........0
- 1119978308 2005.06.28 R02-M1-N4 2005-06-28-10.05.08.390950 R02-M1-N4 NULL DISCOVERY SEVERE Can not get assembly information for node card
- 1119978308 2005.06.28 R02-M1-N8 2005-06-28-10.05.08.431924 R02-M1-N8 NULL DISCOVERY SEVERE Can not get assembly information for node card
- 1119978309 2005.06.28 R02-M1-N3 2005-06-28-10.05.09.663900 R02-M1-N3 NULL DISCOVERY SEVERE Can not get assembly information for node card
- 1119978309 2005.06.28 R02-M1-N7 2005-06-28-10.05.09.754670 R02-M1-N7 NULL DISCOVERY SEVERE Can not get assembly information for node card
- 1119978311 2005.06.28 R02-M1-NA 2005-06-28-10.05.11.241496 R02-M1-NA NULL DISCOVERY SEVERE Can not get assembly information for node card
- 1119978314 2005.06.28 R02-M1-N5 2005-06-28-10.05.14.753840 R02-M1-N5 NULL DISCOVERY SEVERE Can not get assembly information for node card
- 1119978315 2005.06.28 R02-M1-NE 2005-06-28-10.05.15.106049 R02-M1-NE NULL DISCOVERY SEVERE Can not get assembly information for node card
- 1119978315 2005.06.28 R02-M1-N0 2005-06-28-10.05.15.347496 R02-M1-N0 NULL DISCOVERY WARNING Node card is not fully functional
- 1119978315 2005.06.28 R02-M1-N2 2005-06-28-10.05.15.363987 R02-M1-N2 NULL DISCOVERY ERROR Node card status: no ALERTs are active. Clock Mode is Low. Clock Select is Midplane. Phy JTAG Reset is asserted. ASIC JTAG Reset is asserted. Temperature Mask is not active. No temperature error. Temperature Limit Error Latch is clear. PGOOD IS NOT ASSERTED. PGOOD ERROR LATCH IS ACTIVE. MPGOOD IS NOT OK. MPGOOD ERROR LATCH IS ACTIVE. The 2.5 volt rail is OK. The 1.5 volt rail is OK.
- 1119978315 2005.06.28 R02-M1-NC 2005-06-28-10.05.15.454670 R02-M1-NC NULL DISCOVERY SEVERE Can not get assembly information for node card
- 1119978316 2005.06.28 R02-M1-NF 2005-06-28-10.05.16.642130 R02-M1-NF NULL DISCOVERY SEVERE Can not get assembly information for node card
- 1119978316 2005.06.28 R02-M1-N9 2005-06-28-10.05.16.720387 R02-M1-N9 NULL DISCOVERY SEVERE Can not get assembly information for node card
- 1119978318 2005.06.28 R02-M1-NB 2005-06-28-10.05.18.172361 R02-M1-NB NULL DISCOVERY SEVERE Can not get assembly information for node card
- 1119978421 2005.06.28 R02-M1-N6 2005-06-28-10.07.01.789679 R02-M1-N6 NULL DISCOVERY SEVERE Can not get assembly information for node card
- 1119978422 2005.06.28 R02-M1-ND 2005-06-28-10.07.02.082223 R02-M1-ND NULL DISCOVERY SEVERE Can not get assembly information for node card
- 1119978422 2005.06.28 R02-M1-N4 2005-06-28-10.07.02.337523 R02-M1-N4 NULL DISCOVERY WARNING Node card is not fully functional
- 1119978422 2005.06.28 R02-M1-N1 2005-06-28-10.07.02.358862 R02-M1-N1 NULL DISCOVERY ERROR Node card status: no ALERTs are active. Clock Mode is Low. Clock Select is Midplane. Phy JTAG Reset is asserted. ASIC JTAG Reset is asserted. Temperature Mask is not active. No temperature error. Temperature Limit Error Latch is clear. PGOOD IS NOT ASSERTED. PGOOD ERROR LATCH IS ACTIVE. MPGOOD IS NOT OK. MPGOOD ERROR LATCH IS ACTIVE. The 2.5 volt rail is OK. The 1.5 volt rail is OK.
- 1119978422 2005.06.28 R02-M1-N8 2005-06-28-10.07.02.480565 R02-M1-N8 NULL DISCOVERY SEVERE Can not get assembly information for node card
- 1119978423 2005.06.28 R02-M1-N3 2005-06-28-10.07.03.673407 R02-M1-N3 NULL DISCOVERY WARNING Node card is not fully functional
- 1119978423 2005.06.28 R02-M1-NA 2005-06-28-10.07.03.694819 R02-M1-NA NULL DISCOVERY ERROR Node card status: no ALERTs are active. Clock Mode is Low. Clock Select is Midplane. Phy JTAG Reset is asserted. ASIC JTAG Reset is asserted. Temperature Mask is not active. No temperature error. Temperature Limit Error Latch is clear. PGOOD IS NOT ASSERTED. PGOOD ERROR LATCH IS ACTIVE. MPGOOD IS NOT OK. MPGOOD ERROR LATCH IS ACTIVE. The 2.5 volt rail is OK. The 1.5 volt rail is OK.
- 1119978424 2005.06.28 R02-M1-N5 2005-06-28-10.07.04.850137 R02-M1-N5 NULL DISCOVERY SEVERE Can not get assembly information for node card
- 1119978425 2005.06.28 R02-M1-N7 2005-06-28-10.07.05.160364 R02-M1-N7 NULL DISCOVERY SEVERE Can not get assembly information for node card
- 1119978425 2005.06.28 R02-M1-NE 2005-06-28-10.07.05.210715 R02-M1-NE NULL DISCOVERY WARNING Node card is not fully functional
- 1119978425 2005.06.28 R02-M1-NF 2005-06-28-10.07.05.247268 R02-M1-NF NULL DISCOVERY ERROR Node card status: no ALERTs are active. Clock Mode is Low. Clock Select is Midplane. Phy JTAG Reset is asserted. ASIC JTAG Reset is asserted. Temperature Mask is not active. No temperature error. Temperature Limit Error Latch is clear. PGOOD IS NOT ASSERTED. PGOOD ERROR LATCH IS ACTIVE. MPGOOD IS NOT OK. MPGOOD ERROR LATCH IS ACTIVE. The 2.5 volt rail is OK. The 1.5 volt rail is OK.
- 1119978425 2005.06.28 R02-M1-N2 2005-06-28-10.07.05.284342 R02-M1-N2 NULL DISCOVERY SEVERE Can not get assembly information for node card
- 1120091583 2005.06.29 R37-M1-N2-C:J02-U01 2005-06-29-17.33.03.345606 R37-M1-N2-C:J02-U01 RAS KERNEL INFO generating core.28490
- 1120091583 2005.06.29 R37-M1-N1-C:J15-U11 2005-06-29-17.33.03.462147 R37-M1-N1-C:J15-U11 RAS KERNEL INFO generating core.8571
- 1120091583 2005.06.29 R37-M1-N1-C:J17-U11 2005-06-29-17.33.03.570198 R37-M1-N1-C:J17-U11 RAS KERNEL INFO generating core.24955
- 1120091583 2005.06.29 R37-M1-N1-C:J05-U11 2005-06-29-17.33.03.678051 R37-M1-N1-C:J05-U11 RAS KERNEL INFO generating core.26491
- 1120091583 2005.06.29 R37-M1-N1-C:J15-U01 2005-06-29-17.33.03.787096 R37-M1-N1-C:J15-U01 RAS KERNEL INFO generating core.24939
- 1120091583 2005.06.29 R37-M1-N1-C:J07-U01 2005-06-29-17.33.03.895031 R37-M1-N1-C:J07-U01 RAS KERNEL INFO generating core.25963
- 1120091584 2005.06.29 R37-M1-N1-C:J16-U11 2005-06-29-17.33.04.009086 R37-M1-N1-C:J16-U11 RAS KERNEL INFO generating core.24923
- 1120091584 2005.06.29 R37-M1-N1-C:J10-U11 2005-06-29-17.33.04.117065 R37-M1-N1-C:J10-U11 RAS KERNEL INFO generating core.9051
- 1120091584 2005.06.29 R37-M1-N1-C:J14-U01 2005-06-29-17.33.04.225657 R37-M1-N1-C:J14-U01 RAS KERNEL INFO generating core.24907
- 1120091584 2005.06.29 R37-M1-N1-C:J12-U01 2005-06-29-17.33.04.334183 R37-M1-N1-C:J12-U01 RAS KERNEL INFO generating core.9035
- 1120091584 2005.06.29 R37-M1-N1-C:J06-U01 2005-06-29-17.33.04.442780 R37-M1-N1-C:J06-U01 RAS KERNEL INFO generating core.25931
- 1120091584 2005.06.29 R37-M1-N1-C:J02-U11 2005-06-29-17.33.04.559358 R37-M1-N1-C:J02-U11 RAS KERNEL INFO generating core.10075
- 1120091584 2005.06.29 R37-M0-NB-C:J11-U11 2005-06-29-17.33.04.668596 R37-M0-NB-C:J11-U11 RAS KERNEL INFO generating core.9014
- 1120091584 2005.06.29 R37-M0-NB-C:J05-U01 2005-06-29-17.33.04.793199 R37-M0-NB-C:J05-U01 RAS KERNEL INFO generating core.10022
- 1120091584 2005.06.29 R37-M0-NB-C:J03-U11 2005-06-29-17.33.04.907580 R37-M0-NB-C:J03-U11 RAS KERNEL INFO generating core.10038
- 1120091585 2005.06.29 R37-M0-NB-C:J17-U01 2005-06-29-17.33.05.015349 R37-M0-NB-C:J17-U01 RAS KERNEL INFO generating core.8486
- 1120091585 2005.06.29 R37-M0-NB-C:J13-U01 2005-06-29-17.33.05.127967 R37-M0-NB-C:J13-U01 RAS KERNEL INFO generating core.8998
- 1120091585 2005.06.29 R37-M0-NB-C:J08-U11 2005-06-29-17.33.05.236253 R37-M0-NB-C:J08-U11 RAS KERNEL INFO generating core.25878
- 1120091585 2005.06.29 R37-M0-NB-C:J06-U11 2005-06-29-17.33.05.344490 R37-M0-NB-C:J06-U11 RAS KERNEL INFO generating core.9494
- 1120091585 2005.06.29 R37-M0-NB-C:J16-U01 2005-06-29-17.33.05.452401 R37-M0-NB-C:J16-U01 RAS KERNEL INFO generating core.8454
- 1120091585 2005.06.29 R37-M0-NB-C:J08-U01 2005-06-29-17.33.05.560426 R37-M0-NB-C:J08-U01 RAS KERNEL INFO generating core.9478
- 1120091585 2005.06.29 R37-M0-NB-C:J04-U11 2005-06-29-17.33.05.668276 R37-M0-NB-C:J04-U11 RAS KERNEL INFO generating core.26390
- 1120091585 2005.06.29 R20-M1-NA-C:J05-U01 2005-06-29-17.33.05.779019 R20-M1-NA-C:J05-U01 RAS KERNEL INFO generating core.15906
- 1120091585 2005.06.29 R20-M1-NA-C:J15-U01 2005-06-29-17.33.05.880487 R20-M1-NA-C:J15-U01 RAS KERNEL INFO generating core.30754
- 1120091585 2005.06.29 R20-M1-NA-C:J07-U01 2005-06-29-17.33.05.983093 R20-M1-NA-C:J07-U01 RAS KERNEL INFO generating core.31778
- 1120092134 2005.06.29 R31-M1-N4-C:J10-U01 2005-06-29-17.42.14.156754 R31-M1-N4-C:J10-U01 RAS KERNEL INFO generating core.27209
- 1120092134 2005.06.29 R31-M1-N4-C:J04-U01 2005-06-29-17.42.14.264580 R31-M1-N4-C:J04-U01 RAS KERNEL INFO generating core.11849
- 1120092134 2005.06.29 R31-M1-N4-C:J02-U01 2005-06-29-17.42.14.378525 R31-M1-N4-C:J02-U01 RAS KERNEL INFO generating core.28233
- 1120092134 2005.06.29 R34-M0-N4-C:J15-U11 2005-06-29-17.42.14.497529 R34-M0-N4-C:J15-U11 RAS KERNEL INFO generating core.10481
- 1120092134 2005.06.29 R34-M0-N4-C:J17-U11 2005-06-29-17.42.14.605772 R34-M0-N4-C:J17-U11 RAS KERNEL INFO generating core.26865
- 1120092134 2005.06.29 R34-M0-N4-C:J03-U11 2005-06-29-17.42.14.714272 R34-M0-N4-C:J03-U11 RAS KERNEL INFO generating core.12017
- 1120092134 2005.06.29 R34-M0-N4-C:J06-U11 2005-06-29-17.42.14.821669 R34-M0-N4-C:J06-U11 RAS KERNEL INFO generating core.11473
- 1120092134 2005.06.29 R34-M0-N4-C:J10-U01 2005-06-29-17.42.14.933201 R34-M0-N4-C:J10-U01 RAS KERNEL INFO generating core.27329
- 1120092135 2005.06.29 R34-M0-N4-C:J04-U11 2005-06-29-17.42.15.040070 R34-M0-N4-C:J04-U11 RAS KERNEL INFO generating core.28369
- 1120092135 2005.06.29 R34-M0-N0-C:J15-U11 2005-06-29-17.42.15.155113 R34-M0-N0-C:J15-U11 RAS KERNEL INFO generating core.10483
- 1120092135 2005.06.29 R34-M0-N0-C:J17-U11 2005-06-29-17.42.15.261548 R34-M0-N0-C:J17-U11 RAS KERNEL INFO generating core.26867
- 1120092135 2005.06.29 R34-M0-N0-C:J03-U11 2005-06-29-17.42.15.369566 R34-M0-N0-C:J03-U11 RAS KERNEL INFO generating core.12019
- 1120092135 2005.06.29 R34-M0-N0-C:J06-U11 2005-06-29-17.42.15.479411 R34-M0-N0-C:J06-U11 RAS KERNEL INFO generating core.11475
- 1120092135 2005.06.29 R34-M0-N0-C:J10-U01 2005-06-29-17.42.15.598698 R34-M0-N0-C:J10-U01 RAS KERNEL INFO generating core.27331
- 1120092135 2005.06.29 R34-M0-N0-C:J06-U01 2005-06-29-17.42.15.705908 R34-M0-N0-C:J06-U01 RAS KERNEL INFO generating core.27843
- 1120092135 2005.06.29 R34-M0-N8-C:J09-U11 2005-06-29-17.42.15.820251 R34-M0-N8-C:J09-U11 RAS KERNEL INFO generating core.27827
- 1120092135 2005.06.29 R34-M0-N8-C:J13-U11 2005-06-29-17.42.15.927543 R34-M0-N8-C:J13-U11 RAS KERNEL INFO generating core.27315
- 1120092136 2005.06.29 R34-M0-N8-C:J03-U01 2005-06-29-17.42.16.035440 R34-M0-N8-C:J03-U01 RAS KERNEL INFO generating core.28323
- 1120092136 2005.06.29 R34-M0-N8-C:J07-U11 2005-06-29-17.42.16.148531 R34-M0-N8-C:J07-U11 RAS KERNEL INFO generating core.11443
- 1120092136 2005.06.29 R34-M0-N8-C:J11-U01 2005-06-29-17.42.16.256436 R34-M0-N8-C:J11-U01 RAS KERNEL INFO generating core.27299
- 1120092136 2005.06.29 R34-M0-N8-C:J09-U01 2005-06-29-17.42.16.364593 R34-M0-N8-C:J09-U01 RAS KERNEL INFO generating core.11427
- 1120092136 2005.06.29 R34-M0-N8-C:J14-U11 2005-06-29-17.42.16.473028 R34-M0-N8-C:J14-U11 RAS KERNEL INFO generating core.10387
- 1120092136 2005.06.29 R34-M0-N8-C:J12-U11 2005-06-29-17.42.16.581179 R34-M0-N8-C:J12-U11 RAS KERNEL INFO generating core.27283
- 1120092136 2005.06.29 R34-M0-N8-C:J10-U01 2005-06-29-17.42.16.692572 R34-M0-N8-C:J10-U01 RAS KERNEL INFO generating core.27267
- 1120092136 2005.06.29 R34-M0-N8-C:J04-U01 2005-06-29-17.42.16.800396 R34-M0-N8-C:J04-U01 RAS KERNEL INFO generating core.11907
- 1120094380 2005.06.29 R32-M0-N2-C:J07-U01 2005-06-29-18.19.40.565978 R32-M0-N2-C:J07-U01 RAS KERNEL INFO 344040 double-hummer alignment exceptions
- 1120094380 2005.06.29 R32-M0-N2-C:J16-U11 2005-06-29-18.19.40.673051 R32-M0-N2-C:J16-U11 RAS KERNEL INFO 344040 double-hummer alignment exceptions
- 1120094380 2005.06.29 R32-M0-N2-C:J10-U11 2005-06-29-18.19.40.786306 R32-M0-N2-C:J10-U11 RAS KERNEL INFO 344040 double-hummer alignment exceptions
- 1120094380 2005.06.29 R32-M0-N2-C:J14-U01 2005-06-29-18.19.40.892967 R32-M0-N2-C:J14-U01 RAS KERNEL INFO 344040 double-hummer alignment exceptions
- 1120094381 2005.06.29 R32-M0-N2-C:J12-U01 2005-06-29-18.19.41.002957 R32-M0-N2-C:J12-U01 RAS KERNEL INFO 344040 double-hummer alignment exceptions
- 1120094381 2005.06.29 R32-M0-N2-C:J06-U01 2005-06-29-18.19.41.116038 R32-M0-N2-C:J06-U01 RAS KERNEL INFO 344040 double-hummer alignment exceptions
- 1120094381 2005.06.29 R32-M0-N2-C:J02-U11 2005-06-29-18.19.41.223588 R32-M0-N2-C:J02-U11 RAS KERNEL INFO 344040 double-hummer alignment exceptions
- 1120094381 2005.06.29 R32-M0-N6-C:J11-U11 2005-06-29-18.19.41.340354 R32-M0-N6-C:J11-U11 RAS KERNEL INFO 344040 double-hummer alignment exceptions
- 1120094381 2005.06.29 R32-M0-N6-C:J05-U01 2005-06-29-18.19.41.447390 R32-M0-N6-C:J05-U01 RAS KERNEL INFO 344040 double-hummer alignment exceptions
- 1120094381 2005.06.29 R32-M0-N6-C:J03-U11 2005-06-29-18.19.41.553403 R32-M0-N6-C:J03-U11 RAS KERNEL INFO 344040 double-hummer alignment exceptions
- 1120094381 2005.06.29 R32-M0-N6-C:J17-U01 2005-06-29-18.19.41.663617 R32-M0-N6-C:J17-U01 RAS KERNEL INFO 344040 double-hummer alignment exceptions
- 1120094381 2005.06.29 R32-M0-N6-C:J13-U01 2005-06-29-18.19.41.766988 R32-M0-N6-C:J13-U01 RAS KERNEL INFO 344040 double-hummer alignment exceptions
- 1120094381 2005.06.29 R32-M0-N6-C:J08-U11 2005-06-29-18.19.41.874281 R32-M0-N6-C:J08-U11 RAS KERNEL INFO 344040 double-hummer alignment exceptions
- 1120094381 2005.06.29 R32-M0-N6-C:J06-U11 2005-06-29-18.19.41.977700 R32-M0-N6-C:J06-U11 RAS KERNEL INFO 344040 double-hummer alignment exceptions
- 1120094382 2005.06.29 R32-M0-N6-C:J16-U01 2005-06-29-18.19.42.082809 R32-M0-N6-C:J16-U01 RAS KERNEL INFO 344040 double-hummer alignment exceptions
- 1120094382 2005.06.29 R32-M0-N6-C:J08-U01 2005-06-29-18.19.42.193208 R32-M0-N6-C:J08-U01 RAS KERNEL INFO 344040 double-hummer alignment exceptions
- 1120094382 2005.06.29 R32-M0-N6-C:J04-U11 2005-06-29-18.19.42.296343 R32-M0-N6-C:J04-U11 RAS KERNEL INFO 344040 double-hummer alignment exceptions
- 1120094382 2005.06.29 R32-M0-N7-C:J09-U11 2005-06-29-18.19.42.405555 R32-M0-N7-C:J09-U11 RAS KERNEL INFO 344040 double-hummer alignment exceptions
- 1120094382 2005.06.29 R32-M0-N7-C:J13-U11 2005-06-29-18.19.42.508798 R32-M0-N7-C:J13-U11 RAS KERNEL INFO 344040 double-hummer alignment exceptions
- 1120094382 2005.06.29 R32-M0-N7-C:J03-U01 2005-06-29-18.19.42.611619 R32-M0-N7-C:J03-U01 RAS KERNEL INFO 344040 double-hummer alignment exceptions
- 1120094382 2005.06.29 R32-M0-N7-C:J07-U11 2005-06-29-18.19.42.719537 R32-M0-N7-C:J07-U11 RAS KERNEL INFO 344040 double-hummer alignment exceptions
- 1120094382 2005.06.29 R32-M0-N7-C:J11-U01 2005-06-29-18.19.42.822886 R32-M0-N7-C:J11-U01 RAS KERNEL INFO 344040 double-hummer alignment exceptions
- 1120094382 2005.06.29 R32-M0-N7-C:J09-U01 2005-06-29-18.19.42.932862 R32-M0-N7-C:J09-U01 RAS KERNEL INFO 344040 double-hummer alignment exceptions
- 1120094383 2005.06.29 R32-M0-N7-C:J14-U11 2005-06-29-18.19.43.036308 R32-M0-N7-C:J14-U11 RAS KERNEL INFO 344040 double-hummer alignment exceptions
- 1120094383 2005.06.29 R32-M0-N7-C:J12-U11 2005-06-29-18.19.43.139865 R32-M0-N7-C:J12-U11 RAS KERNEL INFO 344040 double-hummer alignment exceptions
- 1120113566 2005.06.29 R26-M0-NB-C:J07-U01 2005-06-29-23.39.26.470795 R26-M0-NB-C:J07-U01 RAS KERNEL INFO CE sym 10, at 0x18f71180, mask 0x02
- 1120113566 2005.06.29 R26-M0-NB-C:J07-U01 2005-06-29-23.39.26.680108 R26-M0-NB-C:J07-U01 RAS KERNEL INFO CE sym 10, at 0x18f71180, mask 0x02
- 1120113566 2005.06.29 R26-M0-NB-C:J07-U01 2005-06-29-23.39.26.891299 R26-M0-NB-C:J07-U01 RAS KERNEL INFO CE sym 10, at 0x18f71180, mask 0x02
- 1120113567 2005.06.29 R26-M0-NB-C:J07-U01 2005-06-29-23.39.27.102550 R26-M0-NB-C:J07-U01 RAS KERNEL INFO CE sym 10, at 0x18f71180, mask 0x02
- 1120113567 2005.06.29 R26-M0-NB-C:J07-U01 2005-06-29-23.39.27.313794 R26-M0-NB-C:J07-U01 RAS KERNEL INFO CE sym 10, at 0x18f71180, mask 0x02
- 1120113567 2005.06.29 R26-M0-NB-C:J07-U01 2005-06-29-23.39.27.541195 R26-M0-NB-C:J07-U01 RAS KERNEL INFO CE sym 10, at 0x18f71180, mask 0x02
- 1120113567 2005.06.29 R26-M0-NB-C:J07-U01 2005-06-29-23.39.27.754038 R26-M0-NB-C:J07-U01 RAS KERNEL INFO CE sym 10, at 0x18f71180, mask 0x02
- 1120113567 2005.06.29 R26-M0-NB-C:J07-U01 2005-06-29-23.39.27.967238 R26-M0-NB-C:J07-U01 RAS KERNEL INFO CE sym 10, at 0x18df0fe0, mask 0x02
- 1120113568 2005.06.29 R26-M0-NB-C:J07-U01 2005-06-29-23.39.28.175999 R26-M0-NB-C:J07-U01 RAS KERNEL INFO CE sym 10, at 0x18f71180, mask 0x02
- 1120113568 2005.06.29 R26-M0-NB-C:J07-U01 2005-06-29-23.39.28.385594 R26-M0-NB-C:J07-U01 RAS KERNEL INFO CE sym 10, at 0x18f71180, mask 0x02
- 1120113568 2005.06.29 R26-M0-NB-C:J07-U01 2005-06-29-23.39.28.606349 R26-M0-NB-C:J07-U01 RAS KERNEL INFO CE sym 10, at 0x18f71180, mask 0x02
- 1120113568 2005.06.29 R26-M0-NB-C:J07-U01 2005-06-29-23.39.28.817900 R26-M0-NB-C:J07-U01 RAS KERNEL INFO CE sym 10, at 0x18d70580, mask 0x08
- 1120113569 2005.06.29 R26-M0-NB-C:J07-U01 2005-06-29-23.39.29.030400 R26-M0-NB-C:J07-U01 RAS KERNEL INFO CE sym 10, at 0x18f71180, mask 0x02
- 1120113569 2005.06.29 R26-M0-NB-C:J07-U01 2005-06-29-23.39.29.243639 R26-M0-NB-C:J07-U01 RAS KERNEL INFO CE sym 10, at 0x18f71180, mask 0x02
- 1120113569 2005.06.29 R26-M0-NB-C:J07-U01 2005-06-29-23.39.29.456883 R26-M0-NB-C:J07-U01 RAS KERNEL INFO CE sym 10, at 0x18f71180, mask 0x02
- 1120113569 2005.06.29 R26-M0-NB-C:J07-U01 2005-06-29-23.39.29.677267 R26-M0-NB-C:J07-U01 RAS KERNEL INFO CE sym 10, at 0x18f71180, mask 0x02
- 1120113569 2005.06.29 R26-M0-NB-C:J07-U01 2005-06-29-23.39.29.891766 R26-M0-NB-C:J07-U01 RAS KERNEL INFO CE sym 10, at 0x18f71180, mask 0x02
- 1120113570 2005.06.29 R26-M0-NB-C:J07-U01 2005-06-29-23.39.30.104034 R26-M0-NB-C:J07-U01 RAS KERNEL INFO CE sym 10, at 0x18f71180, mask 0x02
- 1120113570 2005.06.29 R26-M0-NB-C:J07-U01 2005-06-29-23.39.30.320219 R26-M0-NB-C:J07-U01 RAS KERNEL INFO CE sym 10, at 0x18bf0fc0, mask 0x08
- 1120113570 2005.06.29 R26-M0-NB-C:J07-U01 2005-06-29-23.39.30.535037 R26-M0-NB-C:J07-U01 RAS KERNEL INFO CE sym 10, at 0x18f71180, mask 0x02
- 1120113570 2005.06.29 R26-M0-NB-C:J07-U01 2005-06-29-23.39.30.760611 R26-M0-NB-C:J07-U01 RAS KERNEL INFO CE sym 10, at 0x18f71180, mask 0x02
- 1120113570 2005.06.29 R26-M0-NB-C:J07-U01 2005-06-29-23.39.30.981898 R26-M0-NB-C:J07-U01 RAS KERNEL INFO CE sym 10, at 0x18f71180, mask 0x02
- 1120113571 2005.06.29 R26-M0-NB-C:J07-U01 2005-06-29-23.39.31.190809 R26-M0-NB-C:J07-U01 RAS KERNEL INFO CE sym 10, at 0x18f71180, mask 0x02
- 1120113571 2005.06.29 R26-M0-NB-C:J07-U01 2005-06-29-23.39.31.402860 R26-M0-NB-C:J07-U01 RAS KERNEL INFO CE sym 10, at 0x18f71180, mask 0x02
- 1120113571 2005.06.29 R26-M0-NB-C:J07-U01 2005-06-29-23.39.31.612945 R26-M0-NB-C:J07-U01 RAS KERNEL INFO CE sym 10, at 0x18f71180, mask 0x02
- 1120145557 2005.06.30 R10-M1-NE-C:J06-U11 2005-06-30-08.32.37.121618 R10-M1-NE-C:J06-U11 RAS KERNEL INFO generating core.1070
- 1120145557 2005.06.30 R10-M1-NE-C:J16-U01 2005-06-30-08.32.37.236595 R10-M1-NE-C:J16-U01 RAS KERNEL INFO generating core.12
- 1120145557 2005.06.30 R10-M1-NE-C:J08-U01 2005-06-30-08.32.37.347867 R10-M1-NE-C:J08-U01 RAS KERNEL INFO generating core.14
- 1120145557 2005.06.30 R10-M1-NE-C:J04-U11 2005-06-30-08.32.37.458055 R10-M1-NE-C:J04-U11 RAS KERNEL INFO generating core.47
- 1120145557 2005.06.30 R10-M0-N3-C:J09-U11 2005-06-30-08.32.37.567534 R10-M0-N3-C:J09-U11 RAS KERNEL INFO generating core.28906
- 1120145557 2005.06.30 R10-M0-N3-C:J13-U11 2005-06-30-08.32.37.676396 R10-M0-N3-C:J13-U11 RAS KERNEL INFO generating core.28905
- 1120145557 2005.06.30 R10-M0-N3-C:J03-U01 2005-06-30-08.32.37.786715 R10-M0-N3-C:J03-U01 RAS KERNEL INFO generating core.29899
- 1120145557 2005.06.30 R10-M0-N3-C:J07-U11 2005-06-30-08.32.37.900376 R10-M0-N3-C:J07-U11 RAS KERNEL INFO generating core.29930
- 1120145558 2005.06.30 R10-M0-N3-C:J11-U01 2005-06-30-08.32.38.008791 R10-M0-N3-C:J11-U01 RAS KERNEL INFO generating core.29897
- 1120145558 2005.06.30 R10-M0-N3-C:J09-U01 2005-06-30-08.32.38.115370 R10-M0-N3-C:J09-U01 RAS KERNEL INFO generating core.28874
- 1120145558 2005.06.30 R10-M0-N3-C:J14-U11 2005-06-30-08.32.38.224725 R10-M0-N3-C:J14-U11 RAS KERNEL INFO generating core.29864
- 1120145558 2005.06.30 R10-M0-N3-C:J12-U11 2005-06-30-08.32.38.334875 R10-M0-N3-C:J12-U11 RAS KERNEL INFO generating core.28841
- 1120145558 2005.06.30 R10-M0-N3-C:J10-U01 2005-06-30-08.32.38.447403 R10-M0-N3-C:J10-U01 RAS KERNEL INFO generating core.29833
- 1120145558 2005.06.30 R10-M0-N3-C:J04-U01 2005-06-30-08.32.38.570999 R10-M0-N3-C:J04-U01 RAS KERNEL INFO generating core.28811
- 1120145558 2005.06.30 R10-M0-N3-C:J02-U01 2005-06-30-08.32.38.680333 R10-M0-N3-C:J02-U01 RAS KERNEL INFO generating core.29835
- 1120145558 2005.06.30 R10-M0-N7-C:J15-U11 2005-06-30-08.32.38.794551 R10-M0-N7-C:J15-U11 RAS KERNEL INFO generating core.25832
- 1120145558 2005.06.30 R10-M0-N7-C:J17-U11 2005-06-30-08.32.38.902639 R10-M0-N7-C:J17-U11 RAS KERNEL INFO generating core.24808
- 1120145559 2005.06.30 R10-M0-N7-C:J05-U11 2005-06-30-08.32.39.020942 R10-M0-N7-C:J05-U11 RAS KERNEL INFO generating core.24811
- 1120145559 2005.06.30 R10-M0-N7-C:J15-U01 2005-06-30-08.32.39.130350 R10-M0-N7-C:J15-U01 RAS KERNEL INFO generating core.25800
- 1120145559 2005.06.30 R10-M0-N7-C:J07-U01 2005-06-30-08.32.39.241114 R10-M0-N7-C:J07-U01 RAS KERNEL INFO generating core.25802
- 1120145559 2005.06.30 R10-M0-N7-C:J16-U11 2005-06-30-08.32.39.350083 R10-M0-N7-C:J16-U11 RAS KERNEL INFO generating core.24744
- 1120145559 2005.06.30 R10-M0-N7-C:J10-U11 2005-06-30-08.32.39.459181 R10-M0-N7-C:J10-U11 RAS KERNEL INFO generating core.25769
- 1120145559 2005.06.30 R10-M0-N7-C:J14-U01 2005-06-30-08.32.39.567835 R10-M0-N7-C:J14-U01 RAS KERNEL INFO generating core.25736
- 1120145559 2005.06.30 R10-M0-N7-C:J12-U01 2005-06-30-08.32.39.681649 R10-M0-N7-C:J12-U01 RAS KERNEL INFO generating core.24713
- 1120145559 2005.06.30 R10-M0-N7-C:J06-U01 2005-06-30-08.32.39.790296 R10-M0-N7-C:J06-U01 RAS KERNEL INFO generating core.25738
- 1120146111 2005.06.30 R15-M0-NC-C:J16-U01 2005-06-30-08.41.51.719858 R15-M0-NC-C:J16-U01 RAS KERNEL INFO generating core.18700
- 1120146111 2005.06.30 R15-M0-NC-C:J08-U01 2005-06-30-08.41.51.824302 R15-M0-NC-C:J08-U01 RAS KERNEL INFO generating core.18702
- 1120146111 2005.06.30 R15-M0-NC-C:J04-U11 2005-06-30-08.41.51.928951 R15-M0-NC-C:J04-U11 RAS KERNEL INFO generating core.18735
- 1120146112 2005.06.30 R15-M1-N4-C:J09-U11 2005-06-30-08.41.52.056302 R15-M1-N4-C:J09-U11 RAS KERNEL INFO generating core.10734
- 1120146112 2005.06.30 R15-M1-N4-C:J13-U11 2005-06-30-08.41.52.162035 R15-M1-N4-C:J13-U11 RAS KERNEL INFO generating core.10733
- 1120146112 2005.06.30 R15-M1-N4-C:J03-U01 2005-06-30-08.41.52.284338 R15-M1-N4-C:J03-U01 RAS KERNEL INFO generating core.11727
- 1120146112 2005.06.30 R15-M1-N4-C:J07-U11 2005-06-30-08.41.52.388916 R15-M1-N4-C:J07-U11 RAS KERNEL INFO generating core.11758
- 1120146112 2005.06.30 R15-M1-N4-C:J11-U01 2005-06-30-08.41.52.588833 R15-M1-N4-C:J11-U01 RAS KERNEL INFO generating core.11725
- 1120146112 2005.06.30 R15-M1-N4-C:J09-U01 2005-06-30-08.41.52.704543 R15-M1-N4-C:J09-U01 RAS KERNEL INFO generating core.10702
- 1120146112 2005.06.30 R15-M1-N4-C:J14-U11 2005-06-30-08.41.52.813381 R15-M1-N4-C:J14-U11 RAS KERNEL INFO generating core.11692
- 1120146112 2005.06.30 R15-M1-N4-C:J12-U11 2005-06-30-08.41.52.921914 R15-M1-N4-C:J12-U11 RAS KERNEL INFO generating core.10669
- 1120146113 2005.06.30 R15-M1-N4-C:J10-U01 2005-06-30-08.41.53.027909 R15-M1-N4-C:J10-U01 RAS KERNEL INFO generating core.11661
- 1120146113 2005.06.30 R15-M1-N4-C:J04-U01 2005-06-30-08.41.53.136890 R15-M1-N4-C:J04-U01 RAS KERNEL INFO generating core.10639
- 1120146113 2005.06.30 R15-M1-N4-C:J02-U01 2005-06-30-08.41.53.243124 R15-M1-N4-C:J02-U01 RAS KERNEL INFO generating core.11663
- 1120146113 2005.06.30 R15-M1-NC-C:J15-U11 2005-06-30-08.41.53.411343 R15-M1-NC-C:J15-U11 RAS KERNEL INFO generating core.11628
- 1120146113 2005.06.30 R15-M1-NC-C:J17-U11 2005-06-30-08.41.53.516267 R15-M1-NC-C:J17-U11 RAS KERNEL INFO generating core.10604
- 1120146113 2005.06.30 R15-M1-NC-C:J05-U11 2005-06-30-08.41.53.621397 R15-M1-NC-C:J05-U11 RAS KERNEL INFO generating core.10607
- 1120146113 2005.06.30 R15-M1-NC-C:J15-U01 2005-06-30-08.41.53.727050 R15-M1-NC-C:J15-U01 RAS KERNEL INFO generating core.11596
- 1120146113 2005.06.30 R15-M1-NC-C:J07-U01 2005-06-30-08.41.53.831899 R15-M1-NC-C:J07-U01 RAS KERNEL INFO generating core.11598
- 1120146113 2005.06.30 R15-M1-NC-C:J16-U11 2005-06-30-08.41.53.943412 R15-M1-NC-C:J16-U11 RAS KERNEL INFO generating core.10540
- 1120146114 2005.06.30 R15-M1-NC-C:J10-U11 2005-06-30-08.41.54.049030 R15-M1-NC-C:J10-U11 RAS KERNEL INFO generating core.11565
- 1120146114 2005.06.30 R15-M1-NC-C:J14-U01 2005-06-30-08.41.54.154638 R15-M1-NC-C:J14-U01 RAS KERNEL INFO generating core.11532
- 1120146114 2005.06.30 R15-M1-NC-C:J12-U01 2005-06-30-08.41.54.261589 R15-M1-NC-C:J12-U01 RAS KERNEL INFO generating core.10509
- 1120146114 2005.06.30 R15-M1-NC-C:J06-U01 2005-06-30-08.41.54.366428 R15-M1-NC-C:J06-U01 RAS KERNEL INFO generating core.11534
- 1120146114 2005.06.30 R15-M1-NC-C:J02-U11 2005-06-30-08.41.54.476341 R15-M1-NC-C:J02-U11 RAS KERNEL INFO generating core.11567
- 1120148421 2005.06.30 R06-M0-N2-C:J05-U01 2005-06-30-09.20.21.721284 R06-M0-N2-C:J05-U01 RAS KERNEL INFO generating core.311
- 1120148421 2005.06.30 R06-M0-N2-C:J03-U11 2005-06-30-09.20.21.814543 R06-M0-N2-C:J03-U11 RAS KERNEL INFO generating core.383
- 1120148421 2005.06.30 R06-M0-N2-C:J17-U01 2005-06-30-09.20.21.896420 R06-M0-N2-C:J17-U01 RAS KERNEL INFO generating core.308
- 1120148421 2005.06.30 R06-M0-N2-C:J13-U01 2005-06-30-09.20.21.973643 R06-M0-N2-C:J13-U01 RAS KERNEL INFO generating core.309
- 1120148422 2005.06.30 R06-M0-N2-C:J08-U11 2005-06-30-09.20.22.069574 R06-M0-N2-C:J08-U11 RAS KERNEL INFO generating core.302
- 1120148422 2005.06.30 R06-M0-N2-C:J06-U11 2005-06-30-09.20.22.162244 R06-M0-N2-C:J06-U11 RAS KERNEL INFO generating core.366
- 1120148422 2005.06.30 R06-M0-N2-C:J16-U01 2005-06-30-09.20.22.235980 R06-M0-N2-C:J16-U01 RAS KERNEL INFO generating core.292
- 1120148422 2005.06.30 R06-M0-N2-C:J08-U01 2005-06-30-09.20.22.323049 R06-M0-N2-C:J08-U01 RAS KERNEL INFO generating core.294
- 1120148422 2005.06.30 R06-M0-N2-C:J04-U11 2005-06-30-09.20.22.404837 R06-M0-N2-C:J04-U11 RAS KERNEL INFO generating core.303
- 1120148422 2005.06.30 R06-M0-N5-C:J09-U11 2005-06-30-09.20.22.481257 R06-M0-N5-C:J09-U11 RAS KERNEL INFO generating core.186
- 1120148422 2005.06.30 R06-M0-N5-C:J13-U11 2005-06-30-09.20.22.565027 R06-M0-N5-C:J13-U11 RAS KERNEL INFO generating core.185
- 1120148422 2005.06.30 R06-M0-N5-C:J03-U01 2005-06-30-09.20.22.662425 R06-M0-N5-C:J03-U01 RAS KERNEL INFO generating core.243
- 1120148422 2005.06.30 R06-M0-N5-C:J07-U11 2005-06-30-09.20.22.734059 R06-M0-N5-C:J07-U11 RAS KERNEL INFO generating core.250
- 1120148422 2005.06.30 R06-M0-N5-C:J11-U01 2005-06-30-09.20.22.817429 R06-M0-N5-C:J11-U01 RAS KERNEL INFO generating core.241
- 1120148422 2005.06.30 R06-M0-N5-C:J09-U01 2005-06-30-09.20.22.890773 R06-M0-N5-C:J09-U01 RAS KERNEL INFO generating core.178
- 1120148422 2005.06.30 R06-M0-N5-C:J14-U11 2005-06-30-09.20.22.975719 R06-M0-N5-C:J14-U11 RAS KERNEL INFO generating core.232
- 1120148423 2005.06.30 R06-M0-N5-C:J12-U11 2005-06-30-09.20.23.049196 R06-M0-N5-C:J12-U11 RAS KERNEL INFO generating core.169
- 1120148423 2005.06.30 R06-M0-N5-C:J10-U01 2005-06-30-09.20.23.125030 R06-M0-N5-C:J10-U01 RAS KERNEL INFO generating core.225
- 1120148423 2005.06.30 R06-M0-N5-C:J04-U01 2005-06-30-09.20.23.197351 R06-M0-N5-C:J04-U01 RAS KERNEL INFO generating core.163
- 1120148423 2005.06.30 R06-M0-N5-C:J02-U01 2005-06-30-09.20.23.281452 R06-M0-N5-C:J02-U01 RAS KERNEL INFO generating core.227
- 1120148423 2005.06.30 R06-M1-N5-C:J15-U11 2005-06-30-09.20.23.534471 R06-M1-N5-C:J15-U11 RAS KERNEL INFO generating core.1784
- 1120148423 2005.06.30 R06-M1-N5-C:J17-U11 2005-06-30-09.20.23.628421 R06-M1-N5-C:J17-U11 RAS KERNEL INFO generating core.1720
- 1120148423 2005.06.30 R06-M1-N5-C:J05-U11 2005-06-30-09.20.23.704309 R06-M1-N5-C:J05-U11 RAS KERNEL INFO generating core.1723
- 1120148423 2005.06.30 R06-M1-N5-C:J15-U01 2005-06-30-09.20.23.778283 R06-M1-N5-C:J15-U01 RAS KERNEL INFO generating core.1776
- 1120148423 2005.06.30 R06-M1-N5-C:J07-U01 2005-06-30-09.20.23.864029 R06-M1-N5-C:J07-U01 RAS KERNEL INFO generating core.1778
- 1120148943 2005.06.30 R31-M0-N1-C:J02-U01 2005-06-30-09.29.03.771256 R31-M0-N1-C:J02-U01 RAS KERNEL INFO generating core.7747
- 1120148943 2005.06.30 R36-M1-NE-C:J15-U11 2005-06-30-09.29.03.855682 R36-M1-NE-C:J15-U11 RAS KERNEL INFO generating core.13108
- 1120148943 2005.06.30 R36-M1-NE-C:J17-U11 2005-06-30-09.29.03.938519 R36-M1-NE-C:J17-U11 RAS KERNEL INFO generating core.12596
- 1120148944 2005.06.30 R36-M1-NE-C:J05-U11 2005-06-30-09.29.04.021557 R36-M1-NE-C:J05-U11 RAS KERNEL INFO generating core.12599
- 1120148944 2005.06.30 R36-M1-NE-C:J15-U01 2005-06-30-09.29.04.105005 R36-M1-NE-C:J15-U01 RAS KERNEL INFO generating core.13092
- 1120148944 2005.06.30 R36-M1-NE-C:J07-U01 2005-06-30-09.29.04.188089 R36-M1-NE-C:J07-U01 RAS KERNEL INFO generating core.13094
- 1120148944 2005.06.30 R36-M1-NE-C:J16-U11 2005-06-30-09.29.04.280503 R36-M1-NE-C:J16-U11 RAS KERNEL INFO generating core.12564
- 1120148944 2005.06.30 R36-M1-NE-C:J10-U11 2005-06-30-09.29.04.363639 R36-M1-NE-C:J10-U11 RAS KERNEL INFO generating core.13077
- 1120148944 2005.06.30 R36-M1-NE-C:J14-U01 2005-06-30-09.29.04.446817 R36-M1-NE-C:J14-U01 RAS KERNEL INFO generating core.13060
- 1120148944 2005.06.30 R36-M1-NE-C:J12-U01 2005-06-30-09.29.04.529441 R36-M1-NE-C:J12-U01 RAS KERNEL INFO generating core.12549
- 1120148944 2005.06.30 R36-M1-NE-C:J06-U01 2005-06-30-09.29.04.611596 R36-M1-NE-C:J06-U01 RAS KERNEL INFO generating core.13062
- 1120148944 2005.06.30 R36-M1-NE-C:J02-U11 2005-06-30-09.29.04.702392 R36-M1-NE-C:J02-U11 RAS KERNEL INFO generating core.13079
- 1120148944 2005.06.30 R31-M0-NA-C:J11-U11 2005-06-30-09.29.04.784069 R31-M0-NA-C:J11-U11 RAS KERNEL INFO generating core.6709
- 1120148944 2005.06.30 R31-M0-NA-C:J05-U01 2005-06-30-09.29.04.865467 R31-M0-NA-C:J05-U01 RAS KERNEL INFO generating core.6183
- 1120148944 2005.06.30 R31-M0-NA-C:J03-U11 2005-06-30-09.29.04.946902 R31-M0-NA-C:J03-U11 RAS KERNEL INFO generating core.6711
- 1120148945 2005.06.30 R31-M0-NA-C:J17-U01 2005-06-30-09.29.05.027954 R31-M0-NA-C:J17-U01 RAS KERNEL INFO generating core.6180
- 1120148945 2005.06.30 R31-M0-NA-C:J13-U01 2005-06-30-09.29.05.117306 R31-M0-NA-C:J13-U01 RAS KERNEL INFO generating core.6181
- 1120148945 2005.06.30 R31-M0-NA-C:J08-U11 2005-06-30-09.29.05.200946 R31-M0-NA-C:J08-U11 RAS KERNEL INFO generating core.6166
- 1120148945 2005.06.30 R31-M0-NA-C:J06-U11 2005-06-30-09.29.05.283734 R31-M0-NA-C:J06-U11 RAS KERNEL INFO generating core.6678
- 1120148945 2005.06.30 R31-M0-NA-C:J16-U01 2005-06-30-09.29.05.366318 R31-M0-NA-C:J16-U01 RAS KERNEL INFO generating core.6148
- 1120148945 2005.06.30 R31-M0-NA-C:J08-U01 2005-06-30-09.29.05.449632 R31-M0-NA-C:J08-U01 RAS KERNEL INFO generating core.6150
- 1120148945 2005.06.30 R31-M0-NA-C:J04-U11 2005-06-30-09.29.05.532789 R31-M0-NA-C:J04-U11 RAS KERNEL INFO generating core.6167
- 1120148945 2005.06.30 R31-M0-ND-C:J09-U11 2005-06-30-09.29.05.639733 R31-M0-ND-C:J09-U11 RAS KERNEL INFO generating core.5170
- 1120148945 2005.06.30 R31-M0-ND-C:J13-U11 2005-06-30-09.29.05.721590 R31-M0-ND-C:J13-U11 RAS KERNEL INFO generating core.5169
- 1120148945 2005.06.30 R31-M0-ND-C:J03-U01 2005-06-30-09.29.05.802536 R31-M0-ND-C:J03-U01 RAS KERNEL INFO generating core.5667
- 1120173865 2005.06.30 R36-M1-N8-I:J18-U01 2005-06-30-16.24.25.062048 R36-M1-N8-I:J18-U01 RAS KERNEL INFO ciod: Error opening node map file /p/gb2/welcome3/32k_128x256x1_8x4x4.map, No such file or directory
- 1120173865 2005.06.30 R26-M0-NC-I:J18-U11 2005-06-30-16.24.25.146361 R26-M0-NC-I:J18-U11 RAS KERNEL INFO ciod: Error opening node map file /p/gb2/welcome3/32k_128x256x1_8x4x4.map, No such file or directory
- 1120173865 2005.06.30 R26-M0-N8-I:J18-U01 2005-06-30-16.24.25.251368 R26-M0-N8-I:J18-U01 RAS KERNEL INFO ciod: Error opening node map file /p/gb2/welcome3/32k_128x256x1_8x4x4.map, No such file or directory
- 1120173865 2005.06.30 R31-M0-N8-I:J18-U11 2005-06-30-16.24.25.343593 R31-M0-N8-I:J18-U11 RAS APP FATAL ciod: Error creating node map from file /p/gb2/welcome3/32k_128x256x1_8x4x4.map: Bad file descriptor
- 1120173865 2005.06.30 R26-M0-N0-I:J18-U01 2005-06-30-16.24.25.443099 R26-M0-N0-I:J18-U01 RAS KERNEL INFO ciod: Error opening node map file /p/gb2/welcome3/32k_128x256x1_8x4x4.map, No such file or directory
- 1120173865 2005.06.30 R20-M1-N0-I:J18-U11 2005-06-30-16.24.25.523285 R20-M1-N0-I:J18-U11 RAS APP FATAL ciod: Error creating node map from file /p/gb2/welcome3/32k_128x256x1_8x4x4.map: Bad file descriptor
- 1120173865 2005.06.30 R20-M0-N8-I:J18-U01 2005-06-30-16.24.25.623682 R20-M0-N8-I:J18-U01 RAS KERNEL INFO ciod: Error opening node map file /p/gb2/welcome3/32k_128x256x1_8x4x4.map, No such file or directory
- 1120173865 2005.06.30 R30-M0-N0-I:J18-U11 2005-06-30-16.24.25.702271 R30-M0-N0-I:J18-U11 RAS APP FATAL ciod: Error creating node map from file /p/gb2/welcome3/32k_128x256x1_8x4x4.map: Bad file descriptor
- 1120173865 2005.06.30 R37-M0-N0-I:J18-U01 2005-06-30-16.24.25.796963 R37-M0-N0-I:J18-U01 RAS KERNEL INFO ciod: Error opening node map file /p/gb2/welcome3/32k_128x256x1_8x4x4.map, No such file or directory
- 1120173865 2005.06.30 R37-M1-N0-I:J18-U11 2005-06-30-16.24.25.890280 R37-M1-N0-I:J18-U11 RAS KERNEL INFO ciod: Error opening node map file /p/gb2/welcome3/32k_128x256x1_8x4x4.map, No such file or directory
- 1120173865 2005.06.30 R37-M0-N8-I:J18-U01 2005-06-30-16.24.25.983952 R37-M0-N8-I:J18-U01 RAS APP FATAL ciod: Error creating node map from file /p/gb2/welcome3/32k_128x256x1_8x4x4.map: Bad file descriptor
- 1120173866 2005.06.30 R37-M1-N4-I:J18-U11 2005-06-30-16.24.26.086949 R37-M1-N4-I:J18-U11 RAS KERNEL INFO ciod: Error opening node map file /p/gb2/welcome3/32k_128x256x1_8x4x4.map, No such file or directory
- 1120173866 2005.06.30 R24-M1-NC-I:J18-U01 2005-06-30-16.24.26.174341 R24-M1-NC-I:J18-U01 RAS APP FATAL ciod: Error creating node map from file /p/gb2/welcome3/32k_128x256x1_8x4x4.map: Bad file descriptor
- 1120173866 2005.06.30 R37-M1-NC-I:J18-U11 2005-06-30-16.24.26.276880 R37-M1-NC-I:J18-U11 RAS KERNEL INFO ciod: Error opening node map file /p/gb2/welcome3/32k_128x256x1_8x4x4.map, No such file or directory
- 1120173866 2005.06.30 R20-M1-N8-I:J18-U01 2005-06-30-16.24.26.375918 R20-M1-N8-I:J18-U01 RAS APP FATAL ciod: Error creating node map from file /p/gb2/welcome3/32k_128x256x1_8x4x4.map: Bad file descriptor
- 1120173866 2005.06.30 R27-M1-NC-I:J18-U11 2005-06-30-16.24.26.456364 R27-M1-NC-I:J18-U11 RAS APP FATAL ciod: Error creating node map from file /p/gb2/welcome3/32k_128x256x1_8x4x4.map: Bad file descriptor
- 1120173866 2005.06.30 R27-M1-N8-I:J18-U01 2005-06-30-16.24.26.536991 R27-M1-N8-I:J18-U01 RAS APP FATAL ciod: Error creating node map from file /p/gb2/welcome3/32k_128x256x1_8x4x4.map: Bad file descriptor
- 1120173866 2005.06.30 R27-M0-N0-I:J18-U11 2005-06-30-16.24.26.625726 R27-M0-N0-I:J18-U11 RAS KERNEL INFO ciod: Error opening node map file /p/gb2/welcome3/32k_128x256x1_8x4x4.map, No such file or directory
- 1120173866 2005.06.30 R33-M1-N8-I:J18-U01 2005-06-30-16.24.26.732858 R33-M1-N8-I:J18-U01 RAS KERNEL INFO ciod: Error opening node map file /p/gb2/welcome3/32k_128x256x1_8x4x4.map, No such file or directory
- 1120173866 2005.06.30 R22-M0-N8-I:J18-U11 2005-06-30-16.24.26.836152 R22-M0-N8-I:J18-U11 RAS KERNEL INFO ciod: Error opening node map file /p/gb2/welcome3/32k_128x256x1_8x4x4.map, No such file or directory
- 1120173866 2005.06.30 R21-M1-N4-I:J18-U01 2005-06-30-16.24.26.930060 R21-M1-N4-I:J18-U01 RAS APP FATAL ciod: Error creating node map from file /p/gb2/welcome3/32k_128x256x1_8x4x4.map: Bad file descriptor
- 1120173867 2005.06.30 R24-M0-N8-I:J18-U11 2005-06-30-16.24.27.018597 R24-M0-N8-I:J18-U11 RAS KERNEL INFO ciod: Error opening node map file /p/gb2/welcome3/32k_128x256x1_8x4x4.map, No such file or directory
- 1120173867 2005.06.30 R24-M0-N4-I:J18-U01 2005-06-30-16.24.27.128986 R24-M0-N4-I:J18-U01 RAS KERNEL INFO ciod: Error opening node map file /p/gb2/welcome3/32k_128x256x1_8x4x4.map, No such file or directory
- 1120173867 2005.06.30 R20-M0-NC-I:J18-U11 2005-06-30-16.24.27.232349 R20-M0-NC-I:J18-U11 RAS KERNEL INFO ciod: Error opening node map file /p/gb2/welcome3/32k_128x256x1_8x4x4.map, No such file or directory
- 1120173867 2005.06.30 R27-M0-NC-I:J18-U01 2005-06-30-16.24.27.340426 R27-M0-NC-I:J18-U01 RAS KERNEL INFO ciod: Error opening node map file /p/gb2/welcome3/32k_128x256x1_8x4x4.map, No such file or directory
- 1120216134 2005.07.01 R32-M1-NA-C:J17-U11 2005-07-01-04.08.54.019486 R32-M1-NA-C:J17-U11 RAS KERNEL INFO generating core.14772
- 1120216134 2005.07.01 R32-M1-NA-C:J05-U01 2005-07-01-04.08.54.081092 R32-M1-NA-C:J05-U01 RAS KERNEL INFO generating core.31143
- 1120216134 2005.07.01 R32-M1-NA-C:J05-U11 2005-07-01-04.08.54.157799 R32-M1-NA-C:J05-U11 RAS KERNEL INFO generating core.14775
- 1120216134 2005.07.01 R32-M1-NA-C:J03-U11 2005-07-01-04.08.54.231515 R32-M1-NA-C:J03-U11 RAS KERNEL INFO generating core.31671
- 1120216134 2005.07.01 R32-M1-NA-C:J15-U01 2005-07-01-04.08.54.307780 R32-M1-NA-C:J15-U01 RAS KERNEL INFO generating core.15268
- 1120216134 2005.07.01 R32-M1-NA-C:J17-U01 2005-07-01-04.08.54.369111 R32-M1-NA-C:J17-U01 RAS KERNEL INFO generating core.31140
- 1120216134 2005.07.01 R32-M1-NA-C:J07-U01 2005-07-01-04.08.54.439118 R32-M1-NA-C:J07-U01 RAS KERNEL INFO generating core.15270
- 1120216134 2005.07.01 R32-M1-NA-C:J13-U01 2005-07-01-04.08.54.501073 R32-M1-NA-C:J13-U01 RAS KERNEL INFO generating core.31141
- 1120216134 2005.07.01 R32-M1-NA-C:J08-U11 2005-07-01-04.08.54.570490 R32-M1-NA-C:J08-U11 RAS KERNEL INFO generating core.14742
- 1120216134 2005.07.01 R32-M1-NA-C:J06-U11 2005-07-01-04.08.54.635699 R32-M1-NA-C:J06-U11 RAS KERNEL INFO generating core.31638
- 1120216134 2005.07.01 R32-M1-NA-C:J04-U01 2005-07-01-04.08.54.706334 R32-M1-NA-C:J04-U01 RAS KERNEL INFO generating core.14727
- 1120216134 2005.07.01 R32-M1-NA-C:J06-U01 2005-07-01-04.08.54.774468 R32-M1-NA-C:J06-U01 RAS KERNEL INFO generating core.31622
- 1120216134 2005.07.01 R32-M1-NA-C:J02-U01 2005-07-01-04.08.54.846066 R32-M1-NA-C:J02-U01 RAS KERNEL INFO generating core.15239
- 1120216134 2005.07.01 R32-M1-NA-C:J02-U11 2005-07-01-04.08.54.907349 R32-M1-NA-C:J02-U11 RAS KERNEL INFO generating core.31639
- 1120216134 2005.07.01 R35-M1-NE-C:J15-U11 2005-07-01-04.08.54.989364 R35-M1-NE-C:J15-U11 RAS KERNEL INFO generating core.8884
- 1120216135 2005.07.01 R35-M1-NE-C:J11-U11 2005-07-01-04.08.55.053276 R35-M1-NE-C:J11-U11 RAS KERNEL INFO generating core.25269
- 1120216135 2005.07.01 R35-M1-NE-C:J17-U11 2005-07-01-04.08.55.123302 R35-M1-NE-C:J17-U11 RAS KERNEL INFO generating core.8372
- 1120216135 2005.07.01 R35-M1-NE-C:J05-U01 2005-07-01-04.08.55.185111 R35-M1-NE-C:J05-U01 RAS KERNEL INFO generating core.24743
- 1120216135 2005.07.01 R35-M1-NE-C:J05-U11 2005-07-01-04.08.55.263876 R35-M1-NE-C:J05-U11 RAS KERNEL INFO generating core.8375
- 1120216135 2005.07.01 R35-M1-NE-C:J03-U11 2005-07-01-04.08.55.340073 R35-M1-NE-C:J03-U11 RAS KERNEL INFO generating core.25271
- 1120216135 2005.07.01 R35-M1-NE-C:J15-U01 2005-07-01-04.08.55.412144 R35-M1-NE-C:J15-U01 RAS KERNEL INFO generating core.8868
- 1120216135 2005.07.01 R35-M1-NE-C:J17-U01 2005-07-01-04.08.55.475852 R35-M1-NE-C:J17-U01 RAS KERNEL INFO generating core.24740
- 1120216135 2005.07.01 R35-M1-NE-C:J07-U01 2005-07-01-04.08.55.547651 R35-M1-NE-C:J07-U01 RAS KERNEL INFO generating core.8870
- 1120216135 2005.07.01 R35-M1-NE-C:J13-U01 2005-07-01-04.08.55.611754 R35-M1-NE-C:J13-U01 RAS KERNEL INFO generating core.24741
- 1120216135 2005.07.01 R35-M1-NE-C:J08-U11 2005-07-01-04.08.55.683738 R35-M1-NE-C:J08-U11 RAS KERNEL INFO generating core.8342
- 1120216490 2005.07.01 R32-M1-N9-C:J16-U01 2005-07-01-04.14.50.689579 R32-M1-N9-C:J16-U01 RAS KERNEL INFO generating core.15744
- 1120216490 2005.07.01 R32-M1-N9-C:J10-U01 2005-07-01-04.14.50.759489 R32-M1-N9-C:J10-U01 RAS KERNEL INFO generating core.32641
- 1120216490 2005.07.01 R32-M1-N9-C:J08-U01 2005-07-01-04.14.50.835150 R32-M1-N9-C:J08-U01 RAS KERNEL INFO generating core.15746
- 1120216490 2005.07.01 R32-M1-N9-C:J04-U01 2005-07-01-04.14.50.900966 R32-M1-N9-C:J04-U01 RAS KERNEL INFO generating core.32131
- 1120216490 2005.07.01 R32-M1-N9-C:J04-U11 2005-07-01-04.14.50.973645 R32-M1-N9-C:J04-U11 RAS KERNEL INFO generating core.15763
- 1120216491 2005.07.01 R32-M1-N9-C:J02-U01 2005-07-01-04.14.51.044808 R32-M1-N9-C:J02-U01 RAS KERNEL INFO generating core.32643
- 1120216491 2005.07.01 R23-M0-NB-C:J09-U11 2005-07-01-04.14.51.119984 R23-M0-NB-C:J09-U11 RAS KERNEL INFO generating core.10682
- 1120216491 2005.07.01 R23-M0-NB-C:J15-U11 2005-07-01-04.14.51.181988 R23-M0-NB-C:J15-U11 RAS KERNEL INFO generating core.27576
- 1120216491 2005.07.01 R23-M0-NB-C:J13-U11 2005-07-01-04.14.51.253721 R23-M0-NB-C:J13-U11 RAS KERNEL INFO generating core.10681
- 1120216491 2005.07.01 R23-M0-NB-C:J17-U11 2005-07-01-04.14.51.319974 R23-M0-NB-C:J17-U11 RAS KERNEL INFO generating core.27064
- 1120216491 2005.07.01 R23-M0-NB-C:J03-U01 2005-07-01-04.14.51.392847 R23-M0-NB-C:J03-U01 RAS KERNEL INFO generating core.11179
- 1120216491 2005.07.01 R23-M0-NB-C:J05-U11 2005-07-01-04.14.51.453925 R23-M0-NB-C:J05-U11 RAS KERNEL INFO generating core.27067
- 1120216491 2005.07.01 R23-M0-NB-C:J07-U11 2005-07-01-04.14.51.523337 R23-M0-NB-C:J07-U11 RAS KERNEL INFO generating core.11194
- 1120216491 2005.07.01 R23-M0-NB-C:J15-U01 2005-07-01-04.14.51.585041 R23-M0-NB-C:J15-U01 RAS KERNEL INFO generating core.27560
- 1120216491 2005.07.01 R23-M0-NB-C:J11-U01 2005-07-01-04.14.51.655273 R23-M0-NB-C:J11-U01 RAS KERNEL INFO generating core.11177
- 1120216491 2005.07.01 R23-M0-NB-C:J07-U01 2005-07-01-04.14.51.727616 R23-M0-NB-C:J07-U01 RAS KERNEL INFO generating core.27562
- 1120216491 2005.07.01 R23-M0-NB-C:J09-U01 2005-07-01-04.14.51.817996 R23-M0-NB-C:J09-U01 RAS KERNEL INFO generating core.10666
- 1120216491 2005.07.01 R23-M0-NB-C:J16-U11 2005-07-01-04.14.51.880702 R23-M0-NB-C:J16-U11 RAS KERNEL INFO generating core.27032
- 1120216491 2005.07.01 R23-M0-NB-C:J14-U11 2005-07-01-04.14.51.952046 R23-M0-NB-C:J14-U11 RAS KERNEL INFO generating core.11160
- 1120216492 2005.07.01 R23-M0-NB-C:J10-U11 2005-07-01-04.14.52.014530 R23-M0-NB-C:J10-U11 RAS KERNEL INFO generating core.27545
- 1120216492 2005.07.01 R23-M0-NB-C:J12-U11 2005-07-01-04.14.52.086001 R23-M0-NB-C:J12-U11 RAS KERNEL INFO generating core.10649
- 1120216492 2005.07.01 R23-M0-NB-C:J14-U01 2005-07-01-04.14.52.152542 R23-M0-NB-C:J14-U01 RAS KERNEL INFO generating core.27528
- 1120216492 2005.07.01 R23-M0-NB-C:J10-U01 2005-07-01-04.14.52.224933 R23-M0-NB-C:J10-U01 RAS KERNEL INFO generating core.11145
- 1120216492 2005.07.01 R23-M0-NB-C:J12-U01 2005-07-01-04.14.52.292925 R23-M0-NB-C:J12-U01 RAS KERNEL INFO generating core.27017
- 1120216492 2005.07.01 R23-M0-NB-C:J04-U01 2005-07-01-04.14.52.364923 R23-M0-NB-C:J04-U01 RAS KERNEL INFO generating core.10635
- 1120217120 2005.07.01 R12-M1-N5-C:J02-U11 2005-07-01-04.25.20.202427 R12-M1-N5-C:J02-U11 RAS KERNEL INFO generating core.1003
- 1120217120 2005.07.01 R12-M0-N3-C:J09-U11 2005-07-01-04.25.20.264101 R12-M0-N3-C:J09-U11 RAS KERNEL INFO generating core.15610
- 1120217120 2005.07.01 R12-M0-N3-C:J11-U11 2005-07-01-04.25.20.320800 R12-M0-N3-C:J11-U11 RAS KERNEL INFO generating core.7673
- 1120217120 2005.07.01 R12-M0-N3-C:J13-U11 2005-07-01-04.25.20.369069 R12-M0-N3-C:J13-U11 RAS KERNEL INFO generating core.15609
- 1120217120 2005.07.01 R12-M0-N3-C:J05-U01 2005-07-01-04.25.20.424893 R12-M0-N3-C:J05-U01 RAS KERNEL INFO generating core.7411
- 1120217120 2005.07.01 R12-M0-N3-C:J03-U01 2005-07-01-04.25.20.477533 R12-M0-N3-C:J03-U01 RAS KERNEL INFO generating core.15859
- 1120217120 2005.07.01 R12-M0-N3-C:J03-U11 2005-07-01-04.25.20.533777 R12-M0-N3-C:J03-U11 RAS KERNEL INFO generating core.7675
- 1120217120 2005.07.01 R12-M0-N3-C:J07-U11 2005-07-01-04.25.20.586101 R12-M0-N3-C:J07-U11 RAS KERNEL INFO generating core.15866
- 1120217120 2005.07.01 R12-M0-N3-C:J17-U01 2005-07-01-04.25.20.643491 R12-M0-N3-C:J17-U01 RAS KERNEL INFO generating core.7408
- 1120217120 2005.07.01 R12-M0-N3-C:J11-U01 2005-07-01-04.25.20.693162 R12-M0-N3-C:J11-U01 RAS KERNEL INFO generating core.15857
- 1120217120 2005.07.01 R12-M0-N3-C:J13-U01 2005-07-01-04.25.20.749253 R12-M0-N3-C:J13-U01 RAS KERNEL INFO generating core.7409
- 1120217120 2005.07.01 R12-M0-N3-C:J09-U01 2005-07-01-04.25.20.797494 R12-M0-N3-C:J09-U01 RAS KERNEL INFO generating core.15602
- 1120217120 2005.07.01 R12-M0-N3-C:J08-U11 2005-07-01-04.25.20.859785 R12-M0-N3-C:J08-U11 RAS KERNEL INFO generating core.7402
- 1120217120 2005.07.01 R12-M0-N3-C:J14-U11 2005-07-01-04.25.20.907531 R12-M0-N3-C:J14-U11 RAS KERNEL INFO generating core.15848
- 1120217120 2005.07.01 R12-M0-N3-C:J06-U11 2005-07-01-04.25.20.963747 R12-M0-N3-C:J06-U11 RAS KERNEL INFO generating core.7658
- 1120217121 2005.07.01 R12-M0-N3-C:J12-U11 2005-07-01-04.25.21.012494 R12-M0-N3-C:J12-U11 RAS KERNEL INFO generating core.15593
- 1120217121 2005.07.01 R12-M0-N3-C:J16-U01 2005-07-01-04.25.21.068756 R12-M0-N3-C:J16-U01 RAS KERNEL INFO generating core.7392
- 1120217121 2005.07.01 R12-M0-N3-C:J10-U01 2005-07-01-04.25.21.124218 R12-M0-N3-C:J10-U01 RAS KERNEL INFO generating core.15841
- 1120217121 2005.07.01 R12-M0-N3-C:J08-U01 2005-07-01-04.25.21.182788 R12-M0-N3-C:J08-U01 RAS KERNEL INFO generating core.7394
- 1120217121 2005.07.01 R12-M0-N3-C:J04-U01 2005-07-01-04.25.21.236575 R12-M0-N3-C:J04-U01 RAS KERNEL INFO generating core.15587
- 1120217121 2005.07.01 R12-M0-N3-C:J04-U11 2005-07-01-04.25.21.293246 R12-M0-N3-C:J04-U11 RAS KERNEL INFO generating core.7403
- 1120217121 2005.07.01 R12-M0-N3-C:J02-U01 2005-07-01-04.25.21.340852 R12-M0-N3-C:J02-U01 RAS KERNEL INFO generating core.15843
- 1120217121 2005.07.01 R12-M0-N1-C:J09-U11 2005-07-01-04.25.21.404825 R12-M0-N1-C:J09-U11 RAS KERNEL INFO generating core.7930
- 1120217121 2005.07.01 R12-M0-N1-C:J15-U11 2005-07-01-04.25.21.458823 R12-M0-N1-C:J15-U11 RAS KERNEL INFO generating core.16376
- 1120217121 2005.07.01 R12-M0-N1-C:J13-U11 2005-07-01-04.25.21.514589 R12-M0-N1-C:J13-U11 RAS KERNEL INFO generating core.7929
- 1120259801 2005.07.01 R21-M1-NE-C:J16-U01 2005-07-01-16.16.41.961845 R21-M1-NE-C:J16-U01 RAS KERNEL INFO 1146800 double-hummer alignment exceptions
- 1120259802 2005.07.01 R21-M1-NE-C:J08-U01 2005-07-01-16.16.42.044368 R21-M1-NE-C:J08-U01 RAS KERNEL INFO 1146800 double-hummer alignment exceptions
- 1120259802 2005.07.01 R21-M1-NE-C:J04-U11 2005-07-01-16.16.42.126419 R21-M1-NE-C:J04-U11 RAS KERNEL INFO 1049200 double-hummer alignment exceptions
- 1120259802 2005.07.01 R27-M0-ND-C:J09-U11 2005-07-01-16.16.42.208070 R27-M0-ND-C:J09-U11 RAS KERNEL INFO 1146800 double-hummer alignment exceptions
- 1120259802 2005.07.01 R27-M0-ND-C:J13-U11 2005-07-01-16.16.42.290334 R27-M0-ND-C:J13-U11 RAS KERNEL INFO 1146800 double-hummer alignment exceptions
- 1120259802 2005.07.01 R27-M0-ND-C:J03-U01 2005-07-01-16.16.42.377500 R27-M0-ND-C:J03-U01 RAS KERNEL INFO 1146800 double-hummer alignment exceptions
- 1120259802 2005.07.01 R27-M0-ND-C:J07-U11 2005-07-01-16.16.42.459849 R27-M0-ND-C:J07-U11 RAS KERNEL INFO 1146800 double-hummer alignment exceptions
- 1120259802 2005.07.01 R27-M0-ND-C:J11-U01 2005-07-01-16.16.42.544297 R27-M0-ND-C:J11-U01 RAS KERNEL INFO 1146800 double-hummer alignment exceptions
- 1120259802 2005.07.01 R27-M0-ND-C:J09-U01 2005-07-01-16.16.42.626787 R27-M0-ND-C:J09-U01 RAS KERNEL INFO 1146800 double-hummer alignment exceptions
- 1120259802 2005.07.01 R27-M0-ND-C:J14-U11 2005-07-01-16.16.42.708205 R27-M0-ND-C:J14-U11 RAS KERNEL INFO 1146800 double-hummer alignment exceptions
- 1120259802 2005.07.01 R27-M0-ND-C:J12-U11 2005-07-01-16.16.42.796262 R27-M0-ND-C:J12-U11 RAS KERNEL INFO 1146800 double-hummer alignment exceptions
- 1120259802 2005.07.01 R27-M0-ND-C:J10-U01 2005-07-01-16.16.42.880814 R27-M0-ND-C:J10-U01 RAS KERNEL INFO 1146800 double-hummer alignment exceptions
- 1120259802 2005.07.01 R27-M0-ND-C:J04-U01 2005-07-01-16.16.42.963778 R27-M0-ND-C:J04-U01 RAS KERNEL INFO 1146800 double-hummer alignment exceptions
- 1120259803 2005.07.01 R27-M0-ND-C:J02-U01 2005-07-01-16.16.43.047539 R27-M0-ND-C:J02-U01 RAS KERNEL INFO 1146800 double-hummer alignment exceptions
- 1120259803 2005.07.01 R27-M1-N6-C:J15-U11 2005-07-01-16.16.43.131421 R27-M1-N6-C:J15-U11 RAS KERNEL INFO 1146800 double-hummer alignment exceptions
- 1120259803 2005.07.01 R27-M1-N6-C:J17-U11 2005-07-01-16.16.43.221441 R27-M1-N6-C:J17-U11 RAS KERNEL INFO 1146800 double-hummer alignment exceptions
- 1120259803 2005.07.01 R27-M1-N6-C:J05-U11 2005-07-01-16.16.43.303672 R27-M1-N6-C:J05-U11 RAS KERNEL INFO 1049200 double-hummer alignment exceptions
- 1120259803 2005.07.01 R27-M1-N6-C:J15-U01 2005-07-01-16.16.43.385797 R27-M1-N6-C:J15-U01 RAS KERNEL INFO 1146800 double-hummer alignment exceptions
- 1120259803 2005.07.01 R27-M1-N6-C:J07-U01 2005-07-01-16.16.43.469871 R27-M1-N6-C:J07-U01 RAS KERNEL INFO 1146800 double-hummer alignment exceptions
- 1120259803 2005.07.01 R27-M1-N6-C:J16-U11 2005-07-01-16.16.43.552330 R27-M1-N6-C:J16-U11 RAS KERNEL INFO 1146800 double-hummer alignment exceptions
- 1120259803 2005.07.01 R27-M1-N6-C:J10-U11 2005-07-01-16.16.43.639823 R27-M1-N6-C:J10-U11 RAS KERNEL INFO 1146800 double-hummer alignment exceptions
- 1120259803 2005.07.01 R27-M1-N6-C:J14-U01 2005-07-01-16.16.43.731811 R27-M1-N6-C:J14-U01 RAS KERNEL INFO 1146800 double-hummer alignment exceptions
- 1120259803 2005.07.01 R27-M1-N6-C:J12-U01 2005-07-01-16.16.43.814215 R27-M1-N6-C:J12-U01 RAS KERNEL INFO 1146800 double-hummer alignment exceptions
- 1120259803 2005.07.01 R27-M1-N6-C:J06-U01 2005-07-01-16.16.43.897181 R27-M1-N6-C:J06-U01 RAS KERNEL INFO 1146800 double-hummer alignment exceptions
- 1120259803 2005.07.01 R27-M1-N6-C:J02-U11 2005-07-01-16.16.43.980728 R27-M1-N6-C:J02-U11 RAS KERNEL INFO 1146800 double-hummer alignment exceptions
- 1120260788 2005.07.01 R20-M0-NE-C:J13-U01 2005-07-01-16.33.08.415092 R20-M0-NE-C:J13-U01 RAS KERNEL INFO 1146800 double-hummer alignment exceptions
- 1120260788 2005.07.01 R20-M0-NE-C:J08-U11 2005-07-01-16.33.08.505968 R20-M0-NE-C:J08-U11 RAS KERNEL INFO 1146800 double-hummer alignment exceptions
- 1120260788 2005.07.01 R20-M0-NE-C:J06-U11 2005-07-01-16.33.08.585473 R20-M0-NE-C:J06-U11 RAS KERNEL INFO 1311300 double-hummer alignment exceptions
- 1120260788 2005.07.01 R20-M0-NE-C:J16-U01 2005-07-01-16.33.08.664904 R20-M0-NE-C:J16-U01 RAS KERNEL INFO 2162000 double-hummer alignment exceptions
- 1120260788 2005.07.01 R20-M0-NE-C:J08-U01 2005-07-01-16.33.08.745453 R20-M0-NE-C:J08-U01 RAS KERNEL INFO 1146800 double-hummer alignment exceptions
- 1120260788 2005.07.01 R20-M0-NE-C:J04-U11 2005-07-01-16.33.08.826675 R20-M0-NE-C:J04-U11 RAS KERNEL INFO 1049200 double-hummer alignment exceptions
- 1120260788 2005.07.01 R31-M0-NF-C:J09-U11 2005-07-01-16.33.08.913380 R31-M0-NF-C:J09-U11 RAS KERNEL INFO 1146800 double-hummer alignment exceptions
- 1120260788 2005.07.01 R31-M0-NF-C:J13-U11 2005-07-01-16.33.08.993273 R31-M0-NF-C:J13-U11 RAS KERNEL INFO 1146800 double-hummer alignment exceptions
- 1120260789 2005.07.01 R31-M0-NF-C:J03-U01 2005-07-01-16.33.09.072495 R31-M0-NF-C:J03-U01 RAS KERNEL INFO 1146800 double-hummer alignment exceptions
- 1120260789 2005.07.01 R31-M0-NF-C:J07-U11 2005-07-01-16.33.09.159838 R31-M0-NF-C:J07-U11 RAS KERNEL INFO 1146800 double-hummer alignment exceptions
- 1120260789 2005.07.01 R31-M0-NF-C:J11-U01 2005-07-01-16.33.09.238976 R31-M0-NF-C:J11-U01 RAS KERNEL INFO 1146800 double-hummer alignment exceptions
- 1120260789 2005.07.01 R31-M0-NF-C:J09-U01 2005-07-01-16.33.09.326504 R31-M0-NF-C:J09-U01 RAS KERNEL INFO 1146800 double-hummer alignment exceptions
- 1120260789 2005.07.01 R31-M0-NF-C:J14-U11 2005-07-01-16.33.09.413268 R31-M0-NF-C:J14-U11 RAS KERNEL INFO 1311300 double-hummer alignment exceptions
- 1120260789 2005.07.01 R31-M0-NF-C:J12-U11 2005-07-01-16.33.09.494263 R31-M0-NF-C:J12-U11 RAS KERNEL INFO 1311300 double-hummer alignment exceptions
- 1120260789 2005.07.01 R31-M0-NF-C:J10-U01 2005-07-01-16.33.09.574471 R31-M0-NF-C:J10-U01 RAS KERNEL INFO 1146800 double-hummer alignment exceptions
- 1120260789 2005.07.01 R31-M0-NF-C:J04-U01 2005-07-01-16.33.09.654390 R31-M0-NF-C:J04-U01 RAS KERNEL INFO 1311300 double-hummer alignment exceptions
- 1120260789 2005.07.01 R31-M0-NF-C:J02-U01 2005-07-01-16.33.09.740152 R31-M0-NF-C:J02-U01 RAS KERNEL INFO 1146800 double-hummer alignment exceptions
- 1120260789 2005.07.01 R31-M0-NE-C:J15-U11 2005-07-01-16.33.09.820239 R31-M0-NE-C:J15-U11 RAS KERNEL INFO 1146800 double-hummer alignment exceptions
- 1120260789 2005.07.01 R31-M0-NE-C:J17-U11 2005-07-01-16.33.09.900921 R31-M0-NE-C:J17-U11 RAS KERNEL INFO 1146800 double-hummer alignment exceptions
- 1120260789 2005.07.01 R31-M0-NE-C:J05-U11 2005-07-01-16.33.09.982203 R31-M0-NE-C:J05-U11 RAS KERNEL INFO 1146800 double-hummer alignment exceptions
- 1120260790 2005.07.01 R31-M0-NE-C:J15-U01 2005-07-01-16.33.10.062323 R31-M0-NE-C:J15-U01 RAS KERNEL INFO 1146800 double-hummer alignment exceptions
- 1120260790 2005.07.01 R31-M0-NE-C:J07-U01 2005-07-01-16.33.10.147854 R31-M0-NE-C:J07-U01 RAS KERNEL INFO 1146800 double-hummer alignment exceptions
- 1120260790 2005.07.01 R31-M0-NE-C:J16-U11 2005-07-01-16.33.10.227621 R31-M0-NE-C:J16-U11 RAS KERNEL INFO 2838800 double-hummer alignment exceptions
- 1120260790 2005.07.01 R31-M0-NE-C:J10-U11 2005-07-01-16.33.10.315340 R31-M0-NE-C:J10-U11 RAS KERNEL INFO 1311300 double-hummer alignment exceptions
- 1120260790 2005.07.01 R31-M0-NE-C:J14-U01 2005-07-01-16.33.10.396037 R31-M0-NE-C:J14-U01 RAS KERNEL INFO 1146800 double-hummer alignment exceptions
- 1120262075 2005.07.01 R26-M1-N6-C:J17-U11 2005-07-01-16.54.35.600707 R26-M1-N6-C:J17-U11 RAS KERNEL INFO 1146800 double-hummer alignment exceptions
- 1120262075 2005.07.01 R26-M1-N6-C:J05-U11 2005-07-01-16.54.35.684102 R26-M1-N6-C:J05-U11 RAS KERNEL INFO 1049200 double-hummer alignment exceptions
- 1120262075 2005.07.01 R26-M1-N6-C:J15-U01 2005-07-01-16.54.35.769508 R26-M1-N6-C:J15-U01 RAS KERNEL INFO 1146800 double-hummer alignment exceptions
- 1120262075 2005.07.01 R26-M1-N6-C:J07-U01 2005-07-01-16.54.35.857044 R26-M1-N6-C:J07-U01 RAS KERNEL INFO 1146800 double-hummer alignment exceptions
- 1120262075 2005.07.01 R26-M1-N6-C:J16-U11 2005-07-01-16.54.35.937991 R26-M1-N6-C:J16-U11 RAS KERNEL INFO 1146800 double-hummer alignment exceptions
- 1120262076 2005.07.01 R26-M1-N6-C:J10-U11 2005-07-01-16.54.36.019647 R26-M1-N6-C:J10-U11 RAS KERNEL INFO 1146800 double-hummer alignment exceptions
- 1120262076 2005.07.01 R26-M1-N6-C:J14-U01 2005-07-01-16.54.36.100487 R26-M1-N6-C:J14-U01 RAS KERNEL INFO 1146800 double-hummer alignment exceptions
- 1120262076 2005.07.01 R26-M1-N6-C:J12-U01 2005-07-01-16.54.36.181989 R26-M1-N6-C:J12-U01 RAS KERNEL INFO 1146800 double-hummer alignment exceptions
- 1120262076 2005.07.01 R26-M1-N6-C:J06-U01 2005-07-01-16.54.36.268041 R26-M1-N6-C:J06-U01 RAS KERNEL INFO 1146800 double-hummer alignment exceptions
- 1120262076 2005.07.01 R26-M1-N6-C:J02-U11 2005-07-01-16.54.36.348942 R26-M1-N6-C:J02-U11 RAS KERNEL INFO 1146800 double-hummer alignment exceptions
- 1120262076 2005.07.01 R30-M0-N2-C:J11-U11 2005-07-01-16.54.36.430540 R30-M0-N2-C:J11-U11 RAS KERNEL INFO 1146800 double-hummer alignment exceptions
- 1120262076 2005.07.01 R30-M0-N2-C:J05-U01 2005-07-01-16.54.36.605950 R30-M0-N2-C:J05-U01 RAS KERNEL INFO 1146800 double-hummer alignment exceptions
- 1120262076 2005.07.01 R30-M0-N2-C:J03-U11 2005-07-01-16.54.36.683645 R30-M0-N2-C:J03-U11 RAS KERNEL INFO 1146800 double-hummer alignment exceptions
- 1120262076 2005.07.01 R30-M0-N2-C:J17-U01 2005-07-01-16.54.36.770521 R30-M0-N2-C:J17-U01 RAS KERNEL INFO 1146800 double-hummer alignment exceptions
- 1120262076 2005.07.01 R30-M0-N2-C:J13-U01 2005-07-01-16.54.36.850685 R30-M0-N2-C:J13-U01 RAS KERNEL INFO 1146800 double-hummer alignment exceptions
- 1120262076 2005.07.01 R30-M0-N2-C:J08-U11 2005-07-01-16.54.36.931040 R30-M0-N2-C:J08-U11 RAS KERNEL INFO 1146800 double-hummer alignment exceptions
- 1120262077 2005.07.01 R30-M0-N2-C:J06-U11 2005-07-01-16.54.37.010955 R30-M0-N2-C:J06-U11 RAS KERNEL INFO 1146800 double-hummer alignment exceptions
- 1120262077 2005.07.01 R30-M0-N2-C:J16-U01 2005-07-01-16.54.37.090508 R30-M0-N2-C:J16-U01 RAS KERNEL INFO 1146800 double-hummer alignment exceptions
- 1120262077 2005.07.01 R30-M0-N2-C:J08-U01 2005-07-01-16.54.37.174097 R30-M0-N2-C:J08-U01 RAS KERNEL INFO 1146800 double-hummer alignment exceptions
- 1120262077 2005.07.01 R30-M0-N2-C:J04-U11 2005-07-01-16.54.37.254931 R30-M0-N2-C:J04-U11 RAS KERNEL INFO 1146800 double-hummer alignment exceptions
- 1120262077 2005.07.01 R37-M1-NF-C:J09-U11 2005-07-01-16.54.37.352108 R37-M1-NF-C:J09-U11 RAS KERNEL INFO 1146800 double-hummer alignment exceptions
- 1120262077 2005.07.01 R37-M1-NF-C:J13-U11 2005-07-01-16.54.37.437747 R37-M1-NF-C:J13-U11 RAS KERNEL INFO 1146800 double-hummer alignment exceptions
- 1120262077 2005.07.01 R37-M1-NF-C:J03-U01 2005-07-01-16.54.37.523948 R37-M1-NF-C:J03-U01 RAS KERNEL INFO 1146800 double-hummer alignment exceptions
- 1120262077 2005.07.01 R37-M1-NF-C:J07-U11 2005-07-01-16.54.37.614067 R37-M1-NF-C:J07-U11 RAS KERNEL INFO 1146800 double-hummer alignment exceptions
- 1120262077 2005.07.01 R37-M1-NF-C:J11-U01 2005-07-01-16.54.37.698073 R37-M1-NF-C:J11-U01 RAS KERNEL INFO 1146800 double-hummer alignment exceptions
- 1120263101 2005.07.01 R22-M1-ND-C:J09-U01 2005-07-01-17.11.41.820122 R22-M1-ND-C:J09-U01 RAS KERNEL INFO 1146800 double-hummer alignment exceptions
- 1120263101 2005.07.01 R22-M1-ND-C:J14-U11 2005-07-01-17.11.41.899148 R22-M1-ND-C:J14-U11 RAS KERNEL INFO 1146800 double-hummer alignment exceptions
- 1120263101 2005.07.01 R22-M1-ND-C:J12-U11 2005-07-01-17.11.41.977579 R22-M1-ND-C:J12-U11 RAS KERNEL INFO 1146800 double-hummer alignment exceptions
- 1120263102 2005.07.01 R22-M1-ND-C:J10-U01 2005-07-01-17.11.42.057838 R22-M1-ND-C:J10-U01 RAS KERNEL INFO 1146800 double-hummer alignment exceptions
- 1120263102 2005.07.01 R22-M1-ND-C:J04-U01 2005-07-01-17.11.42.135595 R22-M1-ND-C:J04-U01 RAS KERNEL INFO 1146800 double-hummer alignment exceptions
- 1120263102 2005.07.01 R22-M1-ND-C:J02-U01 2005-07-01-17.11.42.219550 R22-M1-ND-C:J02-U01 RAS KERNEL INFO 1146800 double-hummer alignment exceptions
- 1120263102 2005.07.01 R25-M0-N1-C:J15-U11 2005-07-01-17.11.42.298776 R25-M0-N1-C:J15-U11 RAS KERNEL INFO 1146800 double-hummer alignment exceptions
- 1120263102 2005.07.01 R25-M0-N1-C:J17-U11 2005-07-01-17.11.42.379083 R25-M0-N1-C:J17-U11 RAS KERNEL INFO 1146800 double-hummer alignment exceptions
- 1120263102 2005.07.01 R25-M0-N1-C:J05-U11 2005-07-01-17.11.42.460590 R25-M0-N1-C:J05-U11 RAS KERNEL INFO 1146800 double-hummer alignment exceptions
- 1120263102 2005.07.01 R25-M0-N1-C:J15-U01 2005-07-01-17.11.42.541896 R25-M0-N1-C:J15-U01 RAS KERNEL INFO 1146800 double-hummer alignment exceptions
- 1120263102 2005.07.01 R25-M0-N1-C:J07-U01 2005-07-01-17.11.42.626624 R25-M0-N1-C:J07-U01 RAS KERNEL INFO 1146800 double-hummer alignment exceptions
- 1120263102 2005.07.01 R25-M0-N1-C:J16-U11 2005-07-01-17.11.42.704393 R25-M0-N1-C:J16-U11 RAS KERNEL INFO 1146800 double-hummer alignment exceptions
- 1120263102 2005.07.01 R25-M0-N1-C:J10-U11 2005-07-01-17.11.42.783246 R25-M0-N1-C:J10-U11 RAS KERNEL INFO 1146800 double-hummer alignment exceptions
- 1120263102 2005.07.01 R25-M0-N1-C:J14-U01 2005-07-01-17.11.42.862425 R25-M0-N1-C:J14-U01 RAS KERNEL INFO 1146800 double-hummer alignment exceptions
- 1120263102 2005.07.01 R25-M0-N1-C:J12-U01 2005-07-01-17.11.42.943103 R25-M0-N1-C:J12-U01 RAS KERNEL INFO 1146800 double-hummer alignment exceptions
- 1120263103 2005.07.01 R25-M0-N1-C:J06-U01 2005-07-01-17.11.43.028049 R25-M0-N1-C:J06-U01 RAS KERNEL INFO 1146800 double-hummer alignment exceptions
- 1120263103 2005.07.01 R25-M0-N1-C:J02-U11 2005-07-01-17.11.43.109267 R25-M0-N1-C:J02-U11 RAS KERNEL INFO 1146800 double-hummer alignment exceptions
- 1120263103 2005.07.01 R37-M0-N3-C:J11-U11 2005-07-01-17.11.43.198797 R37-M0-N3-C:J11-U11 RAS KERNEL INFO 1146800 double-hummer alignment exceptions
- 1120263103 2005.07.01 R37-M0-N3-C:J05-U01 2005-07-01-17.11.43.281143 R37-M0-N3-C:J05-U01 RAS KERNEL INFO 1146800 double-hummer alignment exceptions
- 1120263103 2005.07.01 R37-M0-N3-C:J03-U11 2005-07-01-17.11.43.362088 R37-M0-N3-C:J03-U11 RAS KERNEL INFO 1146800 double-hummer alignment exceptions
- 1120263103 2005.07.01 R37-M0-N3-C:J17-U01 2005-07-01-17.11.43.456710 R37-M0-N3-C:J17-U01 RAS KERNEL INFO 1146800 double-hummer alignment exceptions
- 1120263103 2005.07.01 R37-M0-N3-C:J13-U01 2005-07-01-17.11.43.538908 R37-M0-N3-C:J13-U01 RAS KERNEL INFO 1146800 double-hummer alignment exceptions
- 1120263103 2005.07.01 R37-M0-N3-C:J08-U11 2005-07-01-17.11.43.622682 R37-M0-N3-C:J08-U11 RAS KERNEL INFO 1146800 double-hummer alignment exceptions
- 1120263103 2005.07.01 R37-M0-N3-C:J06-U11 2005-07-01-17.11.43.704262 R37-M0-N3-C:J06-U11 RAS KERNEL INFO 1146800 double-hummer alignment exceptions
- 1120263103 2005.07.01 R37-M0-N3-C:J16-U01 2005-07-01-17.11.43.786346 R37-M0-N3-C:J16-U01 RAS KERNEL INFO 1146800 double-hummer alignment exceptions
- 1120265398 2005.07.01 R37-M0-N1-C:J17-U11 2005-07-01-17.49.58.778861 R37-M0-N1-C:J17-U11 RAS KERNEL INFO 458720 double-hummer alignment exceptions
- 1120265398 2005.07.01 R37-M0-N1-C:J05-U11 2005-07-01-17.49.58.862324 R37-M0-N1-C:J05-U11 RAS KERNEL INFO 458720 double-hummer alignment exceptions
- 1120265398 2005.07.01 R37-M0-N1-C:J15-U01 2005-07-01-17.49.58.955985 R37-M0-N1-C:J15-U01 RAS KERNEL INFO 458720 double-hummer alignment exceptions
- 1120265399 2005.07.01 R37-M0-N1-C:J07-U01 2005-07-01-17.49.59.036818 R37-M0-N1-C:J07-U01 RAS KERNEL INFO 458720 double-hummer alignment exceptions
- 1120265399 2005.07.01 R37-M0-N1-C:J16-U11 2005-07-01-17.49.59.117767 R37-M0-N1-C:J16-U11 RAS KERNEL INFO 458720 double-hummer alignment exceptions
- 1120265399 2005.07.01 R37-M0-N1-C:J10-U11 2005-07-01-17.49.59.198795 R37-M0-N1-C:J10-U11 RAS KERNEL INFO 458720 double-hummer alignment exceptions
- 1120265399 2005.07.01 R37-M0-N1-C:J14-U01 2005-07-01-17.49.59.287421 R37-M0-N1-C:J14-U01 RAS KERNEL INFO 458720 double-hummer alignment exceptions
- 1120265399 2005.07.01 R37-M0-N1-C:J12-U01 2005-07-01-17.49.59.368432 R37-M0-N1-C:J12-U01 RAS KERNEL INFO 458720 double-hummer alignment exceptions
- 1120265399 2005.07.01 R37-M0-N1-C:J06-U01 2005-07-01-17.49.59.449521 R37-M0-N1-C:J06-U01 RAS KERNEL INFO 458720 double-hummer alignment exceptions
- 1120265399 2005.07.01 R37-M0-N1-C:J02-U11 2005-07-01-17.49.59.530839 R37-M0-N1-C:J02-U11 RAS KERNEL INFO 458720 double-hummer alignment exceptions
- 1120265399 2005.07.01 R36-M1-NF-C:J11-U11 2005-07-01-17.49.59.611823 R36-M1-NF-C:J11-U11 RAS KERNEL INFO 458720 double-hummer alignment exceptions
- 1120265399 2005.07.01 R36-M1-NF-C:J05-U01 2005-07-01-17.49.59.694196 R36-M1-NF-C:J05-U01 RAS KERNEL INFO 458720 double-hummer alignment exceptions
- 1120265399 2005.07.01 R36-M1-NF-C:J03-U11 2005-07-01-17.49.59.835932 R36-M1-NF-C:J03-U11 RAS KERNEL INFO 458720 double-hummer alignment exceptions
- 1120265399 2005.07.01 R36-M1-NF-C:J17-U01 2005-07-01-17.49.59.917223 R36-M1-NF-C:J17-U01 RAS KERNEL INFO 458720 double-hummer alignment exceptions
- 1120265399 2005.07.01 R36-M1-NF-C:J13-U01 2005-07-01-17.49.59.998333 R36-M1-NF-C:J13-U01 RAS KERNEL INFO 458720 double-hummer alignment exceptions
- 1120265400 2005.07.01 R36-M1-NF-C:J08-U11 2005-07-01-17.50.00.079374 R36-M1-NF-C:J08-U11 RAS KERNEL INFO 458720 double-hummer alignment exceptions
- 1120265400 2005.07.01 R36-M1-NF-C:J06-U11 2005-07-01-17.50.00.167346 R36-M1-NF-C:J06-U11 RAS KERNEL INFO 458720 double-hummer alignment exceptions
- 1120265400 2005.07.01 R36-M1-NF-C:J16-U01 2005-07-01-17.50.00.250454 R36-M1-NF-C:J16-U01 RAS KERNEL INFO 458720 double-hummer alignment exceptions
- 1120265400 2005.07.01 R36-M1-NF-C:J08-U01 2005-07-01-17.50.00.331313 R36-M1-NF-C:J08-U01 RAS KERNEL INFO 458720 double-hummer alignment exceptions
- 1120265400 2005.07.01 R36-M1-NF-C:J04-U11 2005-07-01-17.50.00.413761 R36-M1-NF-C:J04-U11 RAS KERNEL INFO 458720 double-hummer alignment exceptions
- 1120265400 2005.07.01 R22-M1-N7-C:J09-U11 2005-07-01-17.50.00.494599 R22-M1-N7-C:J09-U11 RAS KERNEL INFO 458720 double-hummer alignment exceptions
- 1120265400 2005.07.01 R22-M1-N7-C:J13-U11 2005-07-01-17.50.00.576621 R22-M1-N7-C:J13-U11 RAS KERNEL INFO 458720 double-hummer alignment exceptions
- 1120265400 2005.07.01 R22-M1-N7-C:J03-U01 2005-07-01-17.50.00.658247 R22-M1-N7-C:J03-U01 RAS KERNEL INFO 458720 double-hummer alignment exceptions
- 1120265400 2005.07.01 R22-M1-N7-C:J07-U11 2005-07-01-17.50.00.736246 R22-M1-N7-C:J07-U11 RAS KERNEL INFO 458720 double-hummer alignment exceptions
- 1120265400 2005.07.01 R22-M1-N7-C:J11-U01 2005-07-01-17.50.00.817302 R22-M1-N7-C:J11-U01 RAS KERNEL INFO 458720 double-hummer alignment exceptions
- 1120266777 2005.07.01 R27-M1-NA-C:J02-U01 2005-07-01-18.12.57.117188 R27-M1-NA-C:J02-U01 RAS KERNEL INFO 1146800 double-hummer alignment exceptions
- 1120266777 2005.07.01 R21-M0-N2-C:J15-U11 2005-07-01-18.12.57.195732 R21-M0-N2-C:J15-U11 RAS KERNEL INFO 1146800 double-hummer alignment exceptions
- 1120266777 2005.07.01 R21-M0-N2-C:J17-U11 2005-07-01-18.12.57.279240 R21-M0-N2-C:J17-U11 RAS KERNEL INFO 1146800 double-hummer alignment exceptions
- 1120266777 2005.07.01 R21-M0-N2-C:J05-U11 2005-07-01-18.12.57.365142 R21-M0-N2-C:J05-U11 RAS KERNEL INFO 1146800 double-hummer alignment exceptions
- 1120266777 2005.07.01 R21-M0-N2-C:J15-U01 2005-07-01-18.12.57.446129 R21-M0-N2-C:J15-U01 RAS KERNEL INFO 1146800 double-hummer alignment exceptions
- 1120266777 2005.07.01 R21-M0-N2-C:J07-U01 2005-07-01-18.12.57.526023 R21-M0-N2-C:J07-U01 RAS KERNEL INFO 1146800 double-hummer alignment exceptions
- 1120266777 2005.07.01 R21-M0-N2-C:J16-U11 2005-07-01-18.12.57.609700 R21-M0-N2-C:J16-U11 RAS KERNEL INFO 1146800 double-hummer alignment exceptions
- 1120266777 2005.07.01 R21-M0-N2-C:J10-U11 2005-07-01-18.12.57.690720 R21-M0-N2-C:J10-U11 RAS KERNEL INFO 1146800 double-hummer alignment exceptions
- 1120266777 2005.07.01 R21-M0-N2-C:J14-U01 2005-07-01-18.12.57.779706 R21-M0-N2-C:J14-U01 RAS KERNEL INFO 1146800 double-hummer alignment exceptions
- 1120266777 2005.07.01 R21-M0-N2-C:J12-U01 2005-07-01-18.12.57.859631 R21-M0-N2-C:J12-U01 RAS KERNEL INFO 1146800 double-hummer alignment exceptions
- 1120266777 2005.07.01 R21-M0-N2-C:J06-U01 2005-07-01-18.12.57.939641 R21-M0-N2-C:J06-U01 RAS KERNEL INFO 1146800 double-hummer alignment exceptions
- 1120266778 2005.07.01 R21-M0-N2-C:J02-U11 2005-07-01-18.12.58.022130 R21-M0-N2-C:J02-U11 RAS KERNEL INFO 1146800 double-hummer alignment exceptions
- 1120266778 2005.07.01 R21-M0-N3-C:J11-U11 2005-07-01-18.12.58.104091 R21-M0-N3-C:J11-U11 RAS KERNEL INFO 1146800 double-hummer alignment exceptions
- 1120266778 2005.07.01 R21-M0-N3-C:J05-U01 2005-07-01-18.12.58.193855 R21-M0-N3-C:J05-U01 RAS KERNEL INFO 1146800 double-hummer alignment exceptions
- 1120266778 2005.07.01 R21-M0-N3-C:J03-U11 2005-07-01-18.12.58.276494 R21-M0-N3-C:J03-U11 RAS KERNEL INFO 1146800 double-hummer alignment exceptions
- 1120266778 2005.07.01 R21-M0-N3-C:J17-U01 2005-07-01-18.12.58.371064 R21-M0-N3-C:J17-U01 RAS KERNEL INFO 1146800 double-hummer alignment exceptions
- 1120266778 2005.07.01 R21-M0-N3-C:J13-U01 2005-07-01-18.12.58.452293 R21-M0-N3-C:J13-U01 RAS KERNEL INFO 1146800 double-hummer alignment exceptions
- 1120266778 2005.07.01 R21-M0-N3-C:J08-U11 2005-07-01-18.12.58.536059 R21-M0-N3-C:J08-U11 RAS KERNEL INFO 1146800 double-hummer alignment exceptions
- 1120266778 2005.07.01 R21-M0-N3-C:J06-U11 2005-07-01-18.12.58.624444 R21-M0-N3-C:J06-U11 RAS KERNEL INFO 1146800 double-hummer alignment exceptions
- 1120266778 2005.07.01 R21-M0-N3-C:J16-U01 2005-07-01-18.12.58.705270 R21-M0-N3-C:J16-U01 RAS KERNEL INFO 1146800 double-hummer alignment exceptions
- 1120266778 2005.07.01 R21-M0-N3-C:J08-U01 2005-07-01-18.12.58.786291 R21-M0-N3-C:J08-U01 RAS KERNEL INFO 1146800 double-hummer alignment exceptions
- 1120266778 2005.07.01 R21-M0-N3-C:J04-U11 2005-07-01-18.12.58.866178 R21-M0-N3-C:J04-U11 RAS KERNEL INFO 1146800 double-hummer alignment exceptions
- 1120266778 2005.07.01 R26-M1-N2-C:J09-U11 2005-07-01-18.12.58.946305 R26-M1-N2-C:J09-U11 RAS KERNEL INFO 1146800 double-hummer alignment exceptions
- 1120266779 2005.07.01 R26-M1-N2-C:J13-U11 2005-07-01-18.12.59.031182 R26-M1-N2-C:J13-U11 RAS KERNEL INFO 1146800 double-hummer alignment exceptions
- 1120266779 2005.07.01 R26-M1-N2-C:J03-U01 2005-07-01-18.12.59.112504 R26-M1-N2-C:J03-U01 RAS KERNEL INFO 1146800 double-hummer alignment exceptions
- 1120351614 2005.07.02 R01-M0-N9-C:J11-U11 2005-07-02-17.46.54.227879 R01-M0-N9-C:J11-U11 RAS KERNEL INFO generating core.1945
- 1120351614 2005.07.02 R01-M0-N9-C:J13-U11 2005-07-02-17.46.54.273188 R01-M0-N9-C:J13-U11 RAS KERNEL INFO generating core.5913
- 1120351614 2005.07.02 R01-M0-N9-C:J05-U01 2005-07-02-17.46.54.325357 R01-M0-N9-C:J05-U01 RAS KERNEL INFO generating core.1811
- 1120351614 2005.07.02 R01-M0-N9-C:J03-U01 2005-07-02-17.46.54.368509 R01-M0-N9-C:J03-U01 RAS KERNEL INFO generating core.6035
- 1120351614 2005.07.02 R01-M0-N9-C:J03-U11 2005-07-02-17.46.54.427711 R01-M0-N9-C:J03-U11 RAS KERNEL INFO generating core.1947
- 1120351614 2005.07.02 R01-M0-N9-C:J07-U11 2005-07-02-17.46.54.471957 R01-M0-N9-C:J07-U11 RAS KERNEL INFO generating core.6042
- 1120351614 2005.07.02 R01-M0-N9-C:J17-U01 2005-07-02-17.46.54.523176 R01-M0-N9-C:J17-U01 RAS KERNEL INFO generating core.1808
- 1120351614 2005.07.02 R01-M0-N9-C:J11-U01 2005-07-02-17.46.54.566897 R01-M0-N9-C:J11-U01 RAS KERNEL INFO generating core.6033
- 1120351614 2005.07.02 R01-M0-N9-C:J13-U01 2005-07-02-17.46.54.618173 R01-M0-N9-C:J13-U01 RAS KERNEL INFO generating core.1809
- 1120351614 2005.07.02 R01-M0-N9-C:J09-U01 2005-07-02-17.46.54.661527 R01-M0-N9-C:J09-U01 RAS KERNEL INFO generating core.5906
- 1120351614 2005.07.02 R01-M0-N9-C:J08-U11 2005-07-02-17.46.54.721907 R01-M0-N9-C:J08-U11 RAS KERNEL INFO generating core.1802
- 1120351614 2005.07.02 R01-M0-N9-C:J14-U11 2005-07-02-17.46.54.768430 R01-M0-N9-C:J14-U11 RAS KERNEL INFO generating core.6024
- 1120351614 2005.07.02 R01-M0-N9-C:J06-U11 2005-07-02-17.46.54.822348 R01-M0-N9-C:J06-U11 RAS KERNEL INFO generating core.1930
- 1120351614 2005.07.02 R01-M0-N9-C:J12-U11 2005-07-02-17.46.54.867481 R01-M0-N9-C:J12-U11 RAS KERNEL INFO generating core.5897
- 1120351614 2005.07.02 R01-M0-N9-C:J10-U01 2005-07-02-17.46.54.920779 R01-M0-N9-C:J10-U01 RAS KERNEL INFO generating core.1921
- 1120351614 2005.07.02 R01-M0-N9-C:J12-U01 2005-07-02-17.46.54.980444 R01-M0-N9-C:J12-U01 RAS KERNEL INFO generating core.5889
- 1120351615 2005.07.02 R01-M0-N9-C:J04-U01 2005-07-02-17.46.55.033333 R01-M0-N9-C:J04-U01 RAS KERNEL INFO generating core.1795
- 1120351615 2005.07.02 R01-M0-N9-C:J06-U01 2005-07-02-17.46.55.077081 R01-M0-N9-C:J06-U01 RAS KERNEL INFO generating core.6018
- 1120351615 2005.07.02 R01-M0-N9-C:J02-U01 2005-07-02-17.46.55.130839 R01-M0-N9-C:J02-U01 RAS KERNEL INFO generating core.1923
- 1120351615 2005.07.02 R01-M0-N9-C:J02-U11 2005-07-02-17.46.55.184597 R01-M0-N9-C:J02-U11 RAS KERNEL INFO generating core.6027
- 1120351615 2005.07.02 R01-M1-N6-C:J15-U11 2005-07-02-17.46.55.245226 R01-M1-N6-C:J15-U11 RAS KERNEL INFO generating core.2236
- 1120351615 2005.07.02 R01-M1-N6-C:J11-U11 2005-07-02-17.46.55.298461 R01-M1-N6-C:J11-U11 RAS KERNEL INFO generating core.6333
- 1120351615 2005.07.02 R01-M1-N6-C:J17-U11 2005-07-02-17.46.55.350261 R01-M1-N6-C:J17-U11 RAS KERNEL INFO generating core.2108
- 1120351615 2005.07.02 R01-M1-N6-C:J05-U01 2005-07-02-17.46.55.393399 R01-M1-N6-C:J05-U01 RAS KERNEL INFO generating core.6199
- 1120351615 2005.07.02 R01-M1-N6-C:J05-U11 2005-07-02-17.46.55.447827 R01-M1-N6-C:J05-U11 RAS KERNEL INFO generating core.2111
- 1120447114 2005.07.03 R27-M1-NA-C:J04-U01 2005-07-03-20.18.34.456611 R27-M1-NA-C:J04-U01 RAS KERNEL INFO generating core.6415
- 1120447114 2005.07.03 R27-M1-NA-C:J06-U01 2005-07-03-20.18.34.518291 R27-M1-NA-C:J06-U01 RAS KERNEL INFO generating core.23310
- 1120447114 2005.07.03 R27-M1-NA-C:J02-U01 2005-07-03-20.18.34.589107 R27-M1-NA-C:J02-U01 RAS KERNEL INFO generating core.6927
- 1120447114 2005.07.03 R27-M1-NA-C:J02-U11 2005-07-03-20.18.34.651807 R27-M1-NA-C:J02-U11 RAS KERNEL INFO generating core.23327
- 1120447114 2005.07.03 R21-M0-N2-C:J15-U11 2005-07-03-20.18.34.736635 R21-M0-N2-C:J15-U11 RAS KERNEL INFO generating core.10876
- 1120447114 2005.07.03 R21-M0-N2-C:J11-U11 2005-07-03-20.18.34.797725 R21-M0-N2-C:J11-U11 RAS KERNEL INFO generating core.27261
- 1120447114 2005.07.03 R21-M0-N2-C:J17-U11 2005-07-03-20.18.34.868621 R21-M0-N2-C:J17-U11 RAS KERNEL INFO generating core.10364
- 1120447114 2005.07.03 R21-M0-N2-C:J05-U01 2005-07-03-20.18.34.930120 R21-M0-N2-C:J05-U01 RAS KERNEL INFO generating core.26735
- 1120447114 2005.07.03 R21-M0-N2-C:J05-U11 2005-07-03-20.18.34.997731 R21-M0-N2-C:J05-U11 RAS KERNEL INFO generating core.10367
- 1120447115 2005.07.03 R21-M0-N2-C:J03-U11 2005-07-03-20.18.35.063883 R21-M0-N2-C:J03-U11 RAS KERNEL INFO generating core.27263
- 1120447115 2005.07.03 R21-M0-N2-C:J15-U01 2005-07-03-20.18.35.130846 R21-M0-N2-C:J15-U01 RAS KERNEL INFO generating core.10860
- 1120447115 2005.07.03 R21-M0-N2-C:J17-U01 2005-07-03-20.18.35.190068 R21-M0-N2-C:J17-U01 RAS KERNEL INFO generating core.26732
- 1120447115 2005.07.03 R21-M0-N2-C:J07-U01 2005-07-03-20.18.35.259407 R21-M0-N2-C:J07-U01 RAS KERNEL INFO generating core.10862
- 1120447115 2005.07.03 R21-M0-N2-C:J13-U01 2005-07-03-20.18.35.323679 R21-M0-N2-C:J13-U01 RAS KERNEL INFO generating core.26733
- 1120447115 2005.07.03 R21-M0-N2-C:J16-U11 2005-07-03-20.18.35.400503 R21-M0-N2-C:J16-U11 RAS KERNEL INFO generating core.10332
- 1120447115 2005.07.03 R21-M0-N2-C:J08-U11 2005-07-03-20.18.35.459692 R21-M0-N2-C:J08-U11 RAS KERNEL INFO generating core.26718
- 1120447115 2005.07.03 R21-M0-N2-C:J10-U11 2005-07-03-20.18.35.527883 R21-M0-N2-C:J10-U11 RAS KERNEL INFO generating core.10845
- 1120447115 2005.07.03 R21-M0-N2-C:J06-U11 2005-07-03-20.18.35.586714 R21-M0-N2-C:J06-U11 RAS KERNEL INFO generating core.27230
- 1120447115 2005.07.03 R21-M0-N2-C:J14-U01 2005-07-03-20.18.35.668811 R21-M0-N2-C:J14-U01 RAS KERNEL INFO generating core.27212
- 1120447115 2005.07.03 R21-M0-N2-C:J10-U01 2005-07-03-20.18.35.737614 R21-M0-N2-C:J10-U01 RAS KERNEL INFO generating core.10829
- 1120447115 2005.07.03 R21-M0-N2-C:J12-U01 2005-07-03-20.18.35.817551 R21-M0-N2-C:J12-U01 RAS KERNEL INFO generating core.26701
- 1120447115 2005.07.03 R21-M0-N2-C:J04-U01 2005-07-03-20.18.35.885176 R21-M0-N2-C:J04-U01 RAS KERNEL INFO generating core.10319
- 1120447115 2005.07.03 R21-M0-N2-C:J06-U01 2005-07-03-20.18.35.945351 R21-M0-N2-C:J06-U01 RAS KERNEL INFO generating core.27214
- 1120447116 2005.07.03 R21-M0-N2-C:J02-U01 2005-07-03-20.18.36.010980 R21-M0-N2-C:J02-U01 RAS KERNEL INFO generating core.10831
- 1120447116 2005.07.03 R21-M0-N2-C:J02-U11 2005-07-03-20.18.36.068530 R21-M0-N2-C:J02-U11 RAS KERNEL INFO generating core.27231
- 1120447473 2005.07.03 R25-M0-NA-C:J11-U01 2005-07-03-20.24.33.596499 R25-M0-NA-C:J11-U01 RAS KERNEL INFO generating core.10925
- 1120447473 2005.07.03 R25-M0-NA-C:J07-U01 2005-07-03-20.24.33.656751 R25-M0-NA-C:J07-U01 RAS KERNEL INFO generating core.27310
- 1120447473 2005.07.03 R25-M0-NA-C:J09-U01 2005-07-03-20.24.33.727096 R25-M0-NA-C:J09-U01 RAS KERNEL INFO generating core.10414
- 1120447473 2005.07.03 R25-M0-NA-C:J16-U11 2005-07-03-20.24.33.788596 R25-M0-NA-C:J16-U11 RAS KERNEL INFO generating core.26780
- 1120447473 2005.07.03 R25-M0-NA-C:J14-U11 2005-07-03-20.24.33.858448 R25-M0-NA-C:J14-U11 RAS KERNEL INFO generating core.27292
- 1120447473 2005.07.03 R25-M0-NA-C:J06-U11 2005-07-03-20.24.33.932594 R25-M0-NA-C:J06-U11 RAS KERNEL INFO generating core.10910
- 1120447473 2005.07.03 R25-M0-NA-C:J12-U11 2005-07-03-20.24.33.994573 R25-M0-NA-C:J12-U11 RAS KERNEL INFO generating core.26781
- 1120447474 2005.07.03 R25-M0-NA-C:J16-U01 2005-07-03-20.24.34.063588 R25-M0-NA-C:J16-U01 RAS KERNEL INFO generating core.10380
- 1120447474 2005.07.03 R25-M0-NA-C:J10-U01 2005-07-03-20.24.34.128735 R25-M0-NA-C:J10-U01 RAS KERNEL INFO generating core.27277
- 1120447474 2005.07.03 R25-M0-NA-C:J08-U01 2005-07-03-20.24.34.199288 R25-M0-NA-C:J08-U01 RAS KERNEL INFO generating core.10382
- 1120447474 2005.07.03 R25-M0-NA-C:J04-U01 2005-07-03-20.24.34.259065 R25-M0-NA-C:J04-U01 RAS KERNEL INFO generating core.26767
- 1120447474 2005.07.03 R25-M0-NA-C:J04-U11 2005-07-03-20.24.34.341111 R25-M0-NA-C:J04-U11 RAS KERNEL INFO generating core.10399
- 1120447474 2005.07.03 R25-M0-NA-C:J02-U01 2005-07-03-20.24.34.425520 R25-M0-NA-C:J02-U01 RAS KERNEL INFO generating core.27279
- 1120447474 2005.07.03 R35-M1-N0-C:J09-U11 2005-07-03-20.24.34.508931 R35-M1-N0-C:J09-U11 RAS KERNEL INFO generating core.11510
- 1120447474 2005.07.03 R35-M1-N0-C:J15-U11 2005-07-03-20.24.34.576271 R35-M1-N0-C:J15-U11 RAS KERNEL INFO generating core.28404
- 1120447474 2005.07.03 R35-M1-N0-C:J13-U11 2005-07-03-20.24.34.649991 R35-M1-N0-C:J13-U11 RAS KERNEL INFO generating core.11509
- 1120447474 2005.07.03 R35-M1-N0-C:J17-U11 2005-07-03-20.24.34.719569 R35-M1-N0-C:J17-U11 RAS KERNEL INFO generating core.27892
- 1120447474 2005.07.03 R35-M1-N0-C:J03-U01 2005-07-03-20.24.34.795842 R35-M1-N0-C:J03-U01 RAS KERNEL INFO generating core.12007
- 1120447474 2005.07.03 R35-M1-N0-C:J05-U11 2005-07-03-20.24.34.861886 R35-M1-N0-C:J05-U11 RAS KERNEL INFO generating core.27895
- 1120447474 2005.07.03 R35-M1-N0-C:J07-U11 2005-07-03-20.24.34.935596 R35-M1-N0-C:J07-U11 RAS KERNEL INFO generating core.12022
- 1120447475 2005.07.03 R35-M1-N0-C:J15-U01 2005-07-03-20.24.35.000804 R35-M1-N0-C:J15-U01 RAS KERNEL INFO generating core.28388
- 1120447475 2005.07.03 R35-M1-N0-C:J11-U01 2005-07-03-20.24.35.076018 R35-M1-N0-C:J11-U01 RAS KERNEL INFO generating core.12005
- 1120447475 2005.07.03 R35-M1-N0-C:J07-U01 2005-07-03-20.24.35.137402 R35-M1-N0-C:J07-U01 RAS KERNEL INFO generating core.28390
- 1120447475 2005.07.03 R35-M1-N0-C:J09-U01 2005-07-03-20.24.35.207686 R35-M1-N0-C:J09-U01 RAS KERNEL INFO generating core.11494
- 1120447475 2005.07.03 R35-M1-N0-C:J16-U11 2005-07-03-20.24.35.270823 R35-M1-N0-C:J16-U11 RAS KERNEL INFO generating core.27860
- 1120449840 2005.07.03 R27-M1-N3-C:J13-U11 2005-07-03-21.04.00.776877 R27-M1-N3-C:J13-U11 RAS KERNEL INFO generating core.6521
- 1120449840 2005.07.03 R27-M1-N3-C:J17-U11 2005-07-03-21.04.00.840630 R27-M1-N3-C:J17-U11 RAS KERNEL INFO generating core.22904
- 1120449840 2005.07.03 R27-M1-N3-C:J03-U01 2005-07-03-21.04.00.920915 R27-M1-N3-C:J03-U01 RAS KERNEL INFO generating core.7019
- 1120449841 2005.07.03 R27-M1-N3-C:J07-U11 2005-07-03-21.04.01.012856 R27-M1-N3-C:J07-U11 RAS KERNEL INFO generating core.7034
- 1120449841 2005.07.03 R27-M1-N3-C:J17-U01 2005-07-03-21.04.01.086186 R27-M1-N3-C:J17-U01 RAS KERNEL INFO generating core.6504
- 1120449841 2005.07.03 R27-M1-N3-C:J11-U01 2005-07-03-21.04.01.148933 R27-M1-N3-C:J11-U01 RAS KERNEL INFO generating core.23401
- 1120449841 2005.07.03 R27-M1-N3-C:J13-U01 2005-07-03-21.04.01.220153 R27-M1-N3-C:J13-U01 RAS KERNEL INFO generating core.6505
- 1120449841 2005.07.03 R27-M1-N3-C:J09-U01 2005-07-03-21.04.01.287906 R27-M1-N3-C:J09-U01 RAS KERNEL INFO generating core.22890
- 1120449841 2005.07.03 R27-M1-N3-C:J08-U11 2005-07-03-21.04.01.359692 R27-M1-N3-C:J08-U11 RAS KERNEL INFO generating core.6490
- 1120449841 2005.07.03 R27-M1-N3-C:J14-U11 2005-07-03-21.04.01.423420 R27-M1-N3-C:J14-U11 RAS KERNEL INFO generating core.23384
- 1120449841 2005.07.03 R27-M1-N3-C:J06-U11 2005-07-03-21.04.01.494615 R27-M1-N3-C:J06-U11 RAS KERNEL INFO generating core.7002
- 1120449841 2005.07.03 R27-M1-N3-C:J14-U01 2005-07-03-21.04.01.578607 R27-M1-N3-C:J14-U01 RAS KERNEL INFO generating core.6984
- 1120449841 2005.07.03 R27-M1-N3-C:J16-U01 2005-07-03-21.04.01.656581 R27-M1-N3-C:J16-U01 RAS KERNEL INFO generating core.22856
- 1120449841 2005.07.03 R27-M1-N3-C:J12-U01 2005-07-03-21.04.01.728056 R27-M1-N3-C:J12-U01 RAS KERNEL INFO generating core.6473
- 1120449841 2005.07.03 R27-M1-N3-C:J08-U01 2005-07-03-21.04.01.790816 R27-M1-N3-C:J08-U01 RAS KERNEL INFO generating core.22858
- 1120449841 2005.07.03 R27-M1-N3-C:J06-U01 2005-07-03-21.04.01.861714 R27-M1-N3-C:J06-U01 RAS KERNEL INFO generating core.6986
- 1120449841 2005.07.03 R27-M1-N3-C:J02-U01 2005-07-03-21.04.01.934544 R27-M1-N3-C:J02-U01 RAS KERNEL INFO generating core.6987
- 1120449842 2005.07.03 R21-M1-N2-C:J15-U11 2005-07-03-21.04.02.015989 R21-M1-N2-C:J15-U11 RAS KERNEL INFO generating core.6780
- 1120449842 2005.07.03 R21-M1-N2-C:J11-U11 2005-07-03-21.04.02.083274 R21-M1-N2-C:J11-U11 RAS KERNEL INFO generating core.23165
- 1120449842 2005.07.03 R21-M1-N2-C:J17-U11 2005-07-03-21.04.02.155218 R21-M1-N2-C:J17-U11 RAS KERNEL INFO generating core.22652
- 1120449842 2005.07.03 R21-M1-N2-C:J03-U01 2005-07-03-21.04.02.226831 R21-M1-N2-C:J03-U01 RAS KERNEL INFO generating core.6767
- 1120449842 2005.07.03 R21-M1-N2-C:J07-U11 2005-07-03-21.04.02.297490 R21-M1-N2-C:J07-U11 RAS KERNEL INFO generating core.6782
- 1120449842 2005.07.03 R21-M1-N2-C:J15-U01 2005-07-03-21.04.02.359064 R21-M1-N2-C:J15-U01 RAS KERNEL INFO generating core.23148
- 1120449842 2005.07.03 R21-M1-N2-C:J11-U01 2005-07-03-21.04.02.439298 R21-M1-N2-C:J11-U01 RAS KERNEL INFO generating core.6765
- 1120449842 2005.07.03 R21-M1-N2-C:J07-U01 2005-07-03-21.04.02.500195 R21-M1-N2-C:J07-U01 RAS KERNEL INFO generating core.23150
- 1120450214 2005.07.03 R35-M1-N8-C:J06-U11 2005-07-03-21.10.14.989251 R35-M1-N8-C:J06-U11 RAS KERNEL INFO generating core.28310
- 1120450215 2005.07.03 R35-M1-N8-C:J14-U01 2005-07-03-21.10.15.063911 R35-M1-N8-C:J14-U01 RAS KERNEL INFO generating core.28292
- 1120450215 2005.07.03 R35-M1-N8-C:J10-U01 2005-07-03-21.10.15.136240 R35-M1-N8-C:J10-U01 RAS KERNEL INFO generating core.11909
- 1120450215 2005.07.03 R35-M1-N8-C:J06-U01 2005-07-03-21.10.15.205009 R35-M1-N8-C:J06-U01 RAS KERNEL INFO generating core.28294
- 1120450215 2005.07.03 R35-M1-N8-C:J02-U01 2005-07-03-21.10.15.277934 R35-M1-N8-C:J02-U01 RAS KERNEL INFO generating core.28295
- 1120450215 2005.07.03 R35-M1-NC-C:J15-U11 2005-07-03-21.10.15.371763 R35-M1-NC-C:J15-U11 RAS KERNEL INFO generating core.26292
- 1120450215 2005.07.03 R35-M1-NC-C:J13-U11 2005-07-03-21.10.15.444343 R35-M1-NC-C:J13-U11 RAS KERNEL INFO generating core.9397
- 1120450215 2005.07.03 R35-M1-NC-C:J05-U01 2005-07-03-21.10.15.518255 R35-M1-NC-C:J05-U01 RAS KERNEL INFO generating core.9383
- 1120450215 2005.07.03 R35-M1-NC-C:J03-U11 2005-07-03-21.10.15.592225 R35-M1-NC-C:J03-U11 RAS KERNEL INFO generating core.9911
- 1120450215 2005.07.03 R35-M1-NC-C:J07-U11 2005-07-03-21.10.15.666501 R35-M1-NC-C:J07-U11 RAS KERNEL INFO generating core.26294
- 1120450215 2005.07.03 R35-M1-NC-C:J11-U01 2005-07-03-21.10.15.751216 R35-M1-NC-C:J11-U01 RAS KERNEL INFO generating core.9893
- 1120450215 2005.07.03 R35-M1-NC-C:J13-U01 2005-07-03-21.10.15.826684 R35-M1-NC-C:J13-U01 RAS KERNEL INFO generating core.9381
- 1120450215 2005.07.03 R35-M1-NC-C:J16-U11 2005-07-03-21.10.15.900238 R35-M1-NC-C:J16-U11 RAS KERNEL INFO generating core.9364
- 1120450215 2005.07.03 R35-M1-NC-C:J14-U11 2005-07-03-21.10.15.975380 R35-M1-NC-C:J14-U11 RAS KERNEL INFO generating core.26260
- 1120450216 2005.07.03 R35-M1-NC-C:J06-U11 2005-07-03-21.10.16.054132 R35-M1-NC-C:J06-U11 RAS KERNEL INFO generating core.9878
- 1120450216 2005.07.03 R35-M1-NC-C:J14-U01 2005-07-03-21.10.16.127632 R35-M1-NC-C:J14-U01 RAS KERNEL INFO generating core.9860
- 1120450216 2005.07.03 R35-M1-NC-C:J06-U01 2005-07-03-21.10.16.211094 R35-M1-NC-C:J06-U01 RAS KERNEL INFO generating core.9862
- 1120450216 2005.07.03 R35-M1-NC-C:J02-U01 2005-07-03-21.10.16.276762 R35-M1-NC-C:J02-U01 RAS KERNEL INFO generating core.26247
- 1120450216 2005.07.03 R35-M0-NC-C:J09-U11 2005-07-03-21.10.16.352539 R35-M0-NC-C:J09-U11 RAS KERNEL INFO generating core.5302
- 1120450216 2005.07.03 R35-M0-NC-C:J15-U11 2005-07-03-21.10.16.422207 R35-M0-NC-C:J15-U11 RAS KERNEL INFO generating core.22196
- 1120450216 2005.07.03 R35-M0-NC-C:J13-U11 2005-07-03-21.10.16.494006 R35-M0-NC-C:J13-U11 RAS KERNEL INFO generating core.5301
- 1120450216 2005.07.03 R35-M0-NC-C:J17-U11 2005-07-03-21.10.16.557617 R35-M0-NC-C:J17-U11 RAS KERNEL INFO generating core.21684
- 1120450216 2005.07.03 R35-M0-NC-C:J05-U11 2005-07-03-21.10.16.641951 R35-M0-NC-C:J05-U11 RAS KERNEL INFO generating core.5303
- 1120450216 2005.07.03 R35-M0-NC-C:J03-U11 2005-07-03-21.10.16.706715 R35-M0-NC-C:J03-U11 RAS KERNEL INFO generating core.22199
- 1120450216 2005.07.03 R35-M0-NC-C:J15-U01 2005-07-03-21.10.16.781435 R35-M0-NC-C:J15-U01 RAS KERNEL INFO generating core.5796
- 1120469593 2005.07.04 R22-M0-NE-C:J07-U01 2005-07-04-02.33.13.568467 R22-M0-NE-C:J07-U01 RAS KERNEL INFO generating core.29614
- 1120469593 2005.07.04 R22-M0-NE-C:J09-U01 2005-07-04-02.33.13.636262 R22-M0-NE-C:J09-U01 RAS KERNEL INFO generating core.12718
- 1120469593 2005.07.04 R22-M0-NE-C:J16-U11 2005-07-04-02.33.13.697549 R22-M0-NE-C:J16-U11 RAS KERNEL INFO generating core.29084
- 1120469593 2005.07.04 R22-M0-NE-C:J14-U11 2005-07-04-02.33.13.767054 R22-M0-NE-C:J14-U11 RAS KERNEL INFO generating core.13212
- 1120469593 2005.07.04 R22-M0-NE-C:J10-U11 2005-07-04-02.33.13.832409 R22-M0-NE-C:J10-U11 RAS KERNEL INFO generating core.29597
- 1120469593 2005.07.04 R22-M0-NE-C:J12-U11 2005-07-04-02.33.13.905696 R22-M0-NE-C:J12-U11 RAS KERNEL INFO generating core.12701
- 1120469593 2005.07.04 R22-M0-NE-C:J14-U01 2005-07-04-02.33.13.965950 R22-M0-NE-C:J14-U01 RAS KERNEL INFO generating core.29580
- 1120469594 2005.07.04 R22-M0-NE-C:J10-U01 2005-07-04-02.33.14.034756 R22-M0-NE-C:J10-U01 RAS KERNEL INFO generating core.13197
- 1120469594 2005.07.04 R22-M0-NE-C:J12-U01 2005-07-04-02.33.14.094388 R22-M0-NE-C:J12-U01 RAS KERNEL INFO generating core.29069
- 1120469594 2005.07.04 R22-M0-NE-C:J04-U01 2005-07-04-02.33.14.168198 R22-M0-NE-C:J04-U01 RAS KERNEL INFO generating core.12687
- 1120469594 2005.07.04 R22-M0-NE-C:J06-U01 2005-07-04-02.33.14.228831 R22-M0-NE-C:J06-U01 RAS KERNEL INFO generating core.29582
- 1120469594 2005.07.04 R22-M0-NE-C:J02-U01 2005-07-04-02.33.14.296789 R22-M0-NE-C:J02-U01 RAS KERNEL INFO generating core.13199
- 1120469594 2005.07.04 R22-M0-NE-C:J02-U11 2005-07-04-02.33.14.364906 R22-M0-NE-C:J02-U11 RAS KERNEL INFO generating core.29599
- 1120469594 2005.07.04 R22-M1-N2-C:J15-U11 2005-07-04-02.33.14.436977 R22-M1-N2-C:J15-U11 RAS KERNEL INFO generating core.3068
- 1120469594 2005.07.04 R22-M1-N2-C:J11-U11 2005-07-04-02.33.14.498109 R22-M1-N2-C:J11-U11 RAS KERNEL INFO generating core.19453
- 1120469594 2005.07.04 R22-M1-N2-C:J17-U11 2005-07-04-02.33.14.586646 R22-M1-N2-C:J17-U11 RAS KERNEL INFO generating core.2556
- 1120469594 2005.07.04 R22-M1-N2-C:J05-U01 2005-07-04-02.33.14.648105 R22-M1-N2-C:J05-U01 RAS KERNEL INFO generating core.18927
- 1120469594 2005.07.04 R22-M1-N2-C:J05-U11 2005-07-04-02.33.14.718335 R22-M1-N2-C:J05-U11 RAS KERNEL INFO generating core.2559
- 1120469594 2005.07.04 R22-M1-N2-C:J03-U11 2005-07-04-02.33.14.779634 R22-M1-N2-C:J03-U11 RAS KERNEL INFO generating core.19455
- 1120469594 2005.07.04 R22-M1-N2-C:J15-U01 2005-07-04-02.33.14.849754 R22-M1-N2-C:J15-U01 RAS KERNEL INFO generating core.3052
- 1120469594 2005.07.04 R22-M1-N2-C:J17-U01 2005-07-04-02.33.14.925078 R22-M1-N2-C:J17-U01 RAS KERNEL INFO generating core.18924
- 1120469594 2005.07.04 R22-M1-N2-C:J07-U01 2005-07-04-02.33.14.994996 R22-M1-N2-C:J07-U01 RAS KERNEL INFO generating core.3054
- 1120469595 2005.07.04 R22-M1-N2-C:J13-U01 2005-07-04-02.33.15.056107 R22-M1-N2-C:J13-U01 RAS KERNEL INFO generating core.18925
- 1120469595 2005.07.04 R22-M1-N2-C:J16-U11 2005-07-04-02.33.15.125387 R22-M1-N2-C:J16-U11 RAS KERNEL INFO generating core.2524
- 1120469595 2005.07.04 R22-M1-N2-C:J08-U11 2005-07-04-02.33.15.187144 R22-M1-N2-C:J08-U11 RAS KERNEL INFO generating core.18910
- 1120486561 2005.07.04 R14-M1-N7-C:J15-U01 2005-07-04-07.16.01.684433 R14-M1-N7-C:J15-U01 RAS KERNEL INFO generating core.8560
- 1120486561 2005.07.04 R14-M1-N7-C:J11-U01 2005-07-04-07.16.01.744214 R14-M1-N7-C:J11-U01 RAS KERNEL INFO generating core.369
- 1120486561 2005.07.04 R14-M1-N7-C:J07-U01 2005-07-04-07.16.01.795754 R14-M1-N7-C:J07-U01 RAS KERNEL INFO generating core.8562
- 1120486561 2005.07.04 R14-M1-N7-C:J09-U01 2005-07-04-07.16.01.855365 R14-M1-N7-C:J09-U01 RAS KERNEL INFO generating core.114
- 1120486561 2005.07.04 R14-M1-N7-C:J16-U11 2005-07-04-07.16.01.907776 R14-M1-N7-C:J16-U11 RAS KERNEL INFO generating core.8296
- 1120486561 2005.07.04 R14-M1-N7-C:J14-U11 2005-07-04-07.16.01.969130 R14-M1-N7-C:J14-U11 RAS KERNEL INFO generating core.360
- 1120486562 2005.07.04 R14-M1-N7-C:J10-U11 2005-07-04-07.16.02.021365 R14-M1-N7-C:J10-U11 RAS KERNEL INFO generating core.8553
- 1120486562 2005.07.04 R14-M1-N7-C:J12-U11 2005-07-04-07.16.02.087587 R14-M1-N7-C:J12-U11 RAS KERNEL INFO generating core.105
- 1120486562 2005.07.04 R14-M1-N7-C:J14-U01 2005-07-04-07.16.02.137683 R14-M1-N7-C:J14-U01 RAS KERNEL INFO generating core.8544
- 1120486562 2005.07.04 R14-M1-N7-C:J10-U01 2005-07-04-07.16.02.196981 R14-M1-N7-C:J10-U01 RAS KERNEL INFO generating core.353
- 1120486562 2005.07.04 R14-M1-N7-C:J12-U01 2005-07-04-07.16.02.246711 R14-M1-N7-C:J12-U01 RAS KERNEL INFO generating core.8289
- 1120486562 2005.07.04 R14-M1-N7-C:J04-U01 2005-07-04-07.16.02.310130 R14-M1-N7-C:J04-U01 RAS KERNEL INFO generating core.99
- 1120486562 2005.07.04 R14-M1-N7-C:J06-U01 2005-07-04-07.16.02.360838 R14-M1-N7-C:J06-U01 RAS KERNEL INFO generating core.8546
- 1120486562 2005.07.04 R14-M1-N7-C:J02-U01 2005-07-04-07.16.02.419250 R14-M1-N7-C:J02-U01 RAS KERNEL INFO generating core.355
- 1120486562 2005.07.04 R14-M1-N7-C:J02-U11 2005-07-04-07.16.02.469351 R14-M1-N7-C:J02-U11 RAS KERNEL INFO generating core.8555
- 1120486562 2005.07.04 R16-M0-ND-C:J15-U11 2005-07-04-07.16.02.529494 R16-M0-ND-C:J15-U11 RAS KERNEL INFO generating core.7064
- 1120486562 2005.07.04 R16-M0-ND-C:J11-U11 2005-07-04-07.16.02.588752 R16-M0-ND-C:J11-U11 RAS KERNEL INFO generating core.15257
- 1120486562 2005.07.04 R16-M0-ND-C:J17-U11 2005-07-04-07.16.02.648320 R16-M0-ND-C:J17-U11 RAS KERNEL INFO generating core.6808
- 1120486562 2005.07.04 R16-M0-ND-C:J05-U01 2005-07-04-07.16.02.699050 R16-M0-ND-C:J05-U01 RAS KERNEL INFO generating core.14995
- 1120486562 2005.07.04 R16-M0-ND-C:J05-U11 2005-07-04-07.16.02.758243 R16-M0-ND-C:J05-U11 RAS KERNEL INFO generating core.6811
- 1120486562 2005.07.04 R16-M0-ND-C:J03-U11 2005-07-04-07.16.02.809000 R16-M0-ND-C:J03-U11 RAS KERNEL INFO generating core.15259
- 1120486562 2005.07.04 R16-M0-ND-C:J15-U01 2005-07-04-07.16.02.873278 R16-M0-ND-C:J15-U01 RAS KERNEL INFO generating core.7056
- 1120486562 2005.07.04 R16-M0-ND-C:J17-U01 2005-07-04-07.16.02.924520 R16-M0-ND-C:J17-U01 RAS KERNEL INFO generating core.14992
- 1120486562 2005.07.04 R16-M0-ND-C:J07-U01 2005-07-04-07.16.02.983224 R16-M0-ND-C:J07-U01 RAS KERNEL INFO generating core.7058
- 1120486563 2005.07.04 R16-M0-ND-C:J13-U01 2005-07-04-07.16.03.034482 R16-M0-ND-C:J13-U01 RAS KERNEL INFO generating core.14993
- 1120487441 2005.07.04 R24-M1-N2-C:J10-U01 2005-07-04-07.30.41.685627 R24-M1-N2-C:J10-U01 RAS KERNEL INFO generating core.2765
- 1120487441 2005.07.04 R24-M1-N2-C:J04-U01 2005-07-04-07.30.41.772624 R24-M1-N2-C:J04-U01 RAS KERNEL INFO generating core.2255
- 1120487441 2005.07.04 R24-M1-N2-C:J02-U01 2005-07-04-07.30.41.882195 R24-M1-N2-C:J02-U01 RAS KERNEL INFO generating core.2767
- 1120487441 2005.07.04 R24-M1-NA-C:J15-U11 2005-07-04-07.30.41.964859 R24-M1-NA-C:J15-U11 RAS KERNEL INFO generating core.2748
- 1120487442 2005.07.04 R24-M1-NA-C:J17-U11 2005-07-04-07.30.42.047177 R24-M1-NA-C:J17-U11 RAS KERNEL INFO generating core.2236
- 1120487442 2005.07.04 R24-M1-NA-C:J05-U11 2005-07-04-07.30.42.130360 R24-M1-NA-C:J05-U11 RAS KERNEL INFO generating core.2239
- 1120487442 2005.07.04 R24-M1-NA-C:J15-U01 2005-07-04-07.30.42.215209 R24-M1-NA-C:J15-U01 RAS KERNEL INFO generating core.2732
- 1120487442 2005.07.04 R24-M1-NA-C:J07-U01 2005-07-04-07.30.42.308729 R24-M1-NA-C:J07-U01 RAS KERNEL INFO generating core.2734
- 1120487442 2005.07.04 R24-M1-NA-C:J16-U11 2005-07-04-07.30.42.391793 R24-M1-NA-C:J16-U11 RAS KERNEL INFO generating core.2204
- 1120487442 2005.07.04 R24-M1-NA-C:J10-U11 2005-07-04-07.30.42.474102 R24-M1-NA-C:J10-U11 RAS KERNEL INFO generating core.2717
- 1120487442 2005.07.04 R24-M1-NA-C:J14-U01 2005-07-04-07.30.42.556601 R24-M1-NA-C:J14-U01 RAS KERNEL INFO generating core.2700
- 1120487442 2005.07.04 R24-M1-NA-C:J12-U01 2005-07-04-07.30.42.639218 R24-M1-NA-C:J12-U01 RAS KERNEL INFO generating core.2189
- 1120487442 2005.07.04 R24-M1-NA-C:J06-U01 2005-07-04-07.30.42.738331 R24-M1-NA-C:J06-U01 RAS KERNEL INFO generating core.2702
- 1120487442 2005.07.04 R24-M1-NA-C:J02-U11 2005-07-04-07.30.42.821185 R24-M1-NA-C:J02-U11 RAS KERNEL INFO generating core.2719
- 1120487442 2005.07.04 R24-M1-N1-C:J11-U11 2005-07-04-07.30.42.905521 R24-M1-N1-C:J11-U11 RAS KERNEL INFO generating core.3833
- 1120487442 2005.07.04 R24-M1-N1-C:J05-U01 2005-07-04-07.30.42.988154 R24-M1-N1-C:J05-U01 RAS KERNEL INFO generating core.3307
- 1120487443 2005.07.04 R24-M1-N1-C:J03-U11 2005-07-04-07.30.43.071593 R24-M1-N1-C:J03-U11 RAS KERNEL INFO generating core.3835
- 1120487443 2005.07.04 R24-M1-N1-C:J17-U01 2005-07-04-07.30.43.155538 R24-M1-N1-C:J17-U01 RAS KERNEL INFO generating core.3304
- 1120487443 2005.07.04 R24-M1-N1-C:J13-U01 2005-07-04-07.30.43.250785 R24-M1-N1-C:J13-U01 RAS KERNEL INFO generating core.3305
- 1120487443 2005.07.04 R24-M1-N1-C:J08-U11 2005-07-04-07.30.43.334092 R24-M1-N1-C:J08-U11 RAS KERNEL INFO generating core.3290
- 1120487443 2005.07.04 R24-M1-N1-C:J06-U11 2005-07-04-07.30.43.418375 R24-M1-N1-C:J06-U11 RAS KERNEL INFO generating core.3802
- 1120487443 2005.07.04 R24-M1-N1-C:J16-U01 2005-07-04-07.30.43.502841 R24-M1-N1-C:J16-U01 RAS KERNEL INFO generating core.3272
- 1120487443 2005.07.04 R24-M1-N1-C:J08-U01 2005-07-04-07.30.43.587045 R24-M1-N1-C:J08-U01 RAS KERNEL INFO generating core.3274
- 1120487443 2005.07.04 R24-M1-N1-C:J04-U11 2005-07-04-07.30.43.679662 R24-M1-N1-C:J04-U11 RAS KERNEL INFO generating core.3291
- 1120487443 2005.07.04 R24-M0-ND-C:J09-U11 2005-07-04-07.30.43.765188 R24-M0-ND-C:J09-U11 RAS KERNEL INFO generating core.13498
- 1120490370 2005.07.04 R34-M0-NC-C:J16-U11 2005-07-04-08.19.30.417609 R34-M0-NC-C:J16-U11 RAS KERNEL INFO generating core.2356
- 1120490370 2005.07.04 R34-M0-NC-C:J10-U11 2005-07-04-08.19.30.527821 R34-M0-NC-C:J10-U11 RAS KERNEL INFO generating core.3381
- 1120490370 2005.07.04 R34-M0-NC-C:J14-U01 2005-07-04-08.19.30.632535 R34-M0-NC-C:J14-U01 RAS KERNEL INFO generating core.3348
- 1120490370 2005.07.04 R34-M0-NC-C:J12-U01 2005-07-04-08.19.30.737036 R34-M0-NC-C:J12-U01 RAS KERNEL INFO generating core.2325
- 1120490370 2005.07.04 R34-M0-NC-C:J06-U01 2005-07-04-08.19.30.846537 R34-M0-NC-C:J06-U01 RAS KERNEL INFO generating core.3350
- 1120490370 2005.07.04 R34-M0-NC-C:J02-U11 2005-07-04-08.19.30.951970 R34-M0-NC-C:J02-U11 RAS KERNEL INFO generating core.3383
- 1120490371 2005.07.04 R30-M0-N4-C:J11-U11 2005-07-04-08.19.31.060320 R30-M0-N4-C:J11-U11 RAS KERNEL INFO generating core.3317
- 1120490371 2005.07.04 R30-M0-N4-C:J05-U01 2005-07-04-08.19.31.174901 R30-M0-N4-C:J05-U01 RAS KERNEL INFO generating core.2263
- 1120490371 2005.07.04 R30-M0-N4-C:J03-U11 2005-07-04-08.19.31.281743 R30-M0-N4-C:J03-U11 RAS KERNEL INFO generating core.3319
- 1120490371 2005.07.04 R30-M0-N4-C:J17-U01 2005-07-04-08.19.31.389870 R30-M0-N4-C:J17-U01 RAS KERNEL INFO generating core.2260
- 1120490371 2005.07.04 R30-M0-N4-C:J13-U01 2005-07-04-08.19.31.496293 R30-M0-N4-C:J13-U01 RAS KERNEL INFO generating core.2261
- 1120490371 2005.07.04 R30-M0-N4-C:J08-U11 2005-07-04-08.19.31.618621 R30-M0-N4-C:J08-U11 RAS KERNEL INFO generating core.2230
- 1120490371 2005.07.04 R30-M0-N4-C:J06-U11 2005-07-04-08.19.31.730616 R30-M0-N4-C:J06-U11 RAS KERNEL INFO generating core.3254
- 1120490371 2005.07.04 R30-M0-N4-C:J16-U01 2005-07-04-08.19.31.838986 R30-M0-N4-C:J16-U01 RAS KERNEL INFO generating core.2196
- 1120490371 2005.07.04 R30-M0-N4-C:J08-U01 2005-07-04-08.19.31.946065 R30-M0-N4-C:J08-U01 RAS KERNEL INFO generating core.2198
- 1120490372 2005.07.04 R30-M0-N4-C:J04-U11 2005-07-04-08.19.32.052661 R30-M0-N4-C:J04-U11 RAS KERNEL INFO generating core.2231
- 1120490372 2005.07.04 R30-M0-NC-C:J09-U11 2005-07-04-08.19.32.159596 R30-M0-NC-C:J09-U11 RAS KERNEL INFO generating core.2166
- 1120490372 2005.07.04 R30-M0-NC-C:J13-U11 2005-07-04-08.19.32.276690 R30-M0-NC-C:J13-U11 RAS KERNEL INFO generating core.2165
- 1120490372 2005.07.04 R30-M0-NC-C:J03-U01 2005-07-04-08.19.32.383187 R30-M0-NC-C:J03-U01 RAS KERNEL INFO generating core.3159
- 1120490372 2005.07.04 R30-M0-NC-C:J07-U11 2005-07-04-08.19.32.490181 R30-M0-NC-C:J07-U11 RAS KERNEL INFO generating core.3190
- 1120490372 2005.07.04 R30-M0-NC-C:J11-U01 2005-07-04-08.19.32.596507 R30-M0-NC-C:J11-U01 RAS KERNEL INFO generating core.3157
- 1120490372 2005.07.04 R30-M0-NC-C:J09-U01 2005-07-04-08.19.32.703655 R30-M0-NC-C:J09-U01 RAS KERNEL INFO generating core.2134
- 1120490372 2005.07.04 R30-M0-NC-C:J14-U11 2005-07-04-08.19.32.810659 R30-M0-NC-C:J14-U11 RAS KERNEL INFO generating core.3124
- 1120490372 2005.07.04 R30-M0-NC-C:J12-U11 2005-07-04-08.19.32.920240 R30-M0-NC-C:J12-U11 RAS KERNEL INFO generating core.2101
- 1120490373 2005.07.04 R30-M0-NC-C:J10-U01 2005-07-04-08.19.33.026493 R30-M0-NC-C:J10-U01 RAS KERNEL INFO generating core.3093
- 1120748272 2005.07.07 R06-M1-N8-C:J02-U11 2005-07-07-07.57.52.372418 R06-M1-N8-C:J02-U11 RAS KERNEL INFO generating core.1999
- 1120748272 2005.07.07 R06-M0-N8-C:J09-U11 2005-07-07-07.57.52.412208 R06-M0-N8-C:J09-U11 RAS KERNEL INFO generating core.2462
- 1120748272 2005.07.07 R06-M0-N8-C:J11-U11 2005-07-07-07.57.52.459730 R06-M0-N8-C:J11-U11 RAS KERNEL INFO generating core.477
- 1120748272 2005.07.07 R06-M0-N8-C:J13-U11 2005-07-07-07.57.52.499362 R06-M0-N8-C:J13-U11 RAS KERNEL INFO generating core.2461
- 1120748272 2005.07.07 R06-M0-N8-C:J05-U01 2005-07-07-07.57.52.563357 R06-M0-N8-C:J05-U01 RAS KERNEL INFO generating core.407
- 1120748272 2005.07.07 R06-M0-N8-C:J03-U01 2005-07-07-07.57.52.605278 R06-M0-N8-C:J03-U01 RAS KERNEL INFO generating core.2519
- 1120748272 2005.07.07 R06-M0-N8-C:J03-U11 2005-07-07-07.57.52.654958 R06-M0-N8-C:J03-U11 RAS KERNEL INFO generating core.479
- 1120748272 2005.07.07 R06-M0-N8-C:J07-U11 2005-07-07-07.57.52.696393 R06-M0-N8-C:J07-U11 RAS KERNEL INFO generating core.2526
- 1120748272 2005.07.07 R06-M0-N8-C:J17-U01 2005-07-07-07.57.52.746130 R06-M0-N8-C:J17-U01 RAS KERNEL INFO generating core.404
- 1120748272 2005.07.07 R06-M0-N8-C:J11-U01 2005-07-07-07.57.52.811249 R06-M0-N8-C:J11-U01 RAS KERNEL INFO generating core.2517
- 1120748272 2005.07.07 R06-M0-N8-C:J13-U01 2005-07-07-07.57.52.876613 R06-M0-N8-C:J13-U01 RAS KERNEL INFO generating core.405
- 1120748272 2005.07.07 R06-M0-N8-C:J09-U01 2005-07-07-07.57.52.917144 R06-M0-N8-C:J09-U01 RAS KERNEL INFO generating core.2454
- 1120748272 2005.07.07 R06-M0-N8-C:J08-U11 2005-07-07-07.57.52.965697 R06-M0-N8-C:J08-U11 RAS KERNEL INFO generating core.398
- 1120748273 2005.07.07 R06-M0-N8-C:J14-U11 2005-07-07-07.57.53.006986 R06-M0-N8-C:J14-U11 RAS KERNEL INFO generating core.2508
- 1120748273 2005.07.07 R06-M0-N8-C:J06-U11 2005-07-07-07.57.53.058402 R06-M0-N8-C:J06-U11 RAS KERNEL INFO generating core.462
- 1120748273 2005.07.07 R06-M0-N8-C:J12-U11 2005-07-07-07.57.53.112406 R06-M0-N8-C:J12-U11 RAS KERNEL INFO generating core.2445
- 1120748273 2005.07.07 R06-M0-N8-C:J16-U01 2005-07-07-07.57.53.162550 R06-M0-N8-C:J16-U01 RAS KERNEL INFO generating core.388
- 1120748273 2005.07.07 R06-M0-N8-C:J10-U01 2005-07-07-07.57.53.202681 R06-M0-N8-C:J10-U01 RAS KERNEL INFO generating core.2501
- 1120748273 2005.07.07 R06-M0-N8-C:J08-U01 2005-07-07-07.57.53.251821 R06-M0-N8-C:J08-U01 RAS KERNEL INFO generating core.390
- 1120748273 2005.07.07 R06-M0-N8-C:J04-U01 2005-07-07-07.57.53.291085 R06-M0-N8-C:J04-U01 RAS KERNEL INFO generating core.2439
- 1120748273 2005.07.07 R06-M0-N8-C:J04-U11 2005-07-07-07.57.53.417781 R06-M0-N8-C:J04-U11 RAS KERNEL INFO generating core.399
- 1120748273 2005.07.07 R06-M0-N8-C:J02-U01 2005-07-07-07.57.53.470318 R06-M0-N8-C:J02-U01 RAS KERNEL INFO generating core.2503
- 1120748273 2005.07.07 R06-M0-NC-C:J09-U11 2005-07-07-07.57.53.518491 R06-M0-NC-C:J09-U11 RAS KERNEL INFO generating core.158
- 1120748273 2005.07.07 R06-M0-NC-C:J15-U11 2005-07-07-07.57.53.558398 R06-M0-NC-C:J15-U11 RAS KERNEL INFO generating core.2268
- 1120748273 2005.07.07 R06-M0-NC-C:J13-U11 2005-07-07-07.57.53.606435 R06-M0-NC-C:J13-U11 RAS KERNEL INFO generating core.157
- 1120775917 2005.07.07 R36-M0-N5-C:J14-U11 2005-07-07-15.38.37.513373 R36-M0-N5-C:J14-U11 RAS KERNEL INFO 628605312 double-hummer alignment exceptions
- 1120775917 2005.07.07 R36-M0-N5-C:J10-U11 2005-07-07-15.38.37.605201 R36-M0-N5-C:J10-U11 RAS KERNEL INFO 637783728 double-hummer alignment exceptions
- 1120775917 2005.07.07 R36-M0-N5-C:J12-U11 2005-07-07-15.38.37.696771 R36-M0-N5-C:J12-U11 RAS KERNEL INFO 625453680 double-hummer alignment exceptions
- 1120775917 2005.07.07 R36-M0-N5-C:J14-U01 2005-07-07-15.38.37.781244 R36-M0-N5-C:J14-U01 RAS KERNEL INFO 614335584 double-hummer alignment exceptions
- 1120775917 2005.07.07 R36-M0-N5-C:J10-U01 2005-07-07-15.38.37.874210 R36-M0-N5-C:J10-U01 RAS KERNEL INFO 625776672 double-hummer alignment exceptions
- 1120775917 2005.07.07 R36-M0-N5-C:J12-U01 2005-07-07-15.38.37.964632 R36-M0-N5-C:J12-U01 RAS KERNEL INFO 631674960 double-hummer alignment exceptions
- 1120775918 2005.07.07 R36-M0-N5-C:J04-U01 2005-07-07-15.38.38.073123 R36-M0-N5-C:J04-U01 RAS KERNEL INFO 632122032 double-hummer alignment exceptions
- 1120775918 2005.07.07 R36-M0-N5-C:J06-U01 2005-07-07-15.38.38.164466 R36-M0-N5-C:J06-U01 RAS KERNEL INFO 629334576 double-hummer alignment exceptions
- 1120775918 2005.07.07 R36-M0-N5-C:J02-U01 2005-07-07-15.38.38.255703 R36-M0-N5-C:J02-U01 RAS KERNEL INFO 636505632 double-hummer alignment exceptions
- 1120775918 2005.07.07 R36-M0-N5-C:J02-U11 2005-07-07-15.38.38.339768 R36-M0-N5-C:J02-U11 RAS KERNEL INFO 635614128 double-hummer alignment exceptions
- 1120775918 2005.07.07 R37-M1-N6-C:J15-U11 2005-07-07-15.38.38.431441 R37-M1-N6-C:J15-U11 RAS KERNEL INFO 631213200 double-hummer alignment exceptions
- 1120775918 2005.07.07 R37-M1-N6-C:J11-U11 2005-07-07-15.38.38.519984 R37-M1-N6-C:J11-U11 RAS KERNEL INFO 646900464 double-hummer alignment exceptions
- 1120775918 2005.07.07 R37-M1-N6-C:J17-U11 2005-07-07-15.38.38.617402 R37-M1-N6-C:J17-U11 RAS KERNEL INFO 637137840 double-hummer alignment exceptions
- 1120775918 2005.07.07 R37-M1-N6-C:J05-U01 2005-07-07-15.38.38.701529 R37-M1-N6-C:J05-U01 RAS KERNEL INFO 638441328 double-hummer alignment exceptions
- 1120775918 2005.07.07 R37-M1-N6-C:J05-U11 2005-07-07-15.38.38.793179 R37-M1-N6-C:J05-U11 RAS KERNEL INFO 643763184 double-hummer alignment exceptions
- 1120775918 2005.07.07 R37-M1-N6-C:J03-U11 2005-07-07-15.38.38.876530 R37-M1-N6-C:J03-U11 RAS KERNEL INFO 643622496 double-hummer alignment exceptions
- 1120775918 2005.07.07 R37-M1-N6-C:J15-U01 2005-07-07-15.38.38.974814 R37-M1-N6-C:J15-U01 RAS KERNEL INFO 648154560 double-hummer alignment exceptions
- 1120775919 2005.07.07 R37-M1-N6-C:J17-U01 2005-07-07-15.38.39.058526 R37-M1-N6-C:J17-U01 RAS KERNEL INFO 634085376 double-hummer alignment exceptions
- 1120775919 2005.07.07 R37-M1-N6-C:J07-U01 2005-07-07-15.38.39.157248 R37-M1-N6-C:J07-U01 RAS KERNEL INFO 640385328 double-hummer alignment exceptions
- 1120775919 2005.07.07 R37-M1-N6-C:J13-U01 2005-07-07-15.38.39.240534 R37-M1-N6-C:J13-U01 RAS KERNEL INFO 638137536 double-hummer alignment exceptions
- 1120775919 2005.07.07 R37-M1-N6-C:J16-U11 2005-07-07-15.38.39.331693 R37-M1-N6-C:J16-U11 RAS KERNEL INFO 639760416 double-hummer alignment exceptions
- 1120775919 2005.07.07 R37-M1-N6-C:J08-U11 2005-07-07-15.38.39.417950 R37-M1-N6-C:J08-U11 RAS KERNEL INFO 633967440 double-hummer alignment exceptions
- 1120775919 2005.07.07 R37-M1-N6-C:J10-U11 2005-07-07-15.38.39.509641 R37-M1-N6-C:J10-U11 RAS KERNEL INFO 619860480 double-hummer alignment exceptions
- 1120775919 2005.07.07 R37-M1-N6-C:J06-U11 2005-07-07-15.38.39.592972 R37-M1-N6-C:J06-U11 RAS KERNEL INFO 638788416 double-hummer alignment exceptions
- 1120775919 2005.07.07 R37-M1-N6-C:J14-U01 2005-07-07-15.38.39.685261 R37-M1-N6-C:J14-U01 RAS KERNEL INFO 650011728 double-hummer alignment exceptions
- 1120786642 2005.07.07 R22-M1-N4-C:J06-U01 2005-07-07-18.37.22.076121 R22-M1-N4-C:J06-U01 RAS KERNEL INFO generating core.3998
- 1120786642 2005.07.07 R22-M1-N4-C:J02-U11 2005-07-07-18.37.22.181478 R22-M1-N4-C:J02-U11 RAS KERNEL INFO generating core.4031
- 1120786642 2005.07.07 R34-M0-NC-C:J11-U11 2005-07-07-18.37.22.303160 R34-M0-NC-C:J11-U11 RAS KERNEL INFO generating core.3445
- 1120786642 2005.07.07 R34-M0-NC-C:J05-U01 2005-07-07-18.37.22.429021 R34-M0-NC-C:J05-U01 RAS KERNEL INFO generating core.2391
- 1120786642 2005.07.07 R34-M0-NC-C:J03-U11 2005-07-07-18.37.22.537013 R34-M0-NC-C:J03-U11 RAS KERNEL INFO generating core.3447
- 1120786642 2005.07.07 R34-M0-NC-C:J17-U01 2005-07-07-18.37.22.644077 R34-M0-NC-C:J17-U01 RAS KERNEL INFO generating core.2388
- 1120786642 2005.07.07 R34-M0-NC-C:J13-U01 2005-07-07-18.37.22.756163 R34-M0-NC-C:J13-U01 RAS KERNEL INFO generating core.2389
- 1120786642 2005.07.07 R34-M0-NC-C:J08-U11 2005-07-07-18.37.22.864756 R34-M0-NC-C:J08-U11 RAS KERNEL INFO generating core.2358
- 1120786642 2005.07.07 R34-M0-NC-C:J06-U11 2005-07-07-18.37.22.972673 R34-M0-NC-C:J06-U11 RAS KERNEL INFO generating core.3382
- 1120786643 2005.07.07 R34-M0-NC-C:J16-U01 2005-07-07-18.37.23.087840 R34-M0-NC-C:J16-U01 RAS KERNEL INFO generating core.2324
- 1120786643 2005.07.07 R34-M0-NC-C:J08-U01 2005-07-07-18.37.23.200531 R34-M0-NC-C:J08-U01 RAS KERNEL INFO generating core.2326
- 1120786643 2005.07.07 R34-M0-NC-C:J04-U11 2005-07-07-18.37.23.307538 R34-M0-NC-C:J04-U11 RAS KERNEL INFO generating core.2359
- 1120786643 2005.07.07 R30-M0-N4-C:J17-U11 2005-07-07-18.37.23.414549 R30-M0-N4-C:J17-U11 RAS KERNEL INFO generating core.2292
- 1120786643 2005.07.07 R30-M0-N4-C:J15-U01 2005-07-07-18.37.23.521696 R30-M0-N4-C:J15-U01 RAS KERNEL INFO generating core.3284
- 1120786643 2005.07.07 R30-M0-N4-C:J08-U11 2005-07-07-18.37.23.636946 R30-M0-N4-C:J08-U11 RAS KERNEL INFO generating core.2230
- 1120786643 2005.07.07 R30-M0-N4-C:J06-U01 2005-07-07-18.37.23.745782 R30-M0-N4-C:J06-U01 RAS KERNEL INFO generating core.3222
- 1120786643 2005.07.07 R30-M1-N0-C:J13-U01 2005-07-07-18.37.23.854364 R30-M1-N0-C:J13-U01 RAS KERNEL INFO generating core.63701
- 1120786643 2005.07.07 R30-M1-N0-C:J14-U01 2005-07-07-18.37.23.970486 R30-M1-N0-C:J14-U01 RAS KERNEL INFO generating core.64660
- 1120786644 2005.07.07 R30-M1-N0-C:J06-U01 2005-07-07-18.37.24.078000 R30-M1-N0-C:J06-U01 RAS KERNEL INFO generating core.64662
- 1120786644 2005.07.07 R30-M0-NC-C:J15-U11 2005-07-07-18.37.24.188673 R30-M0-NC-C:J15-U11 RAS KERNEL INFO generating core.3188
- 1120786644 2005.07.07 R30-M0-NC-C:J17-U11 2005-07-07-18.37.24.295269 R30-M0-NC-C:J17-U11 RAS KERNEL INFO generating core.2164
- 1120786644 2005.07.07 R30-M0-NC-C:J05-U11 2005-07-07-18.37.24.401618 R30-M0-NC-C:J05-U11 RAS KERNEL INFO generating core.2167
- 1120786644 2005.07.07 R30-M0-NC-C:J15-U01 2005-07-07-18.37.24.520596 R30-M0-NC-C:J15-U01 RAS KERNEL INFO generating core.3156
- 1120786644 2005.07.07 R30-M0-NC-C:J07-U01 2005-07-07-18.37.24.626949 R30-M0-NC-C:J07-U01 RAS KERNEL INFO generating core.3158
- 1120786644 2005.07.07 R30-M0-NC-C:J16-U11 2005-07-07-18.37.24.734196 R30-M0-NC-C:J16-U11 RAS KERNEL INFO generating core.2100
- 1120788442 2005.07.07 R36-M0-NF-C:J15-U01 2005-07-07-19.07.22.784373 R36-M0-NF-C:J15-U01 RAS KERNEL INFO generating core.1616
- 1120788442 2005.07.07 R36-M0-NF-C:J07-U01 2005-07-07-19.07.22.898423 R36-M0-NF-C:J07-U01 RAS KERNEL INFO generating core.1618
- 1120788443 2005.07.07 R36-M0-NF-C:J16-U11 2005-07-07-19.07.23.008163 R36-M0-NF-C:J16-U11 RAS KERNEL INFO generating core.560
- 1120788443 2005.07.07 R36-M0-NF-C:J10-U11 2005-07-07-19.07.23.116263 R36-M0-NF-C:J10-U11 RAS KERNEL INFO generating core.1585
- 1120788443 2005.07.07 R36-M0-NF-C:J14-U01 2005-07-07-19.07.23.224173 R36-M0-NF-C:J14-U01 RAS KERNEL INFO generating core.1552
- 1120788443 2005.07.07 R36-M0-NF-C:J12-U01 2005-07-07-19.07.23.332654 R36-M0-NF-C:J12-U01 RAS KERNEL INFO generating core.529
- 1120788443 2005.07.07 R36-M0-NF-C:J06-U01 2005-07-07-19.07.23.446600 R36-M0-NF-C:J06-U01 RAS KERNEL INFO generating core.1554
- 1120788443 2005.07.07 R36-M0-NF-C:J02-U11 2005-07-07-19.07.23.566936 R36-M0-NF-C:J02-U11 RAS KERNEL INFO generating core.1587
- 1120788443 2005.07.07 R36-M0-NB-C:J17-U11 2005-07-07-19.07.23.674726 R36-M0-NB-C:J17-U11 RAS KERNEL INFO generating core.4720
- 1120788443 2005.07.07 R36-M0-NB-C:J17-U01 2005-07-07-19.07.23.782155 R36-M0-NB-C:J17-U01 RAS KERNEL INFO generating core.4688
- 1120788443 2005.07.07 R36-M0-NB-C:J16-U11 2005-07-07-19.07.23.890589 R36-M0-NB-C:J16-U11 RAS KERNEL INFO generating core.4656
- 1120788444 2005.07.07 R36-M0-NB-C:J16-U01 2005-07-07-19.07.24.035750 R36-M0-NB-C:J16-U01 RAS KERNEL INFO generating core.4624
- 1120788444 2005.07.07 R36-M0-NB-C:J04-U01 2005-07-07-19.07.24.145168 R36-M0-NB-C:J04-U01 RAS KERNEL INFO generating core.4627
- 1120788444 2005.07.07 R36-M1-N3-C:J15-U11 2005-07-07-19.07.24.255955 R36-M1-N3-C:J15-U11 RAS KERNEL INFO generating core.63216
- 1120788444 2005.07.07 R36-M1-N3-C:J17-U11 2005-07-07-19.07.24.365394 R36-M1-N3-C:J17-U11 RAS KERNEL INFO generating core.62192
- 1120788444 2005.07.07 R36-M1-N3-C:J05-U11 2005-07-07-19.07.24.474490 R36-M1-N3-C:J05-U11 RAS KERNEL INFO generating core.62195
- 1120788444 2005.07.07 R36-M1-N3-C:J15-U01 2005-07-07-19.07.24.597843 R36-M1-N3-C:J15-U01 RAS KERNEL INFO generating core.63184
- 1120788444 2005.07.07 R36-M1-N3-C:J07-U01 2005-07-07-19.07.24.706451 R36-M1-N3-C:J07-U01 RAS KERNEL INFO generating core.63186
- 1120788444 2005.07.07 R36-M1-N3-C:J16-U11 2005-07-07-19.07.24.816253 R36-M1-N3-C:J16-U11 RAS KERNEL INFO generating core.62128
- 1120788444 2005.07.07 R36-M1-N3-C:J10-U11 2005-07-07-19.07.24.924241 R36-M1-N3-C:J10-U11 RAS KERNEL INFO generating core.63153
- 1120788445 2005.07.07 R36-M1-N3-C:J14-U01 2005-07-07-19.07.25.032546 R36-M1-N3-C:J14-U01 RAS KERNEL INFO generating core.63120
- 1120788445 2005.07.07 R36-M1-N3-C:J12-U01 2005-07-07-19.07.25.140604 R36-M1-N3-C:J12-U01 RAS KERNEL INFO generating core.62097
- 1120788445 2005.07.07 R36-M1-N3-C:J06-U01 2005-07-07-19.07.25.256038 R36-M1-N3-C:J06-U01 RAS KERNEL INFO generating core.63122
- 1120788445 2005.07.07 R36-M1-N3-C:J02-U11 2005-07-07-19.07.25.364130 R36-M1-N3-C:J02-U11 RAS KERNEL INFO generating core.63155
- 1120788445 2005.07.07 R36-M1-NE-C:J11-U11 2005-07-07-19.07.25.473752 R36-M1-NE-C:J11-U11 RAS KERNEL INFO generating core.58997
- 1120917266 2005.07.09 R10-M0-NE-C:J15-U11 2005-07-09-06.54.26.892316 R10-M0-NE-C:J15-U11 RAS KERNEL INFO generating core.14620
- 1120917266 2005.07.09 R10-M0-NE-C:J13-U11 2005-07-09-06.54.26.949539 R10-M0-NE-C:J13-U11 RAS KERNEL INFO generating core.6173
- 1120917267 2005.07.09 R10-M0-NE-C:J17-U11 2005-07-09-06.54.27.007396 R10-M0-NE-C:J17-U11 RAS KERNEL INFO generating core.14364
- 1120917267 2005.07.09 R10-M0-NE-C:J03-U01 2005-07-09-06.54.27.064415 R10-M0-NE-C:J03-U01 RAS KERNEL INFO generating core.6423
- 1120917267 2005.07.09 R10-M0-NE-C:J05-U11 2005-07-09-06.54.27.111970 R10-M0-NE-C:J05-U11 RAS KERNEL INFO generating core.14367
- 1120917267 2005.07.09 R10-M0-NE-C:J07-U11 2005-07-09-06.54.27.168059 R10-M0-NE-C:J07-U11 RAS KERNEL INFO generating core.6430
- 1120917267 2005.07.09 R10-M0-NE-C:J15-U01 2005-07-09-06.54.27.215861 R10-M0-NE-C:J15-U01 RAS KERNEL INFO generating core.14612
- 1120917267 2005.07.09 R10-M0-NE-C:J11-U01 2005-07-09-06.54.27.274183 R10-M0-NE-C:J11-U01 RAS KERNEL INFO generating core.6421
- 1120917267 2005.07.09 R10-M0-NE-C:J07-U01 2005-07-09-06.54.27.326392 R10-M0-NE-C:J07-U01 RAS KERNEL INFO generating core.14614
- 1120917267 2005.07.09 R10-M0-NE-C:J09-U01 2005-07-09-06.54.27.382659 R10-M0-NE-C:J09-U01 RAS KERNEL INFO generating core.6166
- 1120917267 2005.07.09 R10-M0-NE-C:J16-U11 2005-07-09-06.54.27.430939 R10-M0-NE-C:J16-U11 RAS KERNEL INFO generating core.14348
- 1120917267 2005.07.09 R10-M0-NE-C:J14-U11 2005-07-09-06.54.27.493391 R10-M0-NE-C:J14-U11 RAS KERNEL INFO generating core.6412
- 1120917267 2005.07.09 R10-M0-NE-C:J10-U11 2005-07-09-06.54.27.543844 R10-M0-NE-C:J10-U11 RAS KERNEL INFO generating core.14605
- 1120917267 2005.07.09 R10-M0-NE-C:J12-U11 2005-07-09-06.54.27.603069 R10-M0-NE-C:J12-U11 RAS KERNEL INFO generating core.6157
- 1120917267 2005.07.09 R10-M0-NE-C:J14-U01 2005-07-09-06.54.27.650841 R10-M0-NE-C:J14-U01 RAS KERNEL INFO generating core.14596
- 1120917267 2005.07.09 R10-M0-NE-C:J10-U01 2005-07-09-06.54.27.707360 R10-M0-NE-C:J10-U01 RAS KERNEL INFO generating core.6405
- 1120917267 2005.07.09 R10-M0-NE-C:J12-U01 2005-07-09-06.54.27.756883 R10-M0-NE-C:J12-U01 RAS KERNEL INFO generating core.14341
- 1120917267 2005.07.09 R10-M0-NE-C:J04-U01 2005-07-09-06.54.27.814073 R10-M0-NE-C:J04-U01 RAS KERNEL INFO generating core.6151
- 1120917267 2005.07.09 R10-M0-NE-C:J06-U01 2005-07-09-06.54.27.875430 R10-M0-NE-C:J06-U01 RAS KERNEL INFO generating core.14598
- 1120917267 2005.07.09 R10-M0-NE-C:J02-U01 2005-07-09-06.54.27.932082 R10-M0-NE-C:J02-U01 RAS KERNEL INFO generating core.6407
- 1120917267 2005.07.09 R10-M0-NE-C:J02-U11 2005-07-09-06.54.27.981316 R10-M0-NE-C:J02-U11 RAS KERNEL INFO generating core.14607
- 1120917268 2005.07.09 R10-M1-NA-C:J11-U11 2005-07-09-06.54.28.055037 R10-M1-NA-C:J11-U11 RAS KERNEL INFO generating core.9501
- 1120917268 2005.07.09 R10-M1-NA-C:J05-U01 2005-07-09-06.54.28.123527 R10-M1-NA-C:J05-U01 RAS KERNEL INFO generating core.9239
- 1120917268 2005.07.09 R10-M1-NA-C:J03-U11 2005-07-09-06.54.28.263470 R10-M1-NA-C:J03-U11 RAS KERNEL INFO generating core.9503
- 1120917268 2005.07.09 R10-M1-NA-C:J17-U01 2005-07-09-06.54.28.337049 R10-M1-NA-C:J17-U01 RAS KERNEL INFO generating core.9236
- 1120923639 2005.07.09 R25-M0-NA-C:J03-U01 2005-07-09-08.40.39.382827 R25-M0-NA-C:J03-U01 RAS KERNEL INFO generating core.10927
- 1120923639 2005.07.09 R25-M0-NA-C:J07-U11 2005-07-09-08.40.39.478125 R25-M0-NA-C:J07-U11 RAS KERNEL INFO generating core.10942
- 1120923639 2005.07.09 R25-M0-NA-C:J11-U01 2005-07-09-08.40.39.555854 R25-M0-NA-C:J11-U01 RAS KERNEL INFO generating core.10925
- 1120923639 2005.07.09 R25-M0-NA-C:J09-U01 2005-07-09-08.40.39.636768 R25-M0-NA-C:J09-U01 RAS KERNEL INFO generating core.10414
- 1120923639 2005.07.09 R25-M0-NA-C:J14-U11 2005-07-09-08.40.39.714837 R25-M0-NA-C:J14-U11 RAS KERNEL INFO generating core.10908
- 1120923639 2005.07.09 R25-M0-NA-C:J12-U11 2005-07-09-08.40.39.792679 R25-M0-NA-C:J12-U11 RAS KERNEL INFO generating core.10397
- 1120923639 2005.07.09 R25-M0-NA-C:J10-U01 2005-07-09-08.40.39.870438 R25-M0-NA-C:J10-U01 RAS KERNEL INFO generating core.10893
- 1120923639 2005.07.09 R25-M0-NA-C:J04-U01 2005-07-09-08.40.39.947650 R25-M0-NA-C:J04-U01 RAS KERNEL INFO generating core.10383
- 1120923640 2005.07.09 R25-M0-NA-C:J02-U01 2005-07-09-08.40.40.030086 R25-M0-NA-C:J02-U01 RAS KERNEL INFO generating core.10895
- 1120923640 2005.07.09 R35-M1-N0-C:J15-U11 2005-07-09-08.40.40.111265 R35-M1-N0-C:J15-U11 RAS KERNEL INFO generating core.12020
- 1120923640 2005.07.09 R35-M1-N0-C:J17-U11 2005-07-09-08.40.40.193611 R35-M1-N0-C:J17-U11 RAS KERNEL INFO generating core.11508
- 1120923640 2005.07.09 R35-M1-N0-C:J05-U11 2005-07-09-08.40.40.276632 R35-M1-N0-C:J05-U11 RAS KERNEL INFO generating core.11511
- 1120923640 2005.07.09 R35-M1-N0-C:J15-U01 2005-07-09-08.40.40.359617 R35-M1-N0-C:J15-U01 RAS KERNEL INFO generating core.12004
- 1120923640 2005.07.09 R35-M1-N0-C:J07-U01 2005-07-09-08.40.40.442644 R35-M1-N0-C:J07-U01 RAS KERNEL INFO generating core.12006
- 1120923640 2005.07.09 R35-M1-N0-C:J16-U11 2005-07-09-08.40.40.529551 R35-M1-N0-C:J16-U11 RAS KERNEL INFO generating core.11476
- 1120923640 2005.07.09 R35-M1-N0-C:J10-U11 2005-07-09-08.40.40.612240 R35-M1-N0-C:J10-U11 RAS KERNEL INFO generating core.11989
- 1120923640 2005.07.09 R35-M1-N0-C:J14-U01 2005-07-09-08.40.40.695590 R35-M1-N0-C:J14-U01 RAS KERNEL INFO generating core.11972
- 1120923640 2005.07.09 R35-M1-N0-C:J12-U01 2005-07-09-08.40.40.778609 R35-M1-N0-C:J12-U01 RAS KERNEL INFO generating core.11461
- 1120923640 2005.07.09 R35-M1-N0-C:J06-U01 2005-07-09-08.40.40.862350 R35-M1-N0-C:J06-U01 RAS KERNEL INFO generating core.11974
- 1120923640 2005.07.09 R35-M1-N0-C:J02-U11 2005-07-09-08.40.40.966316 R35-M1-N0-C:J02-U11 RAS KERNEL INFO generating core.11991
- 1120923641 2005.07.09 R36-M1-NC-C:J11-U11 2005-07-09-08.40.41.052360 R36-M1-NC-C:J11-U11 RAS KERNEL INFO generating core.14133
- 1120923641 2005.07.09 R36-M1-NC-C:J05-U01 2005-07-09-08.40.41.136486 R36-M1-NC-C:J05-U01 RAS KERNEL INFO generating core.13607
- 1120923641 2005.07.09 R36-M1-NC-C:J03-U11 2005-07-09-08.40.41.220449 R36-M1-NC-C:J03-U11 RAS KERNEL INFO generating core.14135
- 1120923641 2005.07.09 R36-M1-NC-C:J17-U01 2005-07-09-08.40.41.304939 R36-M1-NC-C:J17-U01 RAS KERNEL INFO generating core.13604
- 1120923641 2005.07.09 R36-M1-NC-C:J13-U01 2005-07-09-08.40.41.402353 R36-M1-NC-C:J13-U01 RAS KERNEL INFO generating core.13605
- 1120928176 2005.07.09 R33-M1-ND-C:J10-U01 2005-07-09-09.56.16.327939 R33-M1-ND-C:J10-U01 RAS KERNEL INFO generating core.10113
- 1120928176 2005.07.09 R33-M1-ND-C:J04-U01 2005-07-09-09.56.16.415706 R33-M1-ND-C:J04-U01 RAS KERNEL INFO generating core.9603
- 1120928176 2005.07.09 R33-M1-ND-C:J02-U01 2005-07-09-09.56.16.499686 R33-M1-ND-C:J02-U01 RAS KERNEL INFO generating core.10115
- 1120928176 2005.07.09 R33-M1-NB-C:J15-U11 2005-07-09-09.56.16.583543 R33-M1-NB-C:J15-U11 RAS KERNEL INFO generating core.11184
- 1120928176 2005.07.09 R33-M1-NB-C:J17-U11 2005-07-09-09.56.16.674503 R33-M1-NB-C:J17-U11 RAS KERNEL INFO generating core.10672
- 1120928176 2005.07.09 R33-M1-NB-C:J05-U11 2005-07-09-09.56.16.756754 R33-M1-NB-C:J05-U11 RAS KERNEL INFO generating core.10675
- 1120928176 2005.07.09 R33-M1-NB-C:J15-U01 2005-07-09-09.56.16.839160 R33-M1-NB-C:J15-U01 RAS KERNEL INFO generating core.11168
- 1120928176 2005.07.09 R33-M1-NB-C:J07-U01 2005-07-09-09.56.16.922224 R33-M1-NB-C:J07-U01 RAS KERNEL INFO generating core.11170
- 1120928177 2005.07.09 R33-M1-NB-C:J16-U11 2005-07-09-09.56.17.004916 R33-M1-NB-C:J16-U11 RAS KERNEL INFO generating core.10640
- 1120928177 2005.07.09 R33-M1-NB-C:J10-U11 2005-07-09-09.56.17.107450 R33-M1-NB-C:J10-U11 RAS KERNEL INFO generating core.11153
- 1120928177 2005.07.09 R33-M1-NB-C:J14-U01 2005-07-09-09.56.17.189871 R33-M1-NB-C:J14-U01 RAS KERNEL INFO generating core.11136
- 1120928177 2005.07.09 R33-M1-NB-C:J12-U01 2005-07-09-09.56.17.272338 R33-M1-NB-C:J12-U01 RAS KERNEL INFO generating core.10625
- 1120928177 2005.07.09 R33-M1-NB-C:J06-U01 2005-07-09-09.56.17.355847 R33-M1-NB-C:J06-U01 RAS KERNEL INFO generating core.11138
- 1120928177 2005.07.09 R33-M1-NB-C:J02-U11 2005-07-09-09.56.17.438317 R33-M1-NB-C:J02-U11 RAS KERNEL INFO generating core.11155
- 1120928177 2005.07.09 R33-M1-NE-C:J11-U11 2005-07-09-09.56.17.522663 R33-M1-NE-C:J11-U11 RAS KERNEL INFO generating core.9141
- 1120928177 2005.07.09 R33-M1-NE-C:J05-U01 2005-07-09-09.56.17.613069 R33-M1-NE-C:J05-U01 RAS KERNEL INFO generating core.8615
- 1120928177 2005.07.09 R33-M1-NE-C:J03-U11 2005-07-09-09.56.17.697579 R33-M1-NE-C:J03-U11 RAS KERNEL INFO generating core.9143
- 1120928177 2005.07.09 R33-M1-NE-C:J17-U01 2005-07-09-09.56.17.782552 R33-M1-NE-C:J17-U01 RAS KERNEL INFO generating core.8612
- 1120928177 2005.07.09 R33-M1-NE-C:J13-U01 2005-07-09-09.56.17.869348 R33-M1-NE-C:J13-U01 RAS KERNEL INFO generating core.8613
- 1120928177 2005.07.09 R33-M1-NE-C:J08-U11 2005-07-09-09.56.17.954839 R33-M1-NE-C:J08-U11 RAS KERNEL INFO generating core.8598
- 1120928178 2005.07.09 R33-M1-NE-C:J06-U11 2005-07-09-09.56.18.052424 R33-M1-NE-C:J06-U11 RAS KERNEL INFO generating core.9110
- 1120928178 2005.07.09 R33-M1-NE-C:J16-U01 2005-07-09-09.56.18.134757 R33-M1-NE-C:J16-U01 RAS KERNEL INFO generating core.8580
- 1120928178 2005.07.09 R33-M1-NE-C:J08-U01 2005-07-09-09.56.18.217742 R33-M1-NE-C:J08-U01 RAS KERNEL INFO generating core.8582
- 1120928178 2005.07.09 R33-M1-NE-C:J04-U11 2005-07-09-09.56.18.300261 R33-M1-NE-C:J04-U11 RAS KERNEL INFO generating core.8599
- 1120928178 2005.07.09 R27-M0-N5-C:J09-U11 2005-07-09-09.56.18.382001 R27-M0-N5-C:J09-U11 RAS KERNEL INFO generating core.9594
- 1120929188 2005.07.09 R16-M0-NE-C:J17-U01 2005-07-09-10.13.08.591491 R16-M0-NE-C:J17-U01 RAS KERNEL INFO generating core.14484
- 1120929188 2005.07.09 R16-M0-NE-C:J13-U01 2005-07-09-10.13.08.662076 R16-M0-NE-C:J13-U01 RAS KERNEL INFO generating core.14485
- 1120929188 2005.07.09 R16-M0-NE-C:J08-U11 2005-07-09-10.13.08.732589 R16-M0-NE-C:J08-U11 RAS KERNEL INFO generating core.14478
- 1120929188 2005.07.09 R16-M0-NE-C:J06-U11 2005-07-09-10.13.08.803128 R16-M0-NE-C:J06-U11 RAS KERNEL INFO generating core.14734
- 1120929188 2005.07.09 R16-M0-NE-C:J16-U01 2005-07-09-10.13.08.874037 R16-M0-NE-C:J16-U01 RAS KERNEL INFO generating core.14468
- 1120929188 2005.07.09 R16-M0-NE-C:J08-U01 2005-07-09-10.13.08.944612 R16-M0-NE-C:J08-U01 RAS KERNEL INFO generating core.14470
- 1120929189 2005.07.09 R16-M0-NE-C:J04-U11 2005-07-09-10.13.09.017009 R16-M0-NE-C:J04-U11 RAS KERNEL INFO generating core.14479
- 1120929189 2005.07.09 R16-M0-NB-C:J09-U11 2005-07-09-10.13.09.098054 R16-M0-NB-C:J09-U11 RAS KERNEL INFO generating core.7322
- 1120929189 2005.07.09 R16-M0-NB-C:J15-U11 2005-07-09-10.13.09.149292 R16-M0-NB-C:J15-U11 RAS KERNEL INFO generating core.15768
- 1120929189 2005.07.09 R16-M0-NB-C:J13-U11 2005-07-09-10.13.09.208145 R16-M0-NB-C:J13-U11 RAS KERNEL INFO generating core.7321
- 1120929189 2005.07.09 R16-M0-NB-C:J17-U11 2005-07-09-10.13.09.259943 R16-M0-NB-C:J17-U11 RAS KERNEL INFO generating core.15512
- 1120929189 2005.07.09 R16-M0-NB-C:J03-U01 2005-07-09-10.13.09.343148 R16-M0-NB-C:J03-U01 RAS KERNEL INFO generating core.7571
- 1120929189 2005.07.09 R16-M0-NB-C:J05-U11 2005-07-09-10.13.09.393708 R16-M0-NB-C:J05-U11 RAS KERNEL INFO generating core.15515
- 1120929189 2005.07.09 R16-M0-NB-C:J07-U11 2005-07-09-10.13.09.453025 R16-M0-NB-C:J07-U11 RAS KERNEL INFO generating core.7578
- 1120929189 2005.07.09 R16-M0-NB-C:J15-U01 2005-07-09-10.13.09.504703 R16-M0-NB-C:J15-U01 RAS KERNEL INFO generating core.15760
- 1120929189 2005.07.09 R16-M0-NB-C:J11-U01 2005-07-09-10.13.09.564017 R16-M0-NB-C:J11-U01 RAS KERNEL INFO generating core.7569
- 1120929189 2005.07.09 R16-M0-NB-C:J07-U01 2005-07-09-10.13.09.631278 R16-M0-NB-C:J07-U01 RAS KERNEL INFO generating core.15762
- 1120929189 2005.07.09 R16-M0-NB-C:J09-U01 2005-07-09-10.13.09.691061 R16-M0-NB-C:J09-U01 RAS KERNEL INFO generating core.7314
- 1120929189 2005.07.09 R16-M0-NB-C:J16-U11 2005-07-09-10.13.09.742222 R16-M0-NB-C:J16-U11 RAS KERNEL INFO generating core.15496
- 1120929189 2005.07.09 R16-M0-NB-C:J14-U11 2005-07-09-10.13.09.800796 R16-M0-NB-C:J14-U11 RAS KERNEL INFO generating core.7560
- 1120929189 2005.07.09 R16-M0-NB-C:J10-U11 2005-07-09-10.13.09.851569 R16-M0-NB-C:J10-U11 RAS KERNEL INFO generating core.15753
- 1120929189 2005.07.09 R16-M0-NB-C:J12-U11 2005-07-09-10.13.09.911335 R16-M0-NB-C:J12-U11 RAS KERNEL INFO generating core.7305
- 1120929189 2005.07.09 R16-M0-NB-C:J14-U01 2005-07-09-10.13.09.967092 R16-M0-NB-C:J14-U01 RAS KERNEL INFO generating core.15744
- 1120929190 2005.07.09 R16-M0-NB-C:J10-U01 2005-07-09-10.13.10.025698 R16-M0-NB-C:J10-U01 RAS KERNEL INFO generating core.7553
- 1120929190 2005.07.09 R16-M0-NB-C:J12-U01 2005-07-09-10.13.10.076599 R16-M0-NB-C:J12-U01 RAS KERNEL INFO generating core.15489
- 1120931378 2005.07.09 R26-M1-N9-C:J08-U11 2005-07-09-10.49.38.919885 R26-M1-N9-C:J08-U11 RAS KERNEL INFO generating core.6714
- 1120931379 2005.07.09 R26-M1-N9-C:J14-U11 2005-07-09-10.49.39.007155 R26-M1-N9-C:J14-U11 RAS KERNEL INFO generating core.40504
- 1120931379 2005.07.09 R26-M1-N9-C:J06-U11 2005-07-09-10.49.39.109338 R26-M1-N9-C:J06-U11 RAS KERNEL INFO generating core.7738
- 1120931379 2005.07.09 R26-M1-N9-C:J12-U11 2005-07-09-10.49.39.196038 R26-M1-N9-C:J12-U11 RAS KERNEL INFO generating core.39481
- 1120931379 2005.07.09 R26-M1-N9-C:J16-U01 2005-07-09-10.49.39.290687 R26-M1-N9-C:J16-U01 RAS KERNEL INFO generating core.6680
- 1120931379 2005.07.09 R26-M1-N9-C:J10-U01 2005-07-09-10.49.39.378627 R26-M1-N9-C:J10-U01 RAS KERNEL INFO generating core.40473
- 1120931379 2005.07.09 R26-M1-N9-C:J08-U01 2005-07-09-10.49.39.479084 R26-M1-N9-C:J08-U01 RAS KERNEL INFO generating core.6682
- 1120931379 2005.07.09 R26-M1-N9-C:J04-U01 2005-07-09-10.49.39.570713 R26-M1-N9-C:J04-U01 RAS KERNEL INFO generating core.39451
- 1120931379 2005.07.09 R26-M1-N9-C:J04-U11 2005-07-09-10.49.39.745352 R26-M1-N9-C:J04-U11 RAS KERNEL INFO generating core.6715
- 1120931379 2005.07.09 R26-M1-N9-C:J02-U01 2005-07-09-10.49.39.833364 R26-M1-N9-C:J02-U01 RAS KERNEL INFO generating core.40475
- 1120931379 2005.07.09 R26-M1-NF-C:J09-U11 2005-07-09-10.49.39.929050 R26-M1-NF-C:J09-U11 RAS KERNEL INFO generating core.634
- 1120931380 2005.07.09 R26-M1-NF-C:J15-U11 2005-07-09-10.49.40.016891 R26-M1-NF-C:J15-U11 RAS KERNEL INFO generating core.34424
- 1120931380 2005.07.09 R26-M1-NF-C:J13-U11 2005-07-09-10.49.40.113490 R26-M1-NF-C:J13-U11 RAS KERNEL INFO generating core.633
- 1120931380 2005.07.09 R26-M1-NF-C:J17-U11 2005-07-09-10.49.40.200380 R26-M1-NF-C:J17-U11 RAS KERNEL INFO generating core.33400
- 1120931380 2005.07.09 R26-M1-NF-C:J03-U01 2005-07-09-10.49.40.295300 R26-M1-NF-C:J03-U01 RAS KERNEL INFO generating core.1627
- 1120931380 2005.07.09 R26-M1-NF-C:J05-U11 2005-07-09-10.49.40.382321 R26-M1-NF-C:J05-U11 RAS KERNEL INFO generating core.33403
- 1120931380 2005.07.09 R26-M1-NF-C:J07-U11 2005-07-09-10.49.40.477664 R26-M1-NF-C:J07-U11 RAS KERNEL INFO generating core.1658
- 1120931380 2005.07.09 R26-M1-NF-C:J15-U01 2005-07-09-10.49.40.564283 R26-M1-NF-C:J15-U01 RAS KERNEL INFO generating core.34392
- 1120931380 2005.07.09 R26-M1-NF-C:J11-U01 2005-07-09-10.49.40.665978 R26-M1-NF-C:J11-U01 RAS KERNEL INFO generating core.1625
- 1120931380 2005.07.09 R26-M1-NF-C:J07-U01 2005-07-09-10.49.40.752828 R26-M1-NF-C:J07-U01 RAS KERNEL INFO generating core.34394
- 1120931380 2005.07.09 R26-M1-NF-C:J09-U01 2005-07-09-10.49.40.849881 R26-M1-NF-C:J09-U01 RAS KERNEL INFO generating core.602
- 1120931380 2005.07.09 R26-M1-NF-C:J16-U11 2005-07-09-10.49.40.938928 R26-M1-NF-C:J16-U11 RAS KERNEL INFO generating core.33336
- 1120931381 2005.07.09 R26-M1-NF-C:J14-U11 2005-07-09-10.49.41.035671 R26-M1-NF-C:J14-U11 RAS KERNEL INFO generating core.1592
- 1120931381 2005.07.09 R26-M1-NF-C:J10-U11 2005-07-09-10.49.41.163846 R26-M1-NF-C:J10-U11 RAS KERNEL INFO generating core.34361
- 1120931381 2005.07.09 R26-M1-NF-C:J12-U11 2005-07-09-10.49.41.258289 R26-M1-NF-C:J12-U11 RAS KERNEL INFO generating core.569
- 1120932636 2005.07.09 R36-M1-N1-C:J12-U11 2005-07-09-11.10.36.146955 R36-M1-N1-C:J12-U11 RAS KERNEL INFO generating core.64177
- 1120932636 2005.07.09 R36-M1-N1-C:J16-U01 2005-07-09-11.10.36.242630 R36-M1-N1-C:J16-U01 RAS KERNEL INFO generating core.31376
- 1120932636 2005.07.09 R36-M1-N1-C:J10-U01 2005-07-09-11.10.36.329822 R36-M1-N1-C:J10-U01 RAS KERNEL INFO generating core.65169
- 1120932636 2005.07.09 R36-M1-N1-C:J08-U01 2005-07-09-11.10.36.431602 R36-M1-N1-C:J08-U01 RAS KERNEL INFO generating core.31378
- 1120932636 2005.07.09 R36-M1-N1-C:J04-U01 2005-07-09-11.10.36.520596 R36-M1-N1-C:J04-U01 RAS KERNEL INFO generating core.64147
- 1120932636 2005.07.09 R36-M1-N1-C:J04-U11 2005-07-09-11.10.36.617230 R36-M1-N1-C:J04-U11 RAS KERNEL INFO generating core.31411
- 1120932636 2005.07.09 R36-M1-N1-C:J02-U01 2005-07-09-11.10.36.704461 R36-M1-N1-C:J02-U01 RAS KERNEL INFO generating core.65171
- 1120932636 2005.07.09 R37-M0-N1-C:J09-U11 2005-07-09-11.10.36.800559 R37-M0-N1-C:J09-U11 RAS KERNEL INFO generating core.15090
- 1120932636 2005.07.09 R37-M0-N1-C:J15-U11 2005-07-09-11.10.36.888310 R37-M0-N1-C:J15-U11 RAS KERNEL INFO generating core.48880
- 1120932636 2005.07.09 R37-M0-N1-C:J13-U11 2005-07-09-11.10.36.989346 R37-M0-N1-C:J13-U11 RAS KERNEL INFO generating core.15089
- 1120932637 2005.07.09 R37-M0-N1-C:J17-U11 2005-07-09-11.10.37.077326 R37-M0-N1-C:J17-U11 RAS KERNEL INFO generating core.47856
- 1120932637 2005.07.09 R37-M0-N1-C:J03-U01 2005-07-09-11.10.37.173587 R37-M0-N1-C:J03-U01 RAS KERNEL INFO generating core.16083
- 1120932637 2005.07.09 R37-M0-N1-C:J05-U11 2005-07-09-11.10.37.260720 R37-M0-N1-C:J05-U11 RAS KERNEL INFO generating core.47859
- 1120932637 2005.07.09 R37-M0-N1-C:J07-U11 2005-07-09-11.10.37.356662 R37-M0-N1-C:J07-U11 RAS KERNEL INFO generating core.16114
- 1120932637 2005.07.09 R37-M0-N1-C:J15-U01 2005-07-09-11.10.37.450763 R37-M0-N1-C:J15-U01 RAS KERNEL INFO generating core.48848
- 1120932637 2005.07.09 R37-M0-N1-C:J11-U01 2005-07-09-11.10.37.546530 R37-M0-N1-C:J11-U01 RAS KERNEL INFO generating core.16081
- 1120932637 2005.07.09 R37-M0-N1-C:J07-U01 2005-07-09-11.10.37.633713 R37-M0-N1-C:J07-U01 RAS KERNEL INFO generating core.48850
- 1120932637 2005.07.09 R37-M0-N1-C:J09-U01 2005-07-09-11.10.37.739037 R37-M0-N1-C:J09-U01 RAS KERNEL INFO generating core.15058
- 1120932637 2005.07.09 R37-M0-N1-C:J16-U11 2005-07-09-11.10.37.826703 R37-M0-N1-C:J16-U11 RAS KERNEL INFO generating core.47792
- 1120932637 2005.07.09 R37-M0-N1-C:J14-U11 2005-07-09-11.10.37.933038 R37-M0-N1-C:J14-U11 RAS KERNEL INFO generating core.16048
- 1120932638 2005.07.09 R37-M0-N1-C:J10-U11 2005-07-09-11.10.38.020244 R37-M0-N1-C:J10-U11 RAS KERNEL INFO generating core.48817
- 1120932638 2005.07.09 R37-M0-N1-C:J12-U11 2005-07-09-11.10.38.116095 R37-M0-N1-C:J12-U11 RAS KERNEL INFO generating core.15025
- 1120932638 2005.07.09 R37-M0-N1-C:J14-U01 2005-07-09-11.10.38.204157 R37-M0-N1-C:J14-U01 RAS KERNEL INFO generating core.48784
- 1120932638 2005.07.09 R37-M0-N1-C:J10-U01 2005-07-09-11.10.38.300456 R37-M0-N1-C:J10-U01 RAS KERNEL INFO generating core.16017
- 1120932638 2005.07.09 R37-M0-N1-C:J12-U01 2005-07-09-11.10.38.387557 R37-M0-N1-C:J12-U01 RAS KERNEL INFO generating core.47761
- 1120933801 2005.07.09 R33-M1-N5-C:J05-U01 2005-07-09-11.30.01.902011 R33-M1-N5-C:J05-U01 RAS KERNEL INFO generating core.52179
- 1120933802 2005.07.09 R33-M1-N5-C:J05-U11 2005-07-09-11.30.02.007704 R33-M1-N5-C:J05-U11 RAS KERNEL INFO generating core.19443
- 1120933802 2005.07.09 R33-M1-N5-C:J03-U11 2005-07-09-11.30.02.094492 R33-M1-N5-C:J03-U11 RAS KERNEL INFO generating core.53235
- 1120933802 2005.07.09 R33-M1-N5-C:J15-U01 2005-07-09-11.30.02.190173 R33-M1-N5-C:J15-U01 RAS KERNEL INFO generating core.20432
- 1120933802 2005.07.09 R33-M1-N5-C:J17-U01 2005-07-09-11.30.02.276931 R33-M1-N5-C:J17-U01 RAS KERNEL INFO generating core.52176
- 1120933802 2005.07.09 R33-M1-N5-C:J07-U01 2005-07-09-11.30.02.377656 R33-M1-N5-C:J07-U01 RAS KERNEL INFO generating core.20434
- 1120933802 2005.07.09 R33-M1-N5-C:J13-U01 2005-07-09-11.30.02.465888 R33-M1-N5-C:J13-U01 RAS KERNEL INFO generating core.52177
- 1120933802 2005.07.09 R33-M1-N5-C:J08-U11 2005-07-09-11.30.02.560613 R33-M1-N5-C:J08-U11 RAS KERNEL INFO generating core.19378
- 1120933802 2005.07.09 R33-M1-N5-C:J14-U11 2005-07-09-11.30.02.647930 R33-M1-N5-C:J14-U11 RAS KERNEL INFO generating core.53168
- 1120933802 2005.07.09 R33-M1-N5-C:J06-U11 2005-07-09-11.30.02.754513 R33-M1-N5-C:J06-U11 RAS KERNEL INFO generating core.20402
- 1120933802 2005.07.09 R33-M1-N5-C:J14-U01 2005-07-09-11.30.02.846667 R33-M1-N5-C:J14-U01 RAS KERNEL INFO generating core.53136
- 1120933802 2005.07.09 R33-M1-N5-C:J10-U01 2005-07-09-11.30.02.943424 R33-M1-N5-C:J10-U01 RAS KERNEL INFO generating core.20369
- 1120933803 2005.07.09 R33-M1-N5-C:J12-U01 2005-07-09-11.30.03.031482 R33-M1-N5-C:J12-U01 RAS KERNEL INFO generating core.52113
- 1120933803 2005.07.09 R33-M1-N5-C:J04-U11 2005-07-09-11.30.03.127154 R33-M1-N5-C:J04-U11 RAS KERNEL INFO generating core.19379
- 1120933803 2005.07.09 R33-M1-N5-C:J02-U01 2005-07-09-11.30.03.214349 R33-M1-N5-C:J02-U01 RAS KERNEL INFO generating core.53139
- 1120933803 2005.07.09 R33-M0-ND-C:J09-U11 2005-07-09-11.30.03.309325 R33-M0-ND-C:J09-U11 RAS KERNEL INFO generating core.11122
- 1120933803 2005.07.09 R33-M0-ND-C:J15-U11 2005-07-09-11.30.03.410341 R33-M0-ND-C:J15-U11 RAS KERNEL INFO generating core.44912
- 1120933803 2005.07.09 R33-M0-ND-C:J13-U11 2005-07-09-11.30.03.505550 R33-M0-ND-C:J13-U11 RAS KERNEL INFO generating core.11121
- 1120933803 2005.07.09 R33-M0-ND-C:J17-U11 2005-07-09-11.30.03.592260 R33-M0-ND-C:J17-U11 RAS KERNEL INFO generating core.43888
- 1120933803 2005.07.09 R33-M0-ND-C:J03-U01 2005-07-09-11.30.03.688004 R33-M0-ND-C:J03-U01 RAS KERNEL INFO generating core.12115
- 1120933803 2005.07.09 R33-M0-ND-C:J05-U11 2005-07-09-11.30.03.779683 R33-M0-ND-C:J05-U11 RAS KERNEL INFO generating core.43891
- 1120933803 2005.07.09 R33-M0-ND-C:J07-U11 2005-07-09-11.30.03.879360 R33-M0-ND-C:J07-U11 RAS KERNEL INFO generating core.12146
- 1120933803 2005.07.09 R33-M0-ND-C:J15-U01 2005-07-09-11.30.03.965705 R33-M0-ND-C:J15-U01 RAS KERNEL INFO generating core.44880
- 1120933804 2005.07.09 R33-M0-ND-C:J11-U01 2005-07-09-11.30.04.060785 R33-M0-ND-C:J11-U01 RAS KERNEL INFO generating core.12113
- 1120933804 2005.07.09 R33-M0-ND-C:J07-U01 2005-07-09-11.30.04.147596 R33-M0-ND-C:J07-U01 RAS KERNEL INFO generating core.44882
- 1120934268 2005.07.09 R21-M1-N9-C:J14-U11 2005-07-09-11.37.48.217842 R21-M1-N9-C:J14-U11 RAS KERNEL INFO generating core.48184
- 1120934268 2005.07.09 R21-M1-N9-C:J06-U11 2005-07-09-11.37.48.316885 R21-M1-N9-C:J06-U11 RAS KERNEL INFO generating core.15418
- 1120934268 2005.07.09 R21-M1-N9-C:J12-U11 2005-07-09-11.37.48.400683 R21-M1-N9-C:J12-U11 RAS KERNEL INFO generating core.47161
- 1120934268 2005.07.09 R21-M1-N9-C:J10-U01 2005-07-09-11.37.48.492412 R21-M1-N9-C:J10-U01 RAS KERNEL INFO generating core.15385
- 1120934268 2005.07.09 R21-M1-N9-C:J12-U01 2005-07-09-11.37.48.576273 R21-M1-N9-C:J12-U01 RAS KERNEL INFO generating core.47129
- 1120934268 2005.07.09 R21-M1-N9-C:J06-U01 2005-07-09-11.37.48.667805 R21-M1-N9-C:J06-U01 RAS KERNEL INFO generating core.15386
- 1120934268 2005.07.09 R21-M1-N9-C:J04-U11 2005-07-09-11.37.48.750582 R21-M1-N9-C:J04-U11 RAS KERNEL INFO generating core.47163
- 1120934268 2005.07.09 R21-M1-N9-C:J02-U11 2005-07-09-11.37.48.847433 R21-M1-N9-C:J02-U11 RAS KERNEL INFO generating core.15419
- 1120934268 2005.07.09 R23-M1-ND-C:J09-U11 2005-07-09-11.37.48.940328 R23-M1-ND-C:J09-U11 RAS KERNEL INFO generating core.43898
- 1120934269 2005.07.09 R23-M1-ND-C:J11-U11 2005-07-09-11.37.49.032150 R23-M1-ND-C:J11-U11 RAS KERNEL INFO generating core.12153
- 1120934269 2005.07.09 R23-M1-ND-C:J13-U11 2005-07-09-11.37.49.116788 R23-M1-ND-C:J13-U11 RAS KERNEL INFO generating core.43897
- 1120934269 2005.07.09 R23-M1-ND-C:J05-U01 2005-07-09-11.37.49.209965 R23-M1-ND-C:J05-U01 RAS KERNEL INFO generating core.11099
- 1120934269 2005.07.09 R23-M1-ND-C:J03-U01 2005-07-09-11.37.49.299800 R23-M1-ND-C:J03-U01 RAS KERNEL INFO generating core.44891
- 1120934269 2005.07.09 R23-M1-ND-C:J03-U11 2005-07-09-11.37.49.392322 R23-M1-ND-C:J03-U11 RAS KERNEL INFO generating core.12155
- 1120934269 2005.07.09 R23-M1-ND-C:J07-U11 2005-07-09-11.37.49.475459 R23-M1-ND-C:J07-U11 RAS KERNEL INFO generating core.44922
- 1120934269 2005.07.09 R23-M1-ND-C:J17-U01 2005-07-09-11.37.49.567178 R23-M1-ND-C:J17-U01 RAS KERNEL INFO generating core.11096
- 1120934269 2005.07.09 R23-M1-ND-C:J11-U01 2005-07-09-11.37.49.650043 R23-M1-ND-C:J11-U01 RAS KERNEL INFO generating core.44889
- 1120934269 2005.07.09 R23-M1-ND-C:J13-U01 2005-07-09-11.37.49.746647 R23-M1-ND-C:J13-U01 RAS KERNEL INFO generating core.11097
- 1120934269 2005.07.09 R23-M1-ND-C:J09-U01 2005-07-09-11.37.49.830022 R23-M1-ND-C:J09-U01 RAS KERNEL INFO generating core.43866
- 1120934269 2005.07.09 R23-M1-ND-C:J08-U11 2005-07-09-11.37.49.934703 R23-M1-ND-C:J08-U11 RAS KERNEL INFO generating core.11066
- 1120934270 2005.07.09 R23-M1-ND-C:J14-U11 2005-07-09-11.37.50.019135 R23-M1-ND-C:J14-U11 RAS KERNEL INFO generating core.44856
- 1120934270 2005.07.09 R23-M1-ND-C:J06-U11 2005-07-09-11.37.50.111175 R23-M1-ND-C:J06-U11 RAS KERNEL INFO generating core.12090
- 1120934270 2005.07.09 R23-M1-ND-C:J12-U11 2005-07-09-11.37.50.194484 R23-M1-ND-C:J12-U11 RAS KERNEL INFO generating core.43833
- 1120934270 2005.07.09 R23-M1-ND-C:J16-U01 2005-07-09-11.37.50.290037 R23-M1-ND-C:J16-U01 RAS KERNEL INFO generating core.11032
- 1120934270 2005.07.09 R23-M1-ND-C:J10-U01 2005-07-09-11.37.50.372880 R23-M1-ND-C:J10-U01 RAS KERNEL INFO generating core.44825
- 1120934735 2005.07.09 R16-M1-N9-C:J07-U01 2005-07-09-11.45.35.317336 R16-M1-N9-C:J07-U01 RAS KERNEL INFO generating core.40522
- 1120934735 2005.07.09 R16-M1-N9-C:J09-U01 2005-07-09-11.45.35.427177 R16-M1-N9-C:J09-U01 RAS KERNEL INFO generating core.6730
- 1120934735 2005.07.09 R16-M1-N9-C:J16-U11 2005-07-09-11.45.35.514721 R16-M1-N9-C:J16-U11 RAS KERNEL INFO generating core.39464
- 1120934735 2005.07.09 R16-M1-N9-C:J14-U11 2005-07-09-11.45.35.702989 R16-M1-N9-C:J14-U11 RAS KERNEL INFO generating core.7720
- 1120934735 2005.07.09 R16-M1-N9-C:J10-U11 2005-07-09-11.45.35.791207 R16-M1-N9-C:J10-U11 RAS KERNEL INFO generating core.40489
- 1120934735 2005.07.09 R16-M1-N9-C:J12-U11 2005-07-09-11.45.35.885872 R16-M1-N9-C:J12-U11 RAS KERNEL INFO generating core.6697
- 1120934735 2005.07.09 R16-M1-N9-C:J14-U01 2005-07-09-11.45.35.972378 R16-M1-N9-C:J14-U01 RAS KERNEL INFO generating core.40456
- 1120934736 2005.07.09 R16-M1-N9-C:J04-U01 2005-07-09-11.45.36.067150 R16-M1-N9-C:J04-U01 RAS KERNEL INFO generating core.6667
- 1120934736 2005.07.09 R16-M1-N9-C:J06-U01 2005-07-09-11.45.36.157873 R16-M1-N9-C:J06-U01 RAS KERNEL INFO generating core.40458
- 1120934736 2005.07.09 R16-M1-N9-C:J02-U01 2005-07-09-11.45.36.253274 R16-M1-N9-C:J02-U01 RAS KERNEL INFO generating core.7691
- 1120934736 2005.07.09 R16-M1-N9-C:J02-U11 2005-07-09-11.45.36.339619 R16-M1-N9-C:J02-U11 RAS KERNEL INFO generating core.40491
- 1120934736 2005.07.09 R15-M1-N1-C:J15-U11 2005-07-09-11.45.36.443608 R15-M1-N1-C:J15-U11 RAS KERNEL INFO generating core.15848
- 1120934736 2005.07.09 R15-M1-N1-C:J11-U11 2005-07-09-11.45.36.528821 R15-M1-N1-C:J11-U11 RAS KERNEL INFO generating core.48617
- 1120934736 2005.07.09 R15-M1-N1-C:J17-U11 2005-07-09-11.45.36.622028 R15-M1-N1-C:J17-U11 RAS KERNEL INFO generating core.14824
- 1120934736 2005.07.09 R15-M1-N1-C:J05-U01 2005-07-09-11.45.36.713829 R15-M1-N1-C:J05-U01 RAS KERNEL INFO generating core.47563
- 1120934736 2005.07.09 R15-M1-N1-C:J05-U11 2005-07-09-11.45.36.807571 R15-M1-N1-C:J05-U11 RAS KERNEL INFO generating core.14827
- 1120934736 2005.07.09 R15-M1-N1-C:J03-U11 2005-07-09-11.45.36.893745 R15-M1-N1-C:J03-U11 RAS KERNEL INFO generating core.48619
- 1120934737 2005.07.09 R15-M1-N1-C:J15-U01 2005-07-09-11.45.37.011916 R15-M1-N1-C:J15-U01 RAS KERNEL INFO generating core.15816
- 1120934737 2005.07.09 R15-M1-N1-C:J17-U01 2005-07-09-11.45.37.097838 R15-M1-N1-C:J17-U01 RAS KERNEL INFO generating core.47560
- 1120934737 2005.07.09 R15-M1-N1-C:J07-U01 2005-07-09-11.45.37.196381 R15-M1-N1-C:J07-U01 RAS KERNEL INFO generating core.15818
- 1120934737 2005.07.09 R15-M1-N1-C:J13-U01 2005-07-09-11.45.37.281819 R15-M1-N1-C:J13-U01 RAS KERNEL INFO generating core.47561
- 1120934737 2005.07.09 R15-M1-N1-C:J16-U11 2005-07-09-11.45.37.375561 R15-M1-N1-C:J16-U11 RAS KERNEL INFO generating core.14760
- 1120934737 2005.07.09 R15-M1-N1-C:J08-U11 2005-07-09-11.45.37.461212 R15-M1-N1-C:J08-U11 RAS KERNEL INFO generating core.47530
- 1120934737 2005.07.09 R15-M1-N1-C:J10-U11 2005-07-09-11.45.37.554955 R15-M1-N1-C:J10-U11 RAS KERNEL INFO generating core.15785
- 1120934737 2005.07.09 R15-M1-N1-C:J06-U11 2005-07-09-11.45.37.647299 R15-M1-N1-C:J06-U11 RAS KERNEL INFO generating core.48554
- 1120935202 2005.07.09 R06-M1-N1-C:J07-U01 2005-07-09-11.53.22.166177 R06-M1-N1-C:J07-U01 RAS KERNEL INFO generating core.32450
- 1120935202 2005.07.09 R06-M1-N1-C:J13-U01 2005-07-09-11.53.22.258175 R06-M1-N1-C:J13-U01 RAS KERNEL INFO generating core.64193
- 1120935202 2005.07.09 R06-M1-N1-C:J08-U11 2005-07-09-11.53.22.358609 R06-M1-N1-C:J08-U11 RAS KERNEL INFO generating core.31394
- 1120935202 2005.07.09 R06-M1-N1-C:J14-U11 2005-07-09-11.53.22.445721 R06-M1-N1-C:J14-U11 RAS KERNEL INFO generating core.65184
- 1120935202 2005.07.09 R06-M1-N1-C:J06-U11 2005-07-09-11.53.22.540936 R06-M1-N1-C:J06-U11 RAS KERNEL INFO generating core.32418
- 1120935202 2005.07.09 R06-M1-N1-C:J14-U01 2005-07-09-11.53.22.627686 R06-M1-N1-C:J14-U01 RAS KERNEL INFO generating core.65152
- 1120935202 2005.07.09 R06-M1-N1-C:J12-U01 2005-07-09-11.53.22.727922 R06-M1-N1-C:J12-U01 RAS KERNEL INFO generating core.31361
- 1120935202 2005.07.09 R06-M1-N1-C:J08-U01 2005-07-09-11.53.22.814629 R06-M1-N1-C:J08-U01 RAS KERNEL INFO generating core.64130
- 1120935202 2005.07.09 R06-M1-N1-C:J06-U01 2005-07-09-11.53.22.909863 R06-M1-N1-C:J06-U01 RAS KERNEL INFO generating core.32386
- 1120935202 2005.07.09 R06-M1-N1-C:J04-U11 2005-07-09-11.53.22.996836 R06-M1-N1-C:J04-U11 RAS KERNEL INFO generating core.64163
- 1120935203 2005.07.09 R06-M1-N1-C:J02-U11 2005-07-09-11.53.23.092359 R06-M1-N1-C:J02-U11 RAS KERNEL INFO generating core.32419
- 1120935203 2005.07.09 R06-M0-NF-C:J09-U11 2005-07-09-11.53.23.184175 R06-M0-NF-C:J09-U11 RAS KERNEL INFO generating core.33378
- 1120935203 2005.07.09 R06-M0-NF-C:J11-U11 2005-07-09-11.53.23.279048 R06-M0-NF-C:J11-U11 RAS KERNEL INFO generating core.1633
- 1120935203 2005.07.09 R06-M0-NF-C:J13-U11 2005-07-09-11.53.23.365586 R06-M0-NF-C:J13-U11 RAS KERNEL INFO generating core.33377
- 1120935203 2005.07.09 R06-M0-NF-C:J05-U01 2005-07-09-11.53.23.468375 R06-M0-NF-C:J05-U01 RAS KERNEL INFO generating core.579
- 1120935203 2005.07.09 R06-M0-NF-C:J03-U01 2005-07-09-11.53.23.561112 R06-M0-NF-C:J03-U01 RAS KERNEL INFO generating core.34371
- 1120935203 2005.07.09 R06-M0-NF-C:J03-U11 2005-07-09-11.53.23.655868 R06-M0-NF-C:J03-U11 RAS KERNEL INFO generating core.1635
- 1120935203 2005.07.09 R06-M0-NF-C:J07-U11 2005-07-09-11.53.23.743049 R06-M0-NF-C:J07-U11 RAS KERNEL INFO generating core.34402
- 1120935203 2005.07.09 R06-M0-NF-C:J17-U01 2005-07-09-11.53.23.838209 R06-M0-NF-C:J17-U01 RAS KERNEL INFO generating core.576
- 1120935203 2005.07.09 R06-M0-NF-C:J11-U01 2005-07-09-11.53.23.924517 R06-M0-NF-C:J11-U01 RAS KERNEL INFO generating core.34369
- 1120935204 2005.07.09 R06-M0-NF-C:J13-U01 2005-07-09-11.53.24.019243 R06-M0-NF-C:J13-U01 RAS KERNEL INFO generating core.577
- 1120935204 2005.07.09 R06-M0-NF-C:J09-U01 2005-07-09-11.53.24.113340 R06-M0-NF-C:J09-U01 RAS KERNEL INFO generating core.33346
- 1120935204 2005.07.09 R06-M0-NF-C:J08-U11 2005-07-09-11.53.24.209495 R06-M0-NF-C:J08-U11 RAS KERNEL INFO generating core.546
- 1120935204 2005.07.09 R06-M0-NF-C:J14-U11 2005-07-09-11.53.24.296096 R06-M0-NF-C:J14-U11 RAS KERNEL INFO generating core.34336
- 1120935204 2005.07.09 R06-M0-NF-C:J06-U11 2005-07-09-11.53.24.391333 R06-M0-NF-C:J06-U11 RAS KERNEL INFO generating core.1570
- 1120935667 2005.07.09 R05-M1-N4-C:J05-U11 2005-07-09-12.01.07.449394 R05-M1-N4-C:J05-U11 RAS KERNEL INFO generating core.51687
- 1120935667 2005.07.09 R05-M1-N4-C:J07-U11 2005-07-09-12.01.07.543714 R05-M1-N4-C:J07-U11 RAS KERNEL INFO generating core.19942
- 1120935667 2005.07.09 R05-M1-N4-C:J15-U01 2005-07-09-12.01.07.637447 R05-M1-N4-C:J15-U01 RAS KERNEL INFO generating core.52676
- 1120935667 2005.07.09 R05-M1-N4-C:J11-U01 2005-07-09-12.01.07.732142 R05-M1-N4-C:J11-U01 RAS KERNEL INFO generating core.19909
- 1120935667 2005.07.09 R05-M1-N4-C:J07-U01 2005-07-09-12.01.07.824519 R05-M1-N4-C:J07-U01 RAS KERNEL INFO generating core.52678
- 1120935667 2005.07.09 R05-M1-N4-C:J09-U01 2005-07-09-12.01.07.919062 R05-M1-N4-C:J09-U01 RAS KERNEL INFO generating core.18886
- 1120935668 2005.07.09 R05-M1-N4-C:J08-U11 2005-07-09-12.01.08.005911 R05-M1-N4-C:J08-U11 RAS KERNEL INFO generating core.51622
- 1120935668 2005.07.09 R05-M1-N4-C:J10-U11 2005-07-09-12.01.08.101184 R05-M1-N4-C:J10-U11 RAS KERNEL INFO generating core.19877
- 1120935668 2005.07.09 R05-M1-N4-C:J06-U11 2005-07-09-12.01.08.194416 R05-M1-N4-C:J06-U11 RAS KERNEL INFO generating core.52646
- 1120935668 2005.07.09 R05-M1-N4-C:J14-U01 2005-07-09-12.01.08.290087 R05-M1-N4-C:J14-U01 RAS KERNEL INFO generating core.19844
- 1120935668 2005.07.09 R05-M1-N4-C:J10-U01 2005-07-09-12.01.08.379178 R05-M1-N4-C:J10-U01 RAS KERNEL INFO generating core.52613
- 1120935668 2005.07.09 R05-M1-N4-C:J08-U01 2005-07-09-12.01.08.475219 R05-M1-N4-C:J08-U01 RAS KERNEL INFO generating core.18822
- 1120935668 2005.07.09 R05-M1-N4-C:J04-U01 2005-07-09-12.01.08.561831 R05-M1-N4-C:J04-U01 RAS KERNEL INFO generating core.51591
- 1120935668 2005.07.09 R05-M1-N4-C:J04-U11 2005-07-09-12.01.08.665940 R05-M1-N4-C:J04-U11 RAS KERNEL INFO generating core.18855
- 1120935668 2005.07.09 R05-M1-N4-C:J02-U01 2005-07-09-12.01.08.752382 R05-M1-N4-C:J02-U01 RAS KERNEL INFO generating core.52615
- 1120935668 2005.07.09 R04-M0-N8-C:J09-U11 2005-07-09-12.01.08.852375 R04-M0-N8-C:J09-U11 RAS KERNEL INFO generating core.6502
- 1120935668 2005.07.09 R04-M0-N8-C:J15-U11 2005-07-09-12.01.08.939099 R04-M0-N8-C:J15-U11 RAS KERNEL INFO generating core.40292
- 1120935669 2005.07.09 R04-M0-N8-C:J13-U11 2005-07-09-12.01.09.032928 R04-M0-N8-C:J13-U11 RAS KERNEL INFO generating core.6501
- 1120935669 2005.07.09 R04-M0-N8-C:J17-U11 2005-07-09-12.01.09.235568 R04-M0-N8-C:J17-U11 RAS KERNEL INFO generating core.39268
- 1120935669 2005.07.09 R04-M0-N8-C:J03-U01 2005-07-09-12.01.09.330046 R04-M0-N8-C:J03-U01 RAS KERNEL INFO generating core.7495
- 1120935669 2005.07.09 R04-M0-N8-C:J05-U11 2005-07-09-12.01.09.415253 R04-M0-N8-C:J05-U11 RAS KERNEL INFO generating core.39271
- 1120935669 2005.07.09 R04-M0-N8-C:J07-U11 2005-07-09-12.01.09.507935 R04-M0-N8-C:J07-U11 RAS KERNEL INFO generating core.7526
- 1120935669 2005.07.09 R04-M0-N8-C:J15-U01 2005-07-09-12.01.09.593379 R04-M0-N8-C:J15-U01 RAS KERNEL INFO generating core.40260
- 1120935669 2005.07.09 R04-M0-N8-C:J11-U01 2005-07-09-12.01.09.686043 R04-M0-N8-C:J11-U01 RAS KERNEL INFO generating core.7493
- 1120935669 2005.07.09 R04-M0-N8-C:J07-U01 2005-07-09-12.01.09.774434 R04-M0-N8-C:J07-U01 RAS KERNEL INFO generating core.40262
- 1120937873 2005.07.09 R30-M1-N9-C:J17-U01 2005-07-09-12.37.53.498487 R30-M1-N9-C:J17-U01 RAS KERNEL INFO generating core.30800
- 1120937873 2005.07.09 R30-M1-N9-C:J11-U01 2005-07-09-12.37.53.580983 R30-M1-N9-C:J11-U01 RAS KERNEL INFO generating core.64593
- 1120937873 2005.07.09 R30-M1-N9-C:J13-U01 2005-07-09-12.37.53.670803 R30-M1-N9-C:J13-U01 RAS KERNEL INFO generating core.30801
- 1120937873 2005.07.09 R30-M1-N9-C:J09-U01 2005-07-09-12.37.53.752405 R30-M1-N9-C:J09-U01 RAS KERNEL INFO generating core.63570
- 1120937873 2005.07.09 R30-M1-N9-C:J08-U11 2005-07-09-12.37.53.850288 R30-M1-N9-C:J08-U11 RAS KERNEL INFO generating core.30770
- 1120937873 2005.07.09 R30-M1-N9-C:J14-U11 2005-07-09-12.37.53.931993 R30-M1-N9-C:J14-U11 RAS KERNEL INFO generating core.64560
- 1120937874 2005.07.09 R30-M1-N9-C:J06-U11 2005-07-09-12.37.54.022133 R30-M1-N9-C:J06-U11 RAS KERNEL INFO generating core.31794
- 1120937874 2005.07.09 R30-M1-N9-C:J12-U11 2005-07-09-12.37.54.104175 R30-M1-N9-C:J12-U11 RAS KERNEL INFO generating core.63537
- 1120937874 2005.07.09 R30-M1-N9-C:J16-U01 2005-07-09-12.37.54.194804 R30-M1-N9-C:J16-U01 RAS KERNEL INFO generating core.30736
- 1120937874 2005.07.09 R30-M1-N9-C:J10-U01 2005-07-09-12.37.54.287047 R30-M1-N9-C:J10-U01 RAS KERNEL INFO generating core.64529
- 1120937874 2005.07.09 R30-M1-N9-C:J08-U01 2005-07-09-12.37.54.380203 R30-M1-N9-C:J08-U01 RAS KERNEL INFO generating core.30738
- 1120937874 2005.07.09 R30-M1-N9-C:J04-U01 2005-07-09-12.37.54.466052 R30-M1-N9-C:J04-U01 RAS KERNEL INFO generating core.63507
- 1120937874 2005.07.09 R30-M1-N9-C:J04-U11 2005-07-09-12.37.54.559970 R30-M1-N9-C:J04-U11 RAS KERNEL INFO generating core.30771
- 1120937874 2005.07.09 R30-M1-N9-C:J02-U01 2005-07-09-12.37.54.645089 R30-M1-N9-C:J02-U01 RAS KERNEL INFO generating core.64531
- 1120937874 2005.07.09 R23-M1-NA-C:J09-U11 2005-07-09-12.37.54.748388 R23-M1-NA-C:J09-U11 RAS KERNEL INFO generating core.13182
- 1120937874 2005.07.09 R23-M1-NA-C:J15-U11 2005-07-09-12.37.54.832465 R23-M1-NA-C:J15-U11 RAS KERNEL INFO generating core.46972
- 1120937874 2005.07.09 R23-M1-NA-C:J13-U11 2005-07-09-12.37.54.924771 R23-M1-NA-C:J13-U11 RAS KERNEL INFO generating core.13181
- 1120937875 2005.07.09 R23-M1-NA-C:J17-U11 2005-07-09-12.37.55.008862 R23-M1-NA-C:J17-U11 RAS KERNEL INFO generating core.45948
- 1120937875 2005.07.09 R23-M1-NA-C:J03-U01 2005-07-09-12.37.55.101731 R23-M1-NA-C:J03-U01 RAS KERNEL INFO generating core.14175
- 1120937875 2005.07.09 R23-M1-NA-C:J05-U11 2005-07-09-12.37.55.186438 R23-M1-NA-C:J05-U11 RAS KERNEL INFO generating core.45951
- 1120937875 2005.07.09 R23-M1-NA-C:J07-U11 2005-07-09-12.37.55.283724 R23-M1-NA-C:J07-U11 RAS KERNEL INFO generating core.14206
- 1120937875 2005.07.09 R23-M1-NA-C:J15-U01 2005-07-09-12.37.55.368334 R23-M1-NA-C:J15-U01 RAS KERNEL INFO generating core.46940
- 1120937875 2005.07.09 R23-M1-NA-C:J11-U01 2005-07-09-12.37.55.460640 R23-M1-NA-C:J11-U01 RAS KERNEL INFO generating core.14173
- 1120937875 2005.07.09 R23-M1-NA-C:J07-U01 2005-07-09-12.37.55.544899 R23-M1-NA-C:J07-U01 RAS KERNEL INFO generating core.46942
- 1120937875 2005.07.09 R23-M1-NA-C:J09-U01 2005-07-09-12.37.55.637106 R23-M1-NA-C:J09-U01 RAS KERNEL INFO generating core.13150
- 1120938339 2005.07.09 R15-M1-NA-C:J06-U01 2005-07-09-12.45.39.403345 R15-M1-NA-C:J06-U01 RAS KERNEL INFO generating core.46350
- 1120938339 2005.07.09 R15-M1-NA-C:J02-U01 2005-07-09-12.45.39.496533 R15-M1-NA-C:J02-U01 RAS KERNEL INFO generating core.13583
- 1120938339 2005.07.09 R15-M1-NA-C:J02-U11 2005-07-09-12.45.39.581869 R15-M1-NA-C:J02-U11 RAS KERNEL INFO generating core.46383
- 1120938339 2005.07.09 R15-M1-N9-C:J15-U11 2005-07-09-12.45.39.679080 R15-M1-N9-C:J15-U11 RAS KERNEL INFO generating core.15720
- 1120938339 2005.07.09 R15-M1-N9-C:J11-U11 2005-07-09-12.45.39.765604 R15-M1-N9-C:J11-U11 RAS KERNEL INFO generating core.48489
- 1120938339 2005.07.09 R15-M1-N9-C:J17-U11 2005-07-09-12.45.39.862821 R15-M1-N9-C:J17-U11 RAS KERNEL INFO generating core.14696
- 1120938339 2005.07.09 R15-M1-N9-C:J05-U01 2005-07-09-12.45.39.949543 R15-M1-N9-C:J05-U01 RAS KERNEL INFO generating core.47435
- 1120938340 2005.07.09 R15-M1-N9-C:J05-U11 2005-07-09-12.45.40.051593 R15-M1-N9-C:J05-U11 RAS KERNEL INFO generating core.14699
- 1120938340 2005.07.09 R15-M1-N9-C:J03-U11 2005-07-09-12.45.40.143517 R15-M1-N9-C:J03-U11 RAS KERNEL INFO generating core.48491
- 1120938340 2005.07.09 R15-M1-N9-C:J15-U01 2005-07-09-12.45.40.239068 R15-M1-N9-C:J15-U01 RAS KERNEL INFO generating core.15688
- 1120938340 2005.07.09 R15-M1-N9-C:J17-U01 2005-07-09-12.45.40.325542 R15-M1-N9-C:J17-U01 RAS KERNEL INFO generating core.47432
- 1120938340 2005.07.09 R15-M1-N9-C:J07-U01 2005-07-09-12.45.40.429005 R15-M1-N9-C:J07-U01 RAS KERNEL INFO generating core.15690
- 1120938340 2005.07.09 R15-M1-N9-C:J13-U01 2005-07-09-12.45.40.515428 R15-M1-N9-C:J13-U01 RAS KERNEL INFO generating core.47433
- 1120938340 2005.07.09 R15-M1-N9-C:J16-U11 2005-07-09-12.45.40.609657 R15-M1-N9-C:J16-U11 RAS KERNEL INFO generating core.14632
- 1120938340 2005.07.09 R15-M1-N9-C:J08-U11 2005-07-09-12.45.40.695478 R15-M1-N9-C:J08-U11 RAS KERNEL INFO generating core.47402
- 1120938340 2005.07.09 R15-M1-N9-C:J10-U11 2005-07-09-12.45.40.790232 R15-M1-N9-C:J10-U11 RAS KERNEL INFO generating core.15657
- 1120938340 2005.07.09 R15-M1-N9-C:J06-U11 2005-07-09-12.45.40.883489 R15-M1-N9-C:J06-U11 RAS KERNEL INFO generating core.48426
- 1120938340 2005.07.09 R15-M1-N9-C:J14-U01 2005-07-09-12.45.40.978385 R15-M1-N9-C:J14-U01 RAS KERNEL INFO generating core.15624
- 1120938341 2005.07.09 R15-M1-N9-C:J16-U01 2005-07-09-12.45.41.066884 R15-M1-N9-C:J16-U01 RAS KERNEL INFO generating core.47368
- 1120938341 2005.07.09 R15-M1-N9-C:J12-U01 2005-07-09-12.45.41.161034 R15-M1-N9-C:J12-U01 RAS KERNEL INFO generating core.14601
- 1120938341 2005.07.09 R15-M1-N9-C:J08-U01 2005-07-09-12.45.41.246877 R15-M1-N9-C:J08-U01 RAS KERNEL INFO generating core.47370
- 1120938341 2005.07.09 R15-M1-N9-C:J06-U01 2005-07-09-12.45.41.346552 R15-M1-N9-C:J06-U01 RAS KERNEL INFO generating core.15626
- 1120938341 2005.07.09 R15-M1-N9-C:J04-U11 2005-07-09-12.45.41.432783 R15-M1-N9-C:J04-U11 RAS KERNEL INFO generating core.47403
- 1120938341 2005.07.09 R15-M1-N9-C:J02-U11 2005-07-09-12.45.41.527450 R15-M1-N9-C:J02-U11 RAS KERNEL INFO generating core.15659
- 1120938341 2005.07.09 R15-M1-N7-C:J09-U11 2005-07-09-12.45.41.613747 R15-M1-N7-C:J09-U11 RAS KERNEL INFO generating core.41450
- 1120939600 2005.07.09 R07-M0-N9-C:J14-U01 2005-07-09-13.06.40.605279 R07-M0-N9-C:J14-U01 RAS KERNEL INFO generating core.48640
- 1120939600 2005.07.09 R07-M0-N9-C:J10-U01 2005-07-09-13.06.40.697876 R07-M0-N9-C:J10-U01 RAS KERNEL INFO generating core.15873
- 1120939600 2005.07.09 R07-M0-N9-C:J12-U01 2005-07-09-13.06.40.791671 R07-M0-N9-C:J12-U01 RAS KERNEL INFO generating core.47617
- 1120939600 2005.07.09 R07-M0-N9-C:J04-U01 2005-07-09-13.06.40.884427 R07-M0-N9-C:J04-U01 RAS KERNEL INFO generating core.14851
- 1120939600 2005.07.09 R07-M0-N9-C:J06-U01 2005-07-09-13.06.40.968644 R07-M0-N9-C:J06-U01 RAS KERNEL INFO generating core.48642
- 1120939601 2005.07.09 R07-M0-N9-C:J02-U01 2005-07-09-13.06.41.061234 R07-M0-N9-C:J02-U01 RAS KERNEL INFO generating core.15875
- 1120939601 2005.07.09 R07-M0-N9-C:J02-U11 2005-07-09-13.06.41.145977 R07-M0-N9-C:J02-U11 RAS KERNEL INFO generating core.48675
- 1120939601 2005.07.09 R06-M1-N5-C:J15-U11 2005-07-09-13.06.41.246670 R06-M1-N5-C:J15-U11 RAS KERNEL INFO generating core.28384
- 1120939601 2005.07.09 R06-M1-N5-C:J11-U11 2005-07-09-13.06.41.339928 R06-M1-N5-C:J11-U11 RAS KERNEL INFO generating core.61153
- 1120939601 2005.07.09 R06-M1-N5-C:J17-U11 2005-07-09-13.06.41.431569 R06-M1-N5-C:J17-U11 RAS KERNEL INFO generating core.27360
- 1120939601 2005.07.09 R06-M1-N5-C:J05-U01 2005-07-09-13.06.41.515388 R06-M1-N5-C:J05-U01 RAS KERNEL INFO generating core.60099
- 1120939601 2005.07.09 R06-M1-N5-C:J05-U11 2005-07-09-13.06.41.607534 R06-M1-N5-C:J05-U11 RAS KERNEL INFO generating core.27363
- 1120939601 2005.07.09 R06-M1-N5-C:J03-U11 2005-07-09-13.06.41.697383 R06-M1-N5-C:J03-U11 RAS KERNEL INFO generating core.61155
- 1120939601 2005.07.09 R06-M1-N5-C:J15-U01 2005-07-09-13.06.41.789110 R06-M1-N5-C:J15-U01 RAS KERNEL INFO generating core.28352
- 1120939601 2005.07.09 R06-M1-N5-C:J17-U01 2005-07-09-13.06.41.873945 R06-M1-N5-C:J17-U01 RAS KERNEL INFO generating core.60096
- 1120939601 2005.07.09 R06-M1-N5-C:J07-U01 2005-07-09-13.06.41.966603 R06-M1-N5-C:J07-U01 RAS KERNEL INFO generating core.28354
- 1120939602 2005.07.09 R06-M1-N5-C:J13-U01 2005-07-09-13.06.42.050332 R06-M1-N5-C:J13-U01 RAS KERNEL INFO generating core.60097
- 1120939602 2005.07.09 R06-M1-N5-C:J16-U11 2005-07-09-13.06.42.143003 R06-M1-N5-C:J16-U11 RAS KERNEL INFO generating core.27296
- 1120939602 2005.07.09 R06-M1-N5-C:J08-U11 2005-07-09-13.06.42.228322 R06-M1-N5-C:J08-U11 RAS KERNEL INFO generating core.60066
- 1120939602 2005.07.09 R06-M1-N5-C:J10-U11 2005-07-09-13.06.42.320060 R06-M1-N5-C:J10-U11 RAS KERNEL INFO generating core.28321
- 1120939602 2005.07.09 R06-M1-N5-C:J06-U11 2005-07-09-13.06.42.403824 R06-M1-N5-C:J06-U11 RAS KERNEL INFO generating core.61090
- 1120939602 2005.07.09 R06-M1-N5-C:J14-U01 2005-07-09-13.06.42.515000 R06-M1-N5-C:J14-U01 RAS KERNEL INFO generating core.28288
- 1120939602 2005.07.09 R06-M1-N5-C:J16-U01 2005-07-09-13.06.42.599336 R06-M1-N5-C:J16-U01 RAS KERNEL INFO generating core.60032
- 1120939602 2005.07.09 R06-M1-N5-C:J12-U01 2005-07-09-13.06.42.694025 R06-M1-N5-C:J12-U01 RAS KERNEL INFO generating core.27265
- 1120939602 2005.07.09 R06-M1-N5-C:J08-U01 2005-07-09-13.06.42.778306 R06-M1-N5-C:J08-U01 RAS KERNEL INFO generating core.60034
- 1120940073 2005.07.09 R31-M0-N9-C:J03-U11 2005-07-09-13.14.33.992681 R31-M0-N9-C:J03-U11 RAS KERNEL INFO generating core.15475
- 1120940074 2005.07.09 R31-M0-N9-C:J07-U11 2005-07-09-13.14.34.079468 R31-M0-N9-C:J07-U11 RAS KERNEL INFO generating core.48242
- 1120940074 2005.07.09 R31-M0-N9-C:J17-U01 2005-07-09-13.14.34.174158 R31-M0-N9-C:J17-U01 RAS KERNEL INFO generating core.14416
- 1120940074 2005.07.09 R31-M0-N9-C:J11-U01 2005-07-09-13.14.34.261424 R31-M0-N9-C:J11-U01 RAS KERNEL INFO generating core.48209
- 1120940074 2005.07.09 R31-M0-N9-C:J13-U01 2005-07-09-13.14.34.355616 R31-M0-N9-C:J13-U01 RAS KERNEL INFO generating core.14417
- 1120940074 2005.07.09 R31-M0-N9-C:J09-U01 2005-07-09-13.14.34.441421 R31-M0-N9-C:J09-U01 RAS KERNEL INFO generating core.47186
- 1120940074 2005.07.09 R31-M0-N9-C:J08-U11 2005-07-09-13.14.34.537097 R31-M0-N9-C:J08-U11 RAS KERNEL INFO generating core.14386
- 1120940074 2005.07.09 R31-M0-N9-C:J14-U11 2005-07-09-13.14.34.623405 R31-M0-N9-C:J14-U11 RAS KERNEL INFO generating core.48176
- 1120940074 2005.07.09 R31-M0-N9-C:J06-U11 2005-07-09-13.14.34.717700 R31-M0-N9-C:J06-U11 RAS KERNEL INFO generating core.15410
- 1120940074 2005.07.09 R31-M0-N9-C:J12-U11 2005-07-09-13.14.34.806403 R31-M0-N9-C:J12-U11 RAS KERNEL INFO generating core.47153
- 1120940074 2005.07.09 R31-M0-N9-C:J16-U01 2005-07-09-13.14.34.901568 R31-M0-N9-C:J16-U01 RAS KERNEL INFO generating core.14352
- 1120940074 2005.07.09 R31-M0-N9-C:J10-U01 2005-07-09-13.14.34.988360 R31-M0-N9-C:J10-U01 RAS KERNEL INFO generating core.48145
- 1120940075 2005.07.09 R31-M0-N9-C:J08-U01 2005-07-09-13.14.35.084565 R31-M0-N9-C:J08-U01 RAS KERNEL INFO generating core.14354
- 1120940075 2005.07.09 R31-M0-N9-C:J04-U01 2005-07-09-13.14.35.172953 R31-M0-N9-C:J04-U01 RAS KERNEL INFO generating core.47123
- 1120940075 2005.07.09 R31-M0-N9-C:J04-U11 2005-07-09-13.14.35.272109 R31-M0-N9-C:J04-U11 RAS KERNEL INFO generating core.14387
- 1120940075 2005.07.09 R31-M0-N9-C:J02-U01 2005-07-09-13.14.35.358828 R31-M0-N9-C:J02-U01 RAS KERNEL INFO generating core.48147
- 1120940075 2005.07.09 R36-M0-ND-C:J09-U11 2005-07-09-13.14.35.455230 R36-M0-ND-C:J09-U11 RAS KERNEL INFO generating core.2674
- 1120940075 2005.07.09 R36-M0-ND-C:J15-U11 2005-07-09-13.14.35.543016 R36-M0-ND-C:J15-U11 RAS KERNEL INFO generating core.36464
- 1120940075 2005.07.09 R36-M0-ND-C:J13-U11 2005-07-09-13.14.35.638154 R36-M0-ND-C:J13-U11 RAS KERNEL INFO generating core.2673
- 1120940075 2005.07.09 R36-M0-ND-C:J17-U11 2005-07-09-13.14.35.728992 R36-M0-ND-C:J17-U11 RAS KERNEL INFO generating core.35440
- 1120940075 2005.07.09 R36-M0-ND-C:J03-U01 2005-07-09-13.14.35.824717 R36-M0-ND-C:J03-U01 RAS KERNEL INFO generating core.3667
- 1120940075 2005.07.09 R36-M0-ND-C:J05-U11 2005-07-09-13.14.35.911418 R36-M0-ND-C:J05-U11 RAS KERNEL INFO generating core.35443
- 1120940076 2005.07.09 R36-M0-ND-C:J07-U11 2005-07-09-13.14.36.007051 R36-M0-ND-C:J07-U11 RAS KERNEL INFO generating core.3698
- 1120940076 2005.07.09 R36-M0-ND-C:J15-U01 2005-07-09-13.14.36.095220 R36-M0-ND-C:J15-U01 RAS KERNEL INFO generating core.36432
- 1120940076 2005.07.09 R36-M0-ND-C:J11-U01 2005-07-09-13.14.36.191652 R36-M0-ND-C:J11-U01 RAS KERNEL INFO generating core.3665
- 1120940541 2005.07.09 R17-M1-N7-C:J12-U01 2005-07-09-13.22.21.081453 R17-M1-N7-C:J12-U01 RAS KERNEL INFO generating core.41609
- 1120940541 2005.07.09 R17-M1-N7-C:J04-U01 2005-07-09-13.22.21.185160 R17-M1-N7-C:J04-U01 RAS KERNEL INFO generating core.8843
- 1120940541 2005.07.09 R17-M1-N7-C:J06-U01 2005-07-09-13.22.21.272920 R17-M1-N7-C:J06-U01 RAS KERNEL INFO generating core.42634
- 1120940541 2005.07.09 R17-M1-N7-C:J02-U01 2005-07-09-13.22.21.368061 R17-M1-N7-C:J02-U01 RAS KERNEL INFO generating core.9867
- 1120940541 2005.07.09 R17-M1-N7-C:J02-U11 2005-07-09-13.22.21.462492 R17-M1-N7-C:J02-U11 RAS KERNEL INFO generating core.42667
- 1120940541 2005.07.09 R15-M1-NB-C:J15-U11 2005-07-09-13.22.21.568398 R15-M1-NB-C:J15-U11 RAS KERNEL INFO generating core.13672
- 1120940541 2005.07.09 R15-M1-NB-C:J11-U11 2005-07-09-13.22.21.654613 R15-M1-NB-C:J11-U11 RAS KERNEL INFO generating core.46441
- 1120940541 2005.07.09 R15-M1-NB-C:J17-U11 2005-07-09-13.22.21.749315 R15-M1-NB-C:J17-U11 RAS KERNEL INFO generating core.12648
- 1120940541 2005.07.09 R15-M1-NB-C:J05-U01 2005-07-09-13.22.21.835031 R15-M1-NB-C:J05-U01 RAS KERNEL INFO generating core.45387
- 1120940541 2005.07.09 R15-M1-NB-C:J05-U11 2005-07-09-13.22.21.929260 R15-M1-NB-C:J05-U11 RAS KERNEL INFO generating core.12651
- 1120940542 2005.07.09 R15-M1-NB-C:J03-U11 2005-07-09-13.22.22.018639 R15-M1-NB-C:J03-U11 RAS KERNEL INFO generating core.46443
- 1120940542 2005.07.09 R15-M1-NB-C:J15-U01 2005-07-09-13.22.22.112730 R15-M1-NB-C:J15-U01 RAS KERNEL INFO generating core.13640
- 1120940542 2005.07.09 R15-M1-NB-C:J17-U01 2005-07-09-13.22.22.199020 R15-M1-NB-C:J17-U01 RAS KERNEL INFO generating core.45384
- 1120940542 2005.07.09 R15-M1-NB-C:J07-U01 2005-07-09-13.22.22.293183 R15-M1-NB-C:J07-U01 RAS KERNEL INFO generating core.13642
- 1120940542 2005.07.09 R15-M1-NB-C:J13-U01 2005-07-09-13.22.22.378937 R15-M1-NB-C:J13-U01 RAS KERNEL INFO generating core.45385
- 1120940542 2005.07.09 R15-M1-NB-C:J16-U11 2005-07-09-13.22.22.473299 R15-M1-NB-C:J16-U11 RAS KERNEL INFO generating core.12584
- 1120940542 2005.07.09 R15-M1-NB-C:J08-U11 2005-07-09-13.22.22.579092 R15-M1-NB-C:J08-U11 RAS KERNEL INFO generating core.45354
- 1120940542 2005.07.09 R15-M1-NB-C:J10-U11 2005-07-09-13.22.22.675248 R15-M1-NB-C:J10-U11 RAS KERNEL INFO generating core.13609
- 1120940542 2005.07.09 R15-M1-NB-C:J06-U11 2005-07-09-13.22.22.763332 R15-M1-NB-C:J06-U11 RAS KERNEL INFO generating core.46378
- 1120940542 2005.07.09 R15-M1-NB-C:J14-U01 2005-07-09-13.22.22.858481 R15-M1-NB-C:J14-U01 RAS KERNEL INFO generating core.13576
- 1120940542 2005.07.09 R15-M1-NB-C:J16-U01 2005-07-09-13.22.22.945110 R15-M1-NB-C:J16-U01 RAS KERNEL INFO generating core.45320
- 1120940543 2005.07.09 R15-M1-NB-C:J12-U01 2005-07-09-13.22.23.046675 R15-M1-NB-C:J12-U01 RAS KERNEL INFO generating core.12553
- 1120940543 2005.07.09 R15-M1-NB-C:J08-U01 2005-07-09-13.22.23.132694 R15-M1-NB-C:J08-U01 RAS KERNEL INFO generating core.45322
- 1120940543 2005.07.09 R15-M1-NB-C:J06-U01 2005-07-09-13.22.23.228798 R15-M1-NB-C:J06-U01 RAS KERNEL INFO generating core.13578
- 1120940543 2005.07.09 R15-M1-NB-C:J04-U11 2005-07-09-13.22.23.316124 R15-M1-NB-C:J04-U11 RAS KERNEL INFO generating core.45355
- 1120953300 2005.07.09 R22-M0-N1-C:J03-U01 2005-07-09-16.55.00.640713 R22-M0-N1-C:J03-U01 RAS KERNEL INFO generating core.16363
- 1120953300 2005.07.09 R22-M0-N1-C:J07-U11 2005-07-09-16.55.00.731352 R22-M0-N1-C:J07-U11 RAS KERNEL INFO generating core.16378
- 1120953300 2005.07.09 R22-M0-N1-C:J11-U01 2005-07-09-16.55.00.813832 R22-M0-N1-C:J11-U01 RAS KERNEL INFO generating core.16361
- 1120953300 2005.07.09 R22-M0-N1-C:J09-U01 2005-07-09-16.55.00.894762 R22-M0-N1-C:J09-U01 RAS KERNEL INFO generating core.15850
- 1120953300 2005.07.09 R22-M0-N1-C:J14-U11 2005-07-09-16.55.00.989885 R22-M0-N1-C:J14-U11 RAS KERNEL INFO generating core.16344
- 1120953301 2005.07.09 R22-M0-N1-C:J12-U11 2005-07-09-16.55.01.077873 R22-M0-N1-C:J12-U11 RAS KERNEL INFO generating core.15833
- 1120953301 2005.07.09 R22-M0-N1-C:J10-U01 2005-07-09-16.55.01.158807 R22-M0-N1-C:J10-U01 RAS KERNEL INFO generating core.16329
- 1120953301 2005.07.09 R22-M0-N1-C:J04-U01 2005-07-09-16.55.01.240266 R22-M0-N1-C:J04-U01 RAS KERNEL INFO generating core.15819
- 1120953301 2005.07.09 R22-M0-N1-C:J02-U01 2005-07-09-16.55.01.329066 R22-M0-N1-C:J02-U01 RAS KERNEL INFO generating core.16331
- 1120953301 2005.07.09 R22-M0-N3-C:J15-U11 2005-07-09-16.55.01.413890 R22-M0-N3-C:J15-U11 RAS KERNEL INFO generating core.15352
- 1120953301 2005.07.09 R22-M0-N3-C:J17-U11 2005-07-09-16.55.01.505765 R22-M0-N3-C:J17-U11 RAS KERNEL INFO generating core.14840
- 1120953301 2005.07.09 R22-M0-N3-C:J05-U11 2005-07-09-16.55.01.593708 R22-M0-N3-C:J05-U11 RAS KERNEL INFO generating core.14843
- 1120953301 2005.07.09 R22-M0-N3-C:J15-U01 2005-07-09-16.55.01.676970 R22-M0-N3-C:J15-U01 RAS KERNEL INFO generating core.15336
- 1120953301 2005.07.09 R22-M0-N3-C:J07-U01 2005-07-09-16.55.01.760658 R22-M0-N3-C:J07-U01 RAS KERNEL INFO generating core.15338
- 1120953301 2005.07.09 R22-M0-N3-C:J16-U11 2005-07-09-16.55.01.842308 R22-M0-N3-C:J16-U11 RAS KERNEL INFO generating core.14808
- 1120953301 2005.07.09 R22-M0-N3-C:J10-U11 2005-07-09-16.55.01.933517 R22-M0-N3-C:J10-U11 RAS KERNEL INFO generating core.15321
- 1120953302 2005.07.09 R22-M0-N3-C:J14-U01 2005-07-09-16.55.02.015314 R22-M0-N3-C:J14-U01 RAS KERNEL INFO generating core.15304
- 1120953302 2005.07.09 R22-M0-N3-C:J12-U01 2005-07-09-16.55.02.107641 R22-M0-N3-C:J12-U01 RAS KERNEL INFO generating core.14793
- 1120953302 2005.07.09 R22-M0-N3-C:J06-U01 2005-07-09-16.55.02.188541 R22-M0-N3-C:J06-U01 RAS KERNEL INFO generating core.15306
- 1120953302 2005.07.09 R22-M0-N3-C:J02-U11 2005-07-09-16.55.02.269695 R22-M0-N3-C:J02-U11 RAS KERNEL INFO generating core.15323
- 1120953302 2005.07.09 R22-M0-N2-C:J11-U11 2005-07-09-16.55.02.365669 R22-M0-N2-C:J11-U11 RAS KERNEL INFO generating core.15357
- 1120953302 2005.07.09 R22-M0-N2-C:J05-U01 2005-07-09-16.55.02.446728 R22-M0-N2-C:J05-U01 RAS KERNEL INFO generating core.14831
- 1120953302 2005.07.09 R22-M0-N2-C:J03-U11 2005-07-09-16.55.02.527799 R22-M0-N2-C:J03-U11 RAS KERNEL INFO generating core.15359
- 1120953302 2005.07.09 R22-M0-N2-C:J17-U01 2005-07-09-16.55.02.614645 R22-M0-N2-C:J17-U01 RAS KERNEL INFO generating core.14828
- 1120953302 2005.07.09 R22-M0-N2-C:J13-U01 2005-07-09-16.55.02.695604 R22-M0-N2-C:J13-U01 RAS KERNEL INFO generating core.14829
- 1120956595 2005.07.09 R33-M1-NF-C:J14-U01 2005-07-09-17.49.55.988482 R33-M1-NF-C:J14-U01 RAS KERNEL INFO generating core.9088
- 1120956596 2005.07.09 R33-M1-NF-C:J12-U01 2005-07-09-17.49.56.072216 R33-M1-NF-C:J12-U01 RAS KERNEL INFO generating core.8577
- 1120956596 2005.07.09 R33-M1-NF-C:J06-U01 2005-07-09-17.49.56.158691 R33-M1-NF-C:J06-U01 RAS KERNEL INFO generating core.9090
- 1120956596 2005.07.09 R33-M1-NF-C:J02-U11 2005-07-09-17.49.56.244014 R33-M1-NF-C:J02-U11 RAS KERNEL INFO generating core.9107
- 1120956596 2005.07.09 R34-M1-N5-C:J11-U11 2005-07-09-17.49.56.328842 R34-M1-N5-C:J11-U11 RAS KERNEL INFO generating core.14065
- 1120956596 2005.07.09 R34-M1-N5-C:J05-U01 2005-07-09-17.49.56.418286 R34-M1-N5-C:J05-U01 RAS KERNEL INFO generating core.13539
- 1120956596 2005.07.09 R34-M1-N5-C:J03-U11 2005-07-09-17.49.56.501256 R34-M1-N5-C:J03-U11 RAS KERNEL INFO generating core.14067
- 1120956596 2005.07.09 R34-M1-N5-C:J17-U01 2005-07-09-17.49.56.583652 R34-M1-N5-C:J17-U01 RAS KERNEL INFO generating core.13536
- 1120956596 2005.07.09 R34-M1-N5-C:J13-U01 2005-07-09-17.49.56.666675 R34-M1-N5-C:J13-U01 RAS KERNEL INFO generating core.13537
- 1120956596 2005.07.09 R34-M1-N5-C:J08-U11 2005-07-09-17.49.56.749297 R34-M1-N5-C:J08-U11 RAS KERNEL INFO generating core.13522
- 1120956596 2005.07.09 R34-M1-N5-C:J06-U11 2005-07-09-17.49.56.838635 R34-M1-N5-C:J06-U11 RAS KERNEL INFO generating core.14034
- 1120956596 2005.07.09 R34-M1-N5-C:J16-U01 2005-07-09-17.49.56.925737 R34-M1-N5-C:J16-U01 RAS KERNEL INFO generating core.13504
- 1120956597 2005.07.09 R34-M1-N5-C:J08-U01 2005-07-09-17.49.57.011169 R34-M1-N5-C:J08-U01 RAS KERNEL INFO generating core.13506
- 1120956597 2005.07.09 R34-M1-N5-C:J04-U11 2005-07-09-17.49.57.096899 R34-M1-N5-C:J04-U11 RAS KERNEL INFO generating core.13523
- 1120956597 2005.07.09 R30-M1-NB-C:J09-U11 2005-07-09-17.49.57.183136 R30-M1-NB-C:J09-U11 RAS KERNEL INFO generating core.14386
- 1120956597 2005.07.09 R30-M1-NB-C:J13-U11 2005-07-09-17.49.57.265681 R30-M1-NB-C:J13-U11 RAS KERNEL INFO generating core.14385
- 1120956597 2005.07.09 R30-M1-NB-C:J03-U01 2005-07-09-17.49.57.353703 R30-M1-NB-C:J03-U01 RAS KERNEL INFO generating core.14883
- 1120956597 2005.07.09 R30-M1-NB-C:J07-U11 2005-07-09-17.49.57.438090 R30-M1-NB-C:J07-U11 RAS KERNEL INFO generating core.14898
- 1120956597 2005.07.09 R30-M1-NB-C:J11-U01 2005-07-09-17.49.57.521670 R30-M1-NB-C:J11-U01 RAS KERNEL INFO generating core.14881
- 1120956597 2005.07.09 R30-M1-NB-C:J09-U01 2005-07-09-17.49.57.604095 R30-M1-NB-C:J09-U01 RAS KERNEL INFO generating core.14370
- 1120956597 2005.07.09 R30-M1-NB-C:J14-U11 2005-07-09-17.49.57.686614 R30-M1-NB-C:J14-U11 RAS KERNEL INFO generating core.14864
- 1120956597 2005.07.09 R30-M1-NB-C:J12-U11 2005-07-09-17.49.57.775095 R30-M1-NB-C:J12-U11 RAS KERNEL INFO generating core.14353
- 1120956597 2005.07.09 R30-M1-NB-C:J10-U01 2005-07-09-17.49.57.858041 R30-M1-NB-C:J10-U01 RAS KERNEL INFO generating core.14849
- 1120956597 2005.07.09 R30-M1-NB-C:J04-U01 2005-07-09-17.49.57.944217 R30-M1-NB-C:J04-U01 RAS KERNEL INFO generating core.14339
- 1120956598 2005.07.09 R30-M1-NB-C:J02-U01 2005-07-09-17.49.58.028138 R30-M1-NB-C:J02-U01 RAS KERNEL INFO generating core.14851
- 1120957923 2005.07.09 R04-M1-N2-C:J10-U01 2005-07-09-18.12.03.312913 R04-M1-N2-C:J10-U01 RAS KERNEL INFO generating core.3813
- 1120957923 2005.07.09 R04-M1-N2-C:J04-U01 2005-07-09-18.12.03.375407 R04-M1-N2-C:J04-U01 RAS KERNEL INFO generating core.3687
- 1120957923 2005.07.09 R04-M1-N2-C:J02-U01 2005-07-09-18.12.03.437416 R04-M1-N2-C:J02-U01 RAS KERNEL INFO generating core.3815
- 1120957923 2005.07.09 R04-M1-NE-C:J15-U11 2005-07-09-18.12.03.509721 R04-M1-NE-C:J15-U11 RAS KERNEL INFO generating core.3292
- 1120957923 2005.07.09 R04-M1-NE-C:J17-U11 2005-07-09-18.12.03.571800 R04-M1-NE-C:J17-U11 RAS KERNEL INFO generating core.3164
- 1120957923 2005.07.09 R04-M1-NE-C:J05-U11 2005-07-09-18.12.03.633816 R04-M1-NE-C:J05-U11 RAS KERNEL INFO generating core.3167
- 1120957923 2005.07.09 R04-M1-NE-C:J15-U01 2005-07-09-18.12.03.697000 R04-M1-NE-C:J15-U01 RAS KERNEL INFO generating core.3284
- 1120957923 2005.07.09 R04-M1-NE-C:J07-U01 2005-07-09-18.12.03.763456 R04-M1-NE-C:J07-U01 RAS KERNEL INFO generating core.3286
- 1120957923 2005.07.09 R04-M1-NE-C:J16-U11 2005-07-09-18.12.03.831103 R04-M1-NE-C:J16-U11 RAS KERNEL INFO generating core.3148
- 1120957923 2005.07.09 R04-M1-NE-C:J10-U11 2005-07-09-18.12.03.894331 R04-M1-NE-C:J10-U11 RAS KERNEL INFO generating core.3277
- 1120957924 2005.07.09 R04-M1-NE-C:J14-U01 2005-07-09-18.12.04.158992 R04-M1-NE-C:J14-U01 RAS KERNEL INFO generating core.3268
- 1120957924 2005.07.09 R04-M1-NE-C:J12-U01 2005-07-09-18.12.04.229389 R04-M1-NE-C:J12-U01 RAS KERNEL INFO generating core.3141
- 1120957924 2005.07.09 R04-M1-NE-C:J06-U01 2005-07-09-18.12.04.291485 R04-M1-NE-C:J06-U01 RAS KERNEL INFO generating core.3270
- 1120957924 2005.07.09 R04-M1-NE-C:J02-U11 2005-07-09-18.12.04.358502 R04-M1-NE-C:J02-U11 RAS KERNEL INFO generating core.3279
- 1120957924 2005.07.09 R04-M1-NB-C:J11-U11 2005-07-09-18.12.04.421116 R04-M1-NB-C:J11-U11 RAS KERNEL INFO generating core.3801
- 1120957924 2005.07.09 R04-M1-NB-C:J05-U01 2005-07-09-18.12.04.483674 R04-M1-NB-C:J05-U01 RAS KERNEL INFO generating core.3667
- 1120957924 2005.07.09 R04-M1-NB-C:J03-U11 2005-07-09-18.12.04.547935 R04-M1-NB-C:J03-U11 RAS KERNEL INFO generating core.3803
- 1120957924 2005.07.09 R04-M1-NB-C:J17-U01 2005-07-09-18.12.04.610114 R04-M1-NB-C:J17-U01 RAS KERNEL INFO generating core.3664
- 1120957924 2005.07.09 R04-M1-NB-C:J13-U01 2005-07-09-18.12.04.671957 R04-M1-NB-C:J13-U01 RAS KERNEL INFO generating core.3665
- 1120957924 2005.07.09 R04-M1-NB-C:J08-U11 2005-07-09-18.12.04.743810 R04-M1-NB-C:J08-U11 RAS KERNEL INFO generating core.3658
- 1120957924 2005.07.09 R04-M1-NB-C:J06-U11 2005-07-09-18.12.04.806640 R04-M1-NB-C:J06-U11 RAS KERNEL INFO generating core.3786
- 1120957924 2005.07.09 R04-M1-NB-C:J16-U01 2005-07-09-18.12.04.868042 R04-M1-NB-C:J16-U01 RAS KERNEL INFO generating core.3648
- 1120957924 2005.07.09 R04-M1-NB-C:J08-U01 2005-07-09-18.12.04.930747 R04-M1-NB-C:J08-U01 RAS KERNEL INFO generating core.3650
- 1120957924 2005.07.09 R04-M1-NB-C:J04-U11 2005-07-09-18.12.04.992366 R04-M1-NB-C:J04-U11 RAS KERNEL INFO generating core.3659
- 1120957925 2005.07.09 R04-M1-N5-C:J09-U11 2005-07-09-18.12.05.066899 R04-M1-N5-C:J09-U11 RAS KERNEL INFO generating core.3450
- 1120967898 2005.07.09 R13-M1-N7-C:J10-U11 2005-07-09-20.58.18.985263 R13-M1-N7-C:J10-U11 RAS KERNEL INFO 1338138160 double-hummer alignment exceptions
- 1120967899 2005.07.09 R13-M1-N7-C:J14-U01 2005-07-09-20.58.19.054777 R13-M1-N7-C:J14-U01 RAS KERNEL INFO 1389444784 double-hummer alignment exceptions
- 1120967899 2005.07.09 R13-M1-N7-C:J12-U01 2005-07-09-20.58.19.130634 R13-M1-N7-C:J12-U01 RAS KERNEL INFO 1280553712 double-hummer alignment exceptions
- 1120967899 2005.07.09 R13-M1-N7-C:J06-U01 2005-07-09-20.58.19.199718 R13-M1-N7-C:J06-U01 RAS KERNEL INFO 1336410400 double-hummer alignment exceptions
- 1120967899 2005.07.09 R13-M1-N7-C:J02-U11 2005-07-09-20.58.19.268880 R13-M1-N7-C:J02-U11 RAS KERNEL INFO 1318461952 double-hummer alignment exceptions
- 1120967899 2005.07.09 R13-M0-N6-C:J11-U11 2005-07-09-20.58.19.343288 R13-M0-N6-C:J11-U11 RAS KERNEL INFO 1356239632 double-hummer alignment exceptions
- 1120967899 2005.07.09 R13-M0-N6-C:J05-U01 2005-07-09-20.58.19.414896 R13-M0-N6-C:J05-U01 RAS KERNEL INFO 1370439760 double-hummer alignment exceptions
- 1120967899 2005.07.09 R13-M0-N6-C:J03-U11 2005-07-09-20.58.19.492246 R13-M0-N6-C:J03-U11 RAS KERNEL INFO 1367093104 double-hummer alignment exceptions
- 1120967899 2005.07.09 R13-M0-N6-C:J17-U01 2005-07-09-20.58.19.560153 R13-M0-N6-C:J17-U01 RAS KERNEL INFO 1365373408 double-hummer alignment exceptions
- 1120967899 2005.07.09 R13-M0-N6-C:J13-U01 2005-07-09-20.58.19.627711 R13-M0-N6-C:J13-U01 RAS KERNEL INFO 1357800064 double-hummer alignment exceptions
- 1120967899 2005.07.09 R13-M0-N6-C:J08-U11 2005-07-09-20.58.19.695734 R13-M0-N6-C:J08-U11 RAS KERNEL INFO 1366880272 double-hummer alignment exceptions
- 1120967899 2005.07.09 R13-M0-N6-C:J06-U11 2005-07-09-20.58.19.764839 R13-M0-N6-C:J06-U11 RAS KERNEL INFO 1338865312 double-hummer alignment exceptions
- 1120967899 2005.07.09 R13-M0-N6-C:J16-U01 2005-07-09-20.58.19.838447 R13-M0-N6-C:J16-U01 RAS KERNEL INFO 1363094416 double-hummer alignment exceptions
- 1120967899 2005.07.09 R13-M0-N6-C:J08-U01 2005-07-09-20.58.19.911411 R13-M0-N6-C:J08-U01 RAS KERNEL INFO 1377258880 double-hummer alignment exceptions
- 1120967899 2005.07.09 R13-M0-N6-C:J04-U11 2005-07-09-20.58.19.981163 R13-M0-N6-C:J04-U11 RAS KERNEL INFO 1380132496 double-hummer alignment exceptions
- 1120967900 2005.07.09 R11-M0-NA-C:J09-U11 2005-07-09-20.58.20.048545 R11-M0-NA-C:J09-U11 RAS KERNEL INFO 1348970704 double-hummer alignment exceptions
- 1120967900 2005.07.09 R11-M0-NA-C:J13-U11 2005-07-09-20.58.20.116622 R11-M0-NA-C:J13-U11 RAS KERNEL INFO 1340770240 double-hummer alignment exceptions
- 1120967900 2005.07.09 R11-M0-NA-C:J03-U01 2005-07-09-20.58.20.186576 R11-M0-NA-C:J03-U01 RAS KERNEL INFO 1280262976 double-hummer alignment exceptions
- 1120967900 2005.07.09 R11-M0-NA-C:J07-U11 2005-07-09-20.58.20.254042 R11-M0-NA-C:J07-U11 RAS KERNEL INFO 1353162448 double-hummer alignment exceptions
- 1120967900 2005.07.09 R11-M0-NA-C:J11-U01 2005-07-09-20.58.20.321938 R11-M0-NA-C:J11-U01 RAS KERNEL INFO 1316413264 double-hummer alignment exceptions
- 1120967900 2005.07.09 R11-M0-NA-C:J09-U01 2005-07-09-20.58.20.400057 R11-M0-NA-C:J09-U01 RAS KERNEL INFO 1390350736 double-hummer alignment exceptions
- 1120967900 2005.07.09 R11-M0-NA-C:J14-U11 2005-07-09-20.58.20.470435 R11-M0-NA-C:J14-U11 RAS KERNEL INFO 1370357344 double-hummer alignment exceptions
- 1120967900 2005.07.09 R11-M0-NA-C:J12-U11 2005-07-09-20.58.20.547114 R11-M0-NA-C:J12-U11 RAS KERNEL INFO 1385335168 double-hummer alignment exceptions
- 1120967900 2005.07.09 R11-M0-NA-C:J10-U01 2005-07-09-20.58.20.624190 R11-M0-NA-C:J10-U01 RAS KERNEL INFO 1388367808 double-hummer alignment exceptions
- 1120967900 2005.07.09 R11-M0-NA-C:J04-U01 2005-07-09-20.58.20.693620 R11-M0-NA-C:J04-U01 RAS KERNEL INFO 1384496176 double-hummer alignment exceptions
- 1120968220 2005.07.09 R21-M0-NF-C:J14-U11 2005-07-09-21.03.40.089583 R21-M0-NF-C:J14-U11 RAS KERNEL INFO generating core.25112
- 1120968220 2005.07.09 R21-M0-NF-C:J06-U11 2005-07-09-21.03.40.159993 R21-M0-NF-C:J06-U11 RAS KERNEL INFO generating core.8730
- 1120968220 2005.07.09 R21-M0-NF-C:J12-U11 2005-07-09-21.03.40.224181 R21-M0-NF-C:J12-U11 RAS KERNEL INFO generating core.24601
- 1120968220 2005.07.09 R21-M0-NF-C:J16-U01 2005-07-09-21.03.40.299925 R21-M0-NF-C:J16-U01 RAS KERNEL INFO generating core.8200
- 1120968220 2005.07.09 R21-M0-NF-C:J10-U01 2005-07-09-21.03.40.361629 R21-M0-NF-C:J10-U01 RAS KERNEL INFO generating core.25097
- 1120968220 2005.07.09 R21-M0-NF-C:J08-U01 2005-07-09-21.03.40.432378 R21-M0-NF-C:J08-U01 RAS KERNEL INFO generating core.8202
- 1120968220 2005.07.09 R21-M0-NF-C:J04-U01 2005-07-09-21.03.40.500165 R21-M0-NF-C:J04-U01 RAS KERNEL INFO generating core.24587
- 1120968220 2005.07.09 R21-M0-NF-C:J04-U11 2005-07-09-21.03.40.570496 R21-M0-NF-C:J04-U11 RAS KERNEL INFO generating core.8219
- 1120968220 2005.07.09 R21-M0-NF-C:J02-U01 2005-07-09-21.03.40.632644 R21-M0-NF-C:J02-U01 RAS KERNEL INFO generating core.25099
- 1120968220 2005.07.09 R21-M0-ND-C:J09-U11 2005-07-09-21.03.40.710463 R21-M0-ND-C:J09-U11 RAS KERNEL INFO generating core.9274
- 1120968220 2005.07.09 R21-M0-ND-C:J15-U11 2005-07-09-21.03.40.774242 R21-M0-ND-C:J15-U11 RAS KERNEL INFO generating core.26168
- 1120968220 2005.07.09 R21-M0-ND-C:J13-U11 2005-07-09-21.03.40.845994 R21-M0-ND-C:J13-U11 RAS KERNEL INFO generating core.9273
- 1120968220 2005.07.09 R21-M0-ND-C:J17-U11 2005-07-09-21.03.40.908699 R21-M0-ND-C:J17-U11 RAS KERNEL INFO generating core.25656
- 1120968220 2005.07.09 R21-M0-ND-C:J03-U01 2005-07-09-21.03.40.979433 R21-M0-ND-C:J03-U01 RAS KERNEL INFO generating core.9771
- 1120968221 2005.07.09 R21-M0-ND-C:J05-U11 2005-07-09-21.03.41.048213 R21-M0-ND-C:J05-U11 RAS KERNEL INFO generating core.25659
- 1120968221 2005.07.09 R21-M0-ND-C:J07-U11 2005-07-09-21.03.41.127902 R21-M0-ND-C:J07-U11 RAS KERNEL INFO generating core.9786
- 1120968221 2005.07.09 R21-M0-ND-C:J15-U01 2005-07-09-21.03.41.191204 R21-M0-ND-C:J15-U01 RAS KERNEL INFO generating core.26152
- 1120968221 2005.07.09 R21-M0-ND-C:J11-U01 2005-07-09-21.03.41.262421 R21-M0-ND-C:J11-U01 RAS KERNEL INFO generating core.9769
- 1120968221 2005.07.09 R21-M0-ND-C:J07-U01 2005-07-09-21.03.41.324479 R21-M0-ND-C:J07-U01 RAS KERNEL INFO generating core.26154
- 1120968221 2005.07.09 R21-M0-ND-C:J09-U01 2005-07-09-21.03.41.407375 R21-M0-ND-C:J09-U01 RAS KERNEL INFO generating core.9258
- 1120968221 2005.07.09 R21-M0-ND-C:J16-U11 2005-07-09-21.03.41.469275 R21-M0-ND-C:J16-U11 RAS KERNEL INFO generating core.25624
- 1120968221 2005.07.09 R21-M0-ND-C:J14-U11 2005-07-09-21.03.41.539990 R21-M0-ND-C:J14-U11 RAS KERNEL INFO generating core.9752
- 1120968221 2005.07.09 R21-M0-ND-C:J10-U11 2005-07-09-21.03.41.603105 R21-M0-ND-C:J10-U11 RAS KERNEL INFO generating core.26137
- 1120968221 2005.07.09 R21-M0-ND-C:J12-U11 2005-07-09-21.03.41.687463 R21-M0-ND-C:J12-U11 RAS KERNEL INFO generating core.9241
- 1120968221 2005.07.09 R21-M0-ND-C:J14-U01 2005-07-09-21.03.41.769183 R21-M0-ND-C:J14-U01 RAS KERNEL INFO generating core.26120
- 1120968578 2005.07.09 R33-M1-NC-C:J05-U01 2005-07-09-21.09.38.382381 R33-M1-NC-C:J05-U01 RAS KERNEL INFO generating core.9639
- 1120968578 2005.07.09 R33-M1-NC-C:J03-U01 2005-07-09-21.09.38.447937 R33-M1-NC-C:J03-U01 RAS KERNEL INFO generating core.26535
- 1120968578 2005.07.09 R33-M1-NC-C:J03-U11 2005-07-09-21.09.38.519841 R33-M1-NC-C:J03-U11 RAS KERNEL INFO generating core.10167
- 1120968578 2005.07.09 R33-M1-NC-C:J07-U11 2005-07-09-21.09.38.595219 R33-M1-NC-C:J07-U11 RAS KERNEL INFO generating core.26550
- 1120968578 2005.07.09 R33-M1-NC-C:J17-U01 2005-07-09-21.09.38.666545 R33-M1-NC-C:J17-U01 RAS KERNEL INFO generating core.9636
- 1120968578 2005.07.09 R33-M1-NC-C:J11-U01 2005-07-09-21.09.38.739104 R33-M1-NC-C:J11-U01 RAS KERNEL INFO generating core.26533
- 1120968578 2005.07.09 R33-M1-NC-C:J13-U01 2005-07-09-21.09.38.811403 R33-M1-NC-C:J13-U01 RAS KERNEL INFO generating core.9637
- 1120968578 2005.07.09 R33-M1-NC-C:J09-U01 2005-07-09-21.09.38.874933 R33-M1-NC-C:J09-U01 RAS KERNEL INFO generating core.26022
- 1120968578 2005.07.09 R33-M1-NC-C:J08-U11 2005-07-09-21.09.38.948629 R33-M1-NC-C:J08-U11 RAS KERNEL INFO generating core.9622
- 1120968579 2005.07.09 R33-M1-NC-C:J14-U11 2005-07-09-21.09.39.013801 R33-M1-NC-C:J14-U11 RAS KERNEL INFO generating core.26516
- 1120968579 2005.07.09 R33-M1-NC-C:J06-U11 2005-07-09-21.09.39.090805 R33-M1-NC-C:J06-U11 RAS KERNEL INFO generating core.10134
- 1120968579 2005.07.09 R33-M1-NC-C:J12-U11 2005-07-09-21.09.39.165195 R33-M1-NC-C:J12-U11 RAS KERNEL INFO generating core.26005
- 1120968579 2005.07.09 R33-M1-NC-C:J10-U01 2005-07-09-21.09.39.235952 R33-M1-NC-C:J10-U01 RAS KERNEL INFO generating core.10117
- 1120968579 2005.07.09 R33-M1-NC-C:J12-U01 2005-07-09-21.09.39.302195 R33-M1-NC-C:J12-U01 RAS KERNEL INFO generating core.25989
- 1120968579 2005.07.09 R33-M1-NC-C:J04-U01 2005-07-09-21.09.39.373395 R33-M1-NC-C:J04-U01 RAS KERNEL INFO generating core.9607
- 1120968579 2005.07.09 R33-M1-NC-C:J06-U01 2005-07-09-21.09.39.436683 R33-M1-NC-C:J06-U01 RAS KERNEL INFO generating core.26502
- 1120968579 2005.07.09 R33-M1-NC-C:J02-U01 2005-07-09-21.09.39.512471 R33-M1-NC-C:J02-U01 RAS KERNEL INFO generating core.10119
- 1120968579 2005.07.09 R33-M1-NC-C:J02-U11 2005-07-09-21.09.39.575329 R33-M1-NC-C:J02-U11 RAS KERNEL INFO generating core.26519
- 1120968579 2005.07.09 R37-M1-N4-C:J15-U11 2005-07-09-21.09.39.656671 R37-M1-N4-C:J15-U11 RAS KERNEL INFO generating core.10100
- 1120968579 2005.07.09 R37-M1-N4-C:J11-U11 2005-07-09-21.09.39.721282 R37-M1-N4-C:J11-U11 RAS KERNEL INFO generating core.26485
- 1120968579 2005.07.09 R37-M1-N4-C:J17-U11 2005-07-09-21.09.39.801734 R37-M1-N4-C:J17-U11 RAS KERNEL INFO generating core.9588
- 1120968579 2005.07.09 R37-M1-N4-C:J05-U01 2005-07-09-21.09.39.869902 R37-M1-N4-C:J05-U01 RAS KERNEL INFO generating core.25959
- 1120968579 2005.07.09 R37-M1-N4-C:J05-U11 2005-07-09-21.09.39.944053 R37-M1-N4-C:J05-U11 RAS KERNEL INFO generating core.9591
- 1120968580 2005.07.09 R37-M1-N4-C:J03-U11 2005-07-09-21.09.40.009758 R37-M1-N4-C:J03-U11 RAS KERNEL INFO generating core.26487
- 1120968580 2005.07.09 R37-M1-N4-C:J15-U01 2005-07-09-21.09.40.083027 R37-M1-N4-C:J15-U01 RAS KERNEL INFO generating core.10084
- 1120969115 2005.07.09 R20-M1-N7-C:J02-U01 2005-07-09-21.18.35.824490 R20-M1-N7-C:J02-U01 RAS KERNEL INFO generating core.16971
- 1120969115 2005.07.09 R22-M1-N1-C:J03-U01 2005-07-09-21.18.35.901536 R22-M1-N1-C:J03-U01 RAS KERNEL INFO generating core.4075
- 1120969115 2005.07.09 R22-M1-N1-C:J07-U11 2005-07-09-21.18.35.962577 R22-M1-N1-C:J07-U11 RAS KERNEL INFO generating core.20474
- 1120969116 2005.07.09 R22-M1-N1-C:J13-U01 2005-07-09-21.18.36.032406 R22-M1-N1-C:J13-U01 RAS KERNEL INFO generating core.3561
- 1120969116 2005.07.09 R22-M1-N1-C:J10-U11 2005-07-09-21.18.36.093588 R22-M1-N1-C:J10-U11 RAS KERNEL INFO generating core.20441
- 1120969116 2005.07.09 R22-M1-N1-C:J02-U01 2005-07-09-21.18.36.164400 R22-M1-N1-C:J02-U01 RAS KERNEL INFO generating core.4043
- 1120969116 2005.07.09 R26-M0-NE-C:J15-U11 2005-07-09-21.18.36.232456 R26-M0-NE-C:J15-U11 RAS KERNEL INFO generating core.29500
- 1120969116 2005.07.09 R26-M0-NE-C:J11-U01 2005-07-09-21.18.36.307208 R26-M0-NE-C:J11-U01 RAS KERNEL INFO generating core.13101
- 1120969116 2005.07.09 R26-M0-NE-C:J09-U01 2005-07-09-21.18.36.371200 R26-M0-NE-C:J09-U01 RAS KERNEL INFO generating core.28974
- 1120969116 2005.07.09 R26-M0-NE-C:J14-U11 2005-07-09-21.18.36.446799 R26-M0-NE-C:J14-U11 RAS KERNEL INFO generating core.13084
- 1120969116 2005.07.09 R26-M0-NE-C:J10-U01 2005-07-09-21.18.36.509544 R26-M0-NE-C:J10-U01 RAS KERNEL INFO generating core.29453
- 1120969116 2005.07.09 R26-M0-NE-C:J04-U01 2005-07-09-21.18.36.581564 R26-M0-NE-C:J04-U01 RAS KERNEL INFO generating core.12559
- 1120969116 2005.07.09 R26-M0-NA-C:J09-U11 2005-07-09-21.18.36.653043 R26-M0-NA-C:J09-U11 RAS KERNEL INFO generating core.31038
- 1120969116 2005.07.09 R26-M0-NA-C:J05-U11 2005-07-09-21.18.36.723618 R26-M0-NA-C:J05-U11 RAS KERNEL INFO generating core.14655
- 1120969116 2005.07.09 R26-M0-NA-C:J16-U11 2005-07-09-21.18.36.784742 R26-M0-NA-C:J16-U11 RAS KERNEL INFO generating core.31004
- 1120969116 2005.07.09 R26-M0-NA-C:J14-U01 2005-07-09-21.18.36.855052 R26-M0-NA-C:J14-U01 RAS KERNEL INFO generating core.15116
- 1120969116 2005.07.09 R26-M0-NA-C:J04-U11 2005-07-09-21.18.36.917268 R26-M0-NA-C:J04-U11 RAS KERNEL INFO generating core.31007
- 1120969116 2005.07.09 R26-M0-ND-C:J13-U11 2005-07-09-21.18.36.992474 R26-M0-ND-C:J13-U11 RAS KERNEL INFO generating core.13625
- 1120969117 2005.07.09 R26-M0-ND-C:J17-U11 2005-07-09-21.18.37.054087 R26-M0-ND-C:J17-U11 RAS KERNEL INFO generating core.30008
- 1120969117 2005.07.09 R26-M0-ND-C:J05-U11 2005-07-09-21.18.37.124370 R26-M0-ND-C:J05-U11 RAS KERNEL INFO generating core.13627
- 1120969117 2005.07.09 R26-M0-ND-C:J09-U01 2005-07-09-21.18.37.186185 R26-M0-ND-C:J09-U01 RAS KERNEL INFO generating core.29994
- 1120969117 2005.07.09 R26-M0-ND-C:J14-U11 2005-07-09-21.18.37.255309 R26-M0-ND-C:J14-U11 RAS KERNEL INFO generating core.14104
- 1120969117 2005.07.09 R26-M0-ND-C:J06-U01 2005-07-09-21.18.37.316594 R26-M0-ND-C:J06-U01 RAS KERNEL INFO generating core.30474
- 1120969117 2005.07.09 R26-M0-N1-C:J15-U11 2005-07-09-21.18.37.398214 R26-M0-N1-C:J15-U11 RAS KERNEL INFO generating core.16248
- 1120969117 2005.07.09 R26-M0-N1-C:J03-U01 2005-07-09-21.18.37.460690 R26-M0-N1-C:J03-U01 RAS KERNEL INFO generating core.32619
- 1120969479 2005.07.09 R34-M0-N5-C:J08-U11 2005-07-09-21.24.39.187203 R34-M0-N5-C:J08-U11 RAS KERNEL INFO generating core.17618
- 1120969479 2005.07.09 R34-M0-N5-C:J14-U01 2005-07-09-21.24.39.259125 R34-M0-N5-C:J14-U01 RAS KERNEL INFO generating core.1728
- 1120969479 2005.07.09 R34-M0-N5-C:J16-U01 2005-07-09-21.24.39.328455 R34-M0-N5-C:J16-U01 RAS KERNEL INFO generating core.17600
- 1120969479 2005.07.09 R34-M0-N5-C:J04-U11 2005-07-09-21.24.39.406189 R34-M0-N5-C:J04-U11 RAS KERNEL INFO generating core.1235
- 1120969479 2005.07.09 R34-M0-N5-C:J02-U11 2005-07-09-21.24.39.469968 R34-M0-N5-C:J02-U11 RAS KERNEL INFO generating core.18131
- 1120969479 2005.07.09 R33-M0-N7-C:J15-U11 2005-07-09-21.24.39.546561 R33-M0-N7-C:J15-U11 RAS KERNEL INFO generating core.5104
- 1120969479 2005.07.09 R33-M0-N7-C:J11-U11 2005-07-09-21.24.39.610597 R33-M0-N7-C:J11-U11 RAS KERNEL INFO generating core.21489
- 1120969479 2005.07.09 R33-M0-N7-C:J17-U11 2005-07-09-21.24.39.683246 R33-M0-N7-C:J17-U11 RAS KERNEL INFO generating core.4592
- 1120969479 2005.07.09 R33-M0-N7-C:J03-U01 2005-07-09-21.24.39.753021 R33-M0-N7-C:J03-U01 RAS KERNEL INFO generating core.21475
- 1120969479 2005.07.09 R33-M0-N7-C:J03-U11 2005-07-09-21.24.39.824767 R33-M0-N7-C:J03-U11 RAS KERNEL INFO generating core.5107
- 1120969479 2005.07.09 R33-M0-N7-C:J07-U11 2005-07-09-21.24.39.889970 R33-M0-N7-C:J07-U11 RAS KERNEL INFO generating core.21490
- 1120969479 2005.07.09 R33-M0-N7-C:J11-U01 2005-07-09-21.24.39.961748 R33-M0-N7-C:J11-U01 RAS KERNEL INFO generating core.5089
- 1120969480 2005.07.09 R33-M0-N7-C:J07-U01 2005-07-09-21.24.40.025842 R33-M0-N7-C:J07-U01 RAS KERNEL INFO generating core.21474
- 1120969480 2005.07.09 R33-M0-N7-C:J08-U11 2005-07-09-21.24.40.099740 R33-M0-N7-C:J08-U11 RAS KERNEL INFO generating core.4562
- 1120969480 2005.07.09 R33-M0-N7-C:J14-U11 2005-07-09-21.24.40.169435 R33-M0-N7-C:J14-U11 RAS KERNEL INFO generating core.21456
- 1120969480 2005.07.09 R33-M0-N7-C:J14-U01 2005-07-09-21.24.40.241174 R33-M0-N7-C:J14-U01 RAS KERNEL INFO generating core.5056
- 1120969480 2005.07.09 R33-M0-N7-C:J16-U01 2005-07-09-21.24.40.304363 R33-M0-N7-C:J16-U01 RAS KERNEL INFO generating core.20928
- 1120969480 2005.07.09 R33-M0-N7-C:J08-U01 2005-07-09-21.24.40.376698 R33-M0-N7-C:J08-U01 RAS KERNEL INFO generating core.4546
- 1120969480 2005.07.09 R33-M0-N7-C:J06-U01 2005-07-09-21.24.40.440332 R33-M0-N7-C:J06-U01 RAS KERNEL INFO generating core.21442
- 1120969480 2005.07.09 R33-M0-N7-C:J02-U11 2005-07-09-21.24.40.518523 R33-M0-N7-C:J02-U11 RAS KERNEL INFO generating core.5075
- 1120969480 2005.07.09 R34-M0-N1-C:J15-U11 2005-07-09-21.24.40.587481 R34-M0-N1-C:J15-U11 RAS KERNEL INFO generating core.20208
- 1120969480 2005.07.09 R34-M0-N1-C:J13-U11 2005-07-09-21.24.40.660359 R34-M0-N1-C:J13-U11 RAS KERNEL INFO generating core.3313
- 1120969480 2005.07.09 R34-M0-N1-C:J17-U11 2005-07-09-21.24.40.732548 R34-M0-N1-C:J17-U11 RAS KERNEL INFO generating core.19696
- 1120969480 2005.07.09 R34-M0-N1-C:J03-U11 2005-07-09-21.24.40.805244 R34-M0-N1-C:J03-U11 RAS KERNEL INFO generating core.3827
- 1120969480 2005.07.09 R34-M0-N1-C:J07-U11 2005-07-09-21.24.40.875704 R34-M0-N1-C:J07-U11 RAS KERNEL INFO generating core.20210
- 1120969854 2005.07.09 R00-M1-N5-C:J16-U11 2005-07-09-21.30.54.540029 R00-M1-N5-C:J16-U11 RAS KERNEL INFO generating core.3368
- 1120969854 2005.07.09 R00-M1-N5-C:J10-U11 2005-07-09-21.30.54.602292 R00-M1-N5-C:J10-U11 RAS KERNEL INFO generating core.3497
- 1120969854 2005.07.09 R00-M1-N5-C:J14-U01 2005-07-09-21.30.54.663367 R00-M1-N5-C:J14-U01 RAS KERNEL INFO generating core.3488
- 1120969854 2005.07.09 R00-M1-N5-C:J12-U01 2005-07-09-21.30.54.723818 R00-M1-N5-C:J12-U01 RAS KERNEL INFO generating core.3361
- 1120969854 2005.07.09 R00-M1-N5-C:J06-U01 2005-07-09-21.30.54.783855 R00-M1-N5-C:J06-U01 RAS KERNEL INFO generating core.3490
- 1120969854 2005.07.09 R00-M1-N5-C:J02-U11 2005-07-09-21.30.54.847093 R00-M1-N5-C:J02-U11 RAS KERNEL INFO generating core.3499
- 1120969854 2005.07.09 R04-M1-N1-C:J11-U11 2005-07-09-21.30.54.913002 R04-M1-N1-C:J11-U11 RAS KERNEL INFO generating core.4089
- 1120969854 2005.07.09 R04-M1-N1-C:J05-U01 2005-07-09-21.30.54.978552 R04-M1-N1-C:J05-U01 RAS KERNEL INFO generating core.3955
- 1120969855 2005.07.09 R04-M1-N1-C:J03-U11 2005-07-09-21.30.55.041401 R04-M1-N1-C:J03-U11 RAS KERNEL INFO generating core.4091
- 1120969855 2005.07.09 R04-M1-N1-C:J17-U01 2005-07-09-21.30.55.110758 R04-M1-N1-C:J17-U01 RAS KERNEL INFO generating core.3952
- 1120969855 2005.07.09 R04-M1-N1-C:J13-U01 2005-07-09-21.30.55.175480 R04-M1-N1-C:J13-U01 RAS KERNEL INFO generating core.3953
- 1120969855 2005.07.09 R04-M1-N1-C:J08-U11 2005-07-09-21.30.55.237755 R04-M1-N1-C:J08-U11 RAS KERNEL INFO generating core.3946
- 1120969855 2005.07.09 R04-M1-N1-C:J06-U11 2005-07-09-21.30.55.300292 R04-M1-N1-C:J06-U11 RAS KERNEL INFO generating core.4074
- 1120969855 2005.07.09 R04-M1-N1-C:J16-U01 2005-07-09-21.30.55.363105 R04-M1-N1-C:J16-U01 RAS KERNEL INFO generating core.3936
- 1120969855 2005.07.09 R04-M1-N1-C:J08-U01 2005-07-09-21.30.55.427687 R04-M1-N1-C:J08-U01 RAS KERNEL INFO generating core.3938
- 1120969855 2005.07.09 R04-M1-N1-C:J04-U11 2005-07-09-21.30.55.502601 R04-M1-N1-C:J04-U11 RAS KERNEL INFO generating core.3947
- 1120969855 2005.07.09 R00-M1-N6-C:J09-U11 2005-07-09-21.30.55.571539 R00-M1-N6-C:J09-U11 RAS KERNEL INFO generating core.3134
- 1120969855 2005.07.09 R00-M1-N6-C:J13-U11 2005-07-09-21.30.55.632587 R00-M1-N6-C:J13-U11 RAS KERNEL INFO generating core.3133
- 1120969855 2005.07.09 R00-M1-N6-C:J03-U01 2005-07-09-21.30.55.693886 R00-M1-N6-C:J03-U01 RAS KERNEL INFO generating core.3255
- 1120969855 2005.07.09 R00-M1-N6-C:J07-U11 2005-07-09-21.30.55.754804 R00-M1-N6-C:J07-U11 RAS KERNEL INFO generating core.3262
- 1120969855 2005.07.09 R00-M1-N6-C:J11-U01 2005-07-09-21.30.55.816808 R00-M1-N6-C:J11-U01 RAS KERNEL INFO generating core.3253
- 1120969855 2005.07.09 R00-M1-N6-C:J09-U01 2005-07-09-21.30.55.883722 R00-M1-N6-C:J09-U01 RAS KERNEL INFO generating core.3126
- 1120969855 2005.07.09 R00-M1-N6-C:J14-U11 2005-07-09-21.30.55.946560 R00-M1-N6-C:J14-U11 RAS KERNEL INFO generating core.3244
- 1120969856 2005.07.09 R00-M1-N6-C:J12-U11 2005-07-09-21.30.56.022680 R00-M1-N6-C:J12-U11 RAS KERNEL INFO generating core.3117
- 1120969856 2005.07.09 R00-M1-N6-C:J10-U01 2005-07-09-21.30.56.091080 R00-M1-N6-C:J10-U01 RAS KERNEL INFO generating core.3237
- 1120975804 2005.07.09 R01-M1-N3-C:J14-U11 2005-07-09-23.10.04.896678 R01-M1-N3-C:J14-U11 RAS KERNEL INFO generating core.2728
- 1120975804 2005.07.09 R01-M1-N3-C:J12-U11 2005-07-09-23.10.04.960275 R01-M1-N3-C:J12-U11 RAS KERNEL INFO generating core.2601
- 1120975805 2005.07.09 R01-M1-N3-C:J10-U01 2005-07-09-23.10.05.021656 R01-M1-N3-C:J10-U01 RAS KERNEL INFO generating core.2721
- 1120975805 2005.07.09 R01-M1-N3-C:J04-U01 2005-07-09-23.10.05.085963 R01-M1-N3-C:J04-U01 RAS KERNEL INFO generating core.2595
- 1120975805 2005.07.09 R01-M1-N3-C:J02-U01 2005-07-09-23.10.05.148208 R01-M1-N3-C:J02-U01 RAS KERNEL INFO generating core.2723
- 1120975805 2005.07.09 R01-M1-NA-C:J15-U11 2005-07-09-23.10.05.209187 R01-M1-NA-C:J15-U11 RAS KERNEL INFO generating core.2716
- 1120975805 2005.07.09 R01-M1-NA-C:J17-U11 2005-07-09-23.10.05.284484 R01-M1-NA-C:J17-U11 RAS KERNEL INFO generating core.2588
- 1120975805 2005.07.09 R01-M1-NA-C:J05-U11 2005-07-09-23.10.05.345240 R01-M1-NA-C:J05-U11 RAS KERNEL INFO generating core.2591
- 1120975805 2005.07.09 R01-M1-NA-C:J15-U01 2005-07-09-23.10.05.406182 R01-M1-NA-C:J15-U01 RAS KERNEL INFO generating core.2708
- 1120975805 2005.07.09 R01-M1-NA-C:J07-U01 2005-07-09-23.10.05.466859 R01-M1-NA-C:J07-U01 RAS KERNEL INFO generating core.2710
- 1120975805 2005.07.09 R01-M1-NA-C:J16-U11 2005-07-09-23.10.05.527919 R01-M1-NA-C:J16-U11 RAS KERNEL INFO generating core.2572
- 1120975805 2005.07.09 R01-M1-NA-C:J10-U11 2005-07-09-23.10.05.592971 R01-M1-NA-C:J10-U11 RAS KERNEL INFO generating core.2701
- 1120975805 2005.07.09 R01-M1-NA-C:J14-U01 2005-07-09-23.10.05.653430 R01-M1-NA-C:J14-U01 RAS KERNEL INFO generating core.2692
- 1120975805 2005.07.09 R01-M1-NA-C:J12-U01 2005-07-09-23.10.05.714892 R01-M1-NA-C:J12-U01 RAS KERNEL INFO generating core.2565
- 1120975805 2005.07.09 R01-M1-NA-C:J06-U01 2005-07-09-23.10.05.802739 R01-M1-NA-C:J06-U01 RAS KERNEL INFO generating core.2694
- 1120975805 2005.07.09 R01-M1-NA-C:J02-U11 2005-07-09-23.10.05.863019 R01-M1-NA-C:J02-U11 RAS KERNEL INFO generating core.2703
- 1120975805 2005.07.09 R01-M1-N7-C:J11-U11 2005-07-09-23.10.05.925293 R01-M1-N7-C:J11-U11 RAS KERNEL INFO generating core.2233
- 1120975805 2005.07.09 R01-M1-N7-C:J05-U01 2005-07-09-23.10.05.986618 R01-M1-N7-C:J05-U01 RAS KERNEL INFO generating core.2099
- 1120975806 2005.07.09 R01-M1-N7-C:J03-U11 2005-07-09-23.10.06.046862 R01-M1-N7-C:J03-U11 RAS KERNEL INFO generating core.2235
- 1120975806 2005.07.09 R01-M1-N7-C:J17-U01 2005-07-09-23.10.06.108733 R01-M1-N7-C:J17-U01 RAS KERNEL INFO generating core.2096
- 1120975806 2005.07.09 R01-M1-N7-C:J13-U01 2005-07-09-23.10.06.169723 R01-M1-N7-C:J13-U01 RAS KERNEL INFO generating core.2097
- 1120975806 2005.07.09 R01-M1-N7-C:J08-U11 2005-07-09-23.10.06.230758 R01-M1-N7-C:J08-U11 RAS KERNEL INFO generating core.2090
- 1120975806 2005.07.09 R01-M1-N7-C:J06-U11 2005-07-09-23.10.06.308809 R01-M1-N7-C:J06-U11 RAS KERNEL INFO generating core.2218
- 1120975806 2005.07.09 R01-M1-N7-C:J16-U01 2005-07-09-23.10.06.369991 R01-M1-N7-C:J16-U01 RAS KERNEL INFO generating core.2080
- 1120975806 2005.07.09 R01-M1-N7-C:J08-U01 2005-07-09-23.10.06.430639 R01-M1-N7-C:J08-U01 RAS KERNEL INFO generating core.2082
- 1121006662 2005.07.10 R33-M1-NA-C:J04-U11 2005-07-10-07.44.22.380708 R33-M1-NA-C:J04-U11 RAS KERNEL INFO generating core.27031
- 1121006662 2005.07.10 R33-M1-NA-C:J02-U11 2005-07-10-07.44.22.452982 R33-M1-NA-C:J02-U11 RAS KERNEL INFO generating core.11159
- 1121006662 2005.07.10 R33-M0-N1-C:J09-U11 2005-07-10-07.44.22.534625 R33-M0-N1-C:J09-U11 RAS KERNEL INFO generating core.24050
- 1121006662 2005.07.10 R33-M0-N1-C:J11-U11 2005-07-10-07.44.22.608578 R33-M0-N1-C:J11-U11 RAS KERNEL INFO generating core.8177
- 1121006662 2005.07.10 R33-M0-N1-C:J13-U11 2005-07-10-07.44.22.672520 R33-M0-N1-C:J13-U11 RAS KERNEL INFO generating core.24049
- 1121006662 2005.07.10 R33-M0-N1-C:J05-U01 2005-07-10-07.44.22.744938 R33-M0-N1-C:J05-U01 RAS KERNEL INFO generating core.7651
- 1121006662 2005.07.10 R33-M0-N1-C:J03-U01 2005-07-10-07.44.22.813574 R33-M0-N1-C:J03-U01 RAS KERNEL INFO generating core.24547
- 1121006662 2005.07.10 R33-M0-N1-C:J03-U11 2005-07-10-07.44.22.893691 R33-M0-N1-C:J03-U11 RAS KERNEL INFO generating core.8179
- 1121006662 2005.07.10 R33-M0-N1-C:J07-U11 2005-07-10-07.44.22.956861 R33-M0-N1-C:J07-U11 RAS KERNEL INFO generating core.24562
- 1121006663 2005.07.10 R33-M0-N1-C:J17-U01 2005-07-10-07.44.23.029234 R33-M0-N1-C:J17-U01 RAS KERNEL INFO generating core.7648
- 1121006663 2005.07.10 R33-M0-N1-C:J11-U01 2005-07-10-07.44.23.092511 R33-M0-N1-C:J11-U01 RAS KERNEL INFO generating core.24545
- 1121006663 2005.07.10 R33-M0-N1-C:J13-U01 2005-07-10-07.44.23.166940 R33-M0-N1-C:J13-U01 RAS KERNEL INFO generating core.7649
- 1121006663 2005.07.10 R33-M0-N1-C:J09-U01 2005-07-10-07.44.23.230457 R33-M0-N1-C:J09-U01 RAS KERNEL INFO generating core.24034
- 1121006663 2005.07.10 R33-M0-N1-C:J08-U11 2005-07-10-07.44.23.311715 R33-M0-N1-C:J08-U11 RAS KERNEL INFO generating core.7634
- 1121006663 2005.07.10 R33-M0-N1-C:J14-U11 2005-07-10-07.44.23.374848 R33-M0-N1-C:J14-U11 RAS KERNEL INFO generating core.24528
- 1121006663 2005.07.10 R33-M0-N1-C:J06-U11 2005-07-10-07.44.23.445569 R33-M0-N1-C:J06-U11 RAS KERNEL INFO generating core.8146
- 1121006663 2005.07.10 R33-M0-N1-C:J12-U11 2005-07-10-07.44.23.508250 R33-M0-N1-C:J12-U11 RAS KERNEL INFO generating core.24017
- 1121006663 2005.07.10 R33-M0-N1-C:J16-U01 2005-07-10-07.44.23.578957 R33-M0-N1-C:J16-U01 RAS KERNEL INFO generating core.7616
- 1121006663 2005.07.10 R33-M0-N1-C:J10-U01 2005-07-10-07.44.23.649334 R33-M0-N1-C:J10-U01 RAS KERNEL INFO generating core.24513
- 1121006663 2005.07.10 R33-M0-N1-C:J08-U01 2005-07-10-07.44.23.720478 R33-M0-N1-C:J08-U01 RAS KERNEL INFO generating core.7618
- 1121006663 2005.07.10 R33-M0-N1-C:J04-U01 2005-07-10-07.44.23.783753 R33-M0-N1-C:J04-U01 RAS KERNEL INFO generating core.24003
- 1121006663 2005.07.10 R33-M0-N1-C:J04-U11 2005-07-10-07.44.23.854430 R33-M0-N1-C:J04-U11 RAS KERNEL INFO generating core.7635
- 1121006663 2005.07.10 R33-M0-N1-C:J02-U01 2005-07-10-07.44.23.917214 R33-M0-N1-C:J02-U01 RAS KERNEL INFO generating core.24515
- 1121006664 2005.07.10 R31-M1-NF-C:J09-U11 2005-07-10-07.44.24.006904 R31-M1-NF-C:J09-U11 RAS KERNEL INFO generating core.8242
- 1121006664 2005.07.10 R31-M1-NF-C:J15-U11 2005-07-10-07.44.24.069620 R31-M1-NF-C:J15-U11 RAS KERNEL INFO generating core.25136
- 1121007019 2005.07.10 R24-M1-N8-C:J09-U01 2005-07-10-07.50.19.169448 R24-M1-N8-C:J09-U01 RAS KERNEL INFO generating core.3246
- 1121007019 2005.07.10 R24-M1-N8-C:J16-U11 2005-07-10-07.50.19.232285 R24-M1-N8-C:J16-U11 RAS KERNEL INFO generating core.19612
- 1121007019 2005.07.10 R24-M1-N8-C:J14-U11 2005-07-10-07.50.19.302396 R24-M1-N8-C:J14-U11 RAS KERNEL INFO generating core.3740
- 1121007019 2005.07.10 R24-M1-N8-C:J10-U11 2005-07-10-07.50.19.369826 R24-M1-N8-C:J10-U11 RAS KERNEL INFO generating core.20125
- 1121007019 2005.07.10 R24-M1-N8-C:J12-U11 2005-07-10-07.50.19.439373 R24-M1-N8-C:J12-U11 RAS KERNEL INFO generating core.3229
- 1121007019 2005.07.10 R24-M1-N8-C:J14-U01 2005-07-10-07.50.19.501370 R24-M1-N8-C:J14-U01 RAS KERNEL INFO generating core.20108
- 1121007019 2005.07.10 R24-M1-N8-C:J10-U01 2005-07-10-07.50.19.571455 R24-M1-N8-C:J10-U01 RAS KERNEL INFO generating core.3725
- 1121007019 2005.07.10 R24-M1-N8-C:J12-U01 2005-07-10-07.50.19.633391 R24-M1-N8-C:J12-U01 RAS KERNEL INFO generating core.19597
- 1121007019 2005.07.10 R24-M1-N8-C:J04-U01 2005-07-10-07.50.19.704428 R24-M1-N8-C:J04-U01 RAS KERNEL INFO generating core.3215
- 1121007019 2005.07.10 R24-M1-N8-C:J06-U01 2005-07-10-07.50.19.772794 R24-M1-N8-C:J06-U01 RAS KERNEL INFO generating core.20110
- 1121007019 2005.07.10 R24-M1-N8-C:J02-U01 2005-07-10-07.50.19.842966 R24-M1-N8-C:J02-U01 RAS KERNEL INFO generating core.3727
- 1121007019 2005.07.10 R24-M1-N8-C:J02-U11 2005-07-10-07.50.19.904729 R24-M1-N8-C:J02-U11 RAS KERNEL INFO generating core.20127
- 1121007019 2005.07.10 R33-M1-N4-C:J15-U11 2005-07-10-07.50.19.982689 R33-M1-N4-C:J15-U11 RAS KERNEL INFO generating core.10228
- 1121007020 2005.07.10 R33-M1-N4-C:J11-U11 2005-07-10-07.50.20.064432 R33-M1-N4-C:J11-U11 RAS KERNEL INFO generating core.26613
- 1121007020 2005.07.10 R33-M1-N4-C:J17-U11 2005-07-10-07.50.20.139142 R33-M1-N4-C:J17-U11 RAS KERNEL INFO generating core.9716
- 1121007020 2005.07.10 R33-M1-N4-C:J05-U01 2005-07-10-07.50.20.203906 R33-M1-N4-C:J05-U01 RAS KERNEL INFO generating core.26087
- 1121007020 2005.07.10 R33-M1-N4-C:J05-U11 2005-07-10-07.50.20.277019 R33-M1-N4-C:J05-U11 RAS KERNEL INFO generating core.9719
- 1121007020 2005.07.10 R33-M1-N4-C:J03-U11 2005-07-10-07.50.20.342047 R33-M1-N4-C:J03-U11 RAS KERNEL INFO generating core.26615
- 1121007020 2005.07.10 R33-M1-N4-C:J15-U01 2005-07-10-07.50.20.415578 R33-M1-N4-C:J15-U01 RAS KERNEL INFO generating core.10212
- 1121007020 2005.07.10 R33-M1-N4-C:J17-U01 2005-07-10-07.50.20.483325 R33-M1-N4-C:J17-U01 RAS KERNEL INFO generating core.26084
- 1121007020 2005.07.10 R33-M1-N4-C:J07-U01 2005-07-10-07.50.20.566023 R33-M1-N4-C:J07-U01 RAS KERNEL INFO generating core.10214
- 1121007020 2005.07.10 R33-M1-N4-C:J13-U01 2005-07-10-07.50.20.630291 R33-M1-N4-C:J13-U01 RAS KERNEL INFO generating core.26085
- 1121007020 2005.07.10 R33-M1-N4-C:J16-U11 2005-07-10-07.50.20.704586 R33-M1-N4-C:J16-U11 RAS KERNEL INFO generating core.9684
- 1121007020 2005.07.10 R33-M1-N4-C:J08-U11 2005-07-10-07.50.20.768366 R33-M1-N4-C:J08-U11 RAS KERNEL INFO generating core.26070
- 1121007020 2005.07.10 R33-M1-N4-C:J10-U11 2005-07-10-07.50.20.840945 R33-M1-N4-C:J10-U11 RAS KERNEL INFO generating core.10197
- 1121172260 2005.07.12 R22-M0-N5-C:J17-U01 2005-07-12-05.44.20.880295 R22-M0-N5-C:J17-U01 RAS KERNEL INFO generating core.13800
- 1121172260 2005.07.12 R22-M0-N5-C:J13-U01 2005-07-12-05.44.20.956867 R22-M0-N5-C:J13-U01 RAS KERNEL INFO generating core.13801
- 1121172261 2005.07.12 R22-M0-N5-C:J08-U11 2005-07-12-05.44.21.034098 R22-M0-N5-C:J08-U11 RAS KERNEL INFO generating core.13786
- 1121172261 2005.07.12 R22-M0-N5-C:J06-U11 2005-07-12-05.44.21.111262 R22-M0-N5-C:J06-U11 RAS KERNEL INFO generating core.14298
- 1121172261 2005.07.12 R22-M0-N5-C:J16-U01 2005-07-12-05.44.21.188103 R22-M0-N5-C:J16-U01 RAS KERNEL INFO generating core.13768
- 1121172261 2005.07.12 R22-M0-N5-C:J08-U01 2005-07-12-05.44.21.275097 R22-M0-N5-C:J08-U01 RAS KERNEL INFO generating core.13770
- 1121172261 2005.07.12 R22-M0-N5-C:J04-U11 2005-07-12-05.44.21.353305 R22-M0-N5-C:J04-U11 RAS KERNEL INFO generating core.13787
- 1121172261 2005.07.12 R31-M1-N9-C:J09-U11 2005-07-12-05.44.21.439924 R31-M1-N9-C:J09-U11 RAS KERNEL INFO generating core.11314
- 1121172261 2005.07.12 R31-M1-N9-C:J13-U11 2005-07-12-05.44.21.536964 R31-M1-N9-C:J13-U11 RAS KERNEL INFO generating core.11313
- 1121172261 2005.07.12 R31-M1-N9-C:J03-U01 2005-07-12-05.44.21.621487 R31-M1-N9-C:J03-U01 RAS KERNEL INFO generating core.11811
- 1121172261 2005.07.12 R31-M1-N9-C:J07-U11 2005-07-12-05.44.21.705481 R31-M1-N9-C:J07-U11 RAS KERNEL INFO generating core.11826
- 1121172261 2005.07.12 R31-M1-N9-C:J11-U01 2005-07-12-05.44.21.795907 R31-M1-N9-C:J11-U01 RAS KERNEL INFO generating core.11809
- 1121172261 2005.07.12 R31-M1-N9-C:J09-U01 2005-07-12-05.44.21.879866 R31-M1-N9-C:J09-U01 RAS KERNEL INFO generating core.11298
- 1121172261 2005.07.12 R31-M1-N9-C:J14-U11 2005-07-12-05.44.21.963956 R31-M1-N9-C:J14-U11 RAS KERNEL INFO generating core.11792
- 1121172262 2005.07.12 R31-M1-N9-C:J12-U11 2005-07-12-05.44.22.051365 R31-M1-N9-C:J12-U11 RAS KERNEL INFO generating core.11281
- 1121172262 2005.07.12 R31-M1-N9-C:J10-U01 2005-07-12-05.44.22.135371 R31-M1-N9-C:J10-U01 RAS KERNEL INFO generating core.11777
- 1121172262 2005.07.12 R31-M1-N9-C:J04-U01 2005-07-12-05.44.22.226320 R31-M1-N9-C:J04-U01 RAS KERNEL INFO generating core.11267
- 1121172262 2005.07.12 R31-M1-N9-C:J02-U01 2005-07-12-05.44.22.310360 R31-M1-N9-C:J02-U01 RAS KERNEL INFO generating core.11779
- 1121172262 2005.07.12 R31-M0-N9-C:J15-U11 2005-07-12-05.44.22.496836 R31-M0-N9-C:J15-U11 RAS KERNEL INFO generating core.7728
- 1121172262 2005.07.12 R31-M0-N9-C:J17-U11 2005-07-12-05.44.22.581090 R31-M0-N9-C:J17-U11 RAS KERNEL INFO generating core.7216
- 1121172262 2005.07.12 R31-M0-N9-C:J05-U11 2005-07-12-05.44.22.664759 R31-M0-N9-C:J05-U11 RAS KERNEL INFO generating core.7219
- 1121172262 2005.07.12 R31-M0-N9-C:J15-U01 2005-07-12-05.44.22.757350 R31-M0-N9-C:J15-U01 RAS KERNEL INFO generating core.7712
- 1121172262 2005.07.12 R31-M0-N9-C:J07-U01 2005-07-12-05.44.22.843413 R31-M0-N9-C:J07-U01 RAS KERNEL INFO generating core.7714
- 1121172262 2005.07.12 R31-M0-N9-C:J16-U11 2005-07-12-05.44.22.928468 R31-M0-N9-C:J16-U11 RAS KERNEL INFO generating core.7184
- 1121172263 2005.07.12 R31-M0-N9-C:J10-U11 2005-07-12-05.44.23.012335 R31-M0-N9-C:J10-U11 RAS KERNEL INFO generating core.7697
- 1121172924 2005.07.12 R12-M0-N6-C:J05-U01 2005-07-12-05.55.24.912541 R12-M0-N6-C:J05-U01 RAS KERNEL INFO generating core.6391
- 1121172924 2005.07.12 R12-M0-N6-C:J03-U11 2005-07-12-05.55.24.980833 R12-M0-N6-C:J03-U11 RAS KERNEL INFO generating core.6655
- 1121172925 2005.07.12 R12-M0-N6-C:J17-U01 2005-07-12-05.55.25.049087 R12-M0-N6-C:J17-U01 RAS KERNEL INFO generating core.6388
- 1121172925 2005.07.12 R12-M0-N6-C:J13-U01 2005-07-12-05.55.25.125909 R12-M0-N6-C:J13-U01 RAS KERNEL INFO generating core.6389
- 1121172925 2005.07.12 R12-M0-N6-C:J08-U11 2005-07-12-05.55.25.191761 R12-M0-N6-C:J08-U11 RAS KERNEL INFO generating core.6382
- 1121172925 2005.07.12 R12-M0-N6-C:J06-U11 2005-07-12-05.55.25.258243 R12-M0-N6-C:J06-U11 RAS KERNEL INFO generating core.6638
- 1121172925 2005.07.12 R12-M0-N6-C:J16-U01 2005-07-12-05.55.25.323894 R12-M0-N6-C:J16-U01 RAS KERNEL INFO generating core.6372
- 1121172925 2005.07.12 R12-M0-N6-C:J08-U01 2005-07-12-05.55.25.389437 R12-M0-N6-C:J08-U01 RAS KERNEL INFO generating core.6374
- 1121172925 2005.07.12 R12-M0-N6-C:J04-U11 2005-07-12-05.55.25.483647 R12-M0-N6-C:J04-U11 RAS KERNEL INFO generating core.6383
- 1121172925 2005.07.12 R15-M0-N6-C:J09-U11 2005-07-12-05.55.25.563275 R15-M0-N6-C:J09-U11 RAS KERNEL INFO generating core.4222
- 1121172925 2005.07.12 R15-M0-N6-C:J13-U11 2005-07-12-05.55.25.632067 R15-M0-N6-C:J13-U11 RAS KERNEL INFO generating core.4221
- 1121172925 2005.07.12 R15-M0-N6-C:J03-U01 2005-07-12-05.55.25.700495 R15-M0-N6-C:J03-U01 RAS KERNEL INFO generating core.4471
- 1121172925 2005.07.12 R15-M0-N6-C:J07-U11 2005-07-12-05.55.25.768619 R15-M0-N6-C:J07-U11 RAS KERNEL INFO generating core.4478
- 1121172925 2005.07.12 R15-M0-N6-C:J11-U01 2005-07-12-05.55.25.837041 R15-M0-N6-C:J11-U01 RAS KERNEL INFO generating core.4469
- 1121172925 2005.07.12 R15-M0-N6-C:J09-U01 2005-07-12-05.55.25.910964 R15-M0-N6-C:J09-U01 RAS KERNEL INFO generating core.4214
- 1121172925 2005.07.12 R15-M0-N6-C:J14-U11 2005-07-12-05.55.25.979972 R15-M0-N6-C:J14-U11 RAS KERNEL INFO generating core.4460
- 1121172926 2005.07.12 R15-M0-N6-C:J12-U11 2005-07-12-05.55.26.051059 R15-M0-N6-C:J12-U11 RAS KERNEL INFO generating core.4205
- 1121172926 2005.07.12 R15-M0-N6-C:J10-U01 2005-07-12-05.55.26.119484 R15-M0-N6-C:J10-U01 RAS KERNEL INFO generating core.4453
- 1121172926 2005.07.12 R15-M0-N6-C:J04-U01 2005-07-12-05.55.26.187618 R15-M0-N6-C:J04-U01 RAS KERNEL INFO generating core.4199
- 1121172926 2005.07.12 R15-M0-N6-C:J02-U01 2005-07-12-05.55.26.258816 R15-M0-N6-C:J02-U01 RAS KERNEL INFO generating core.4455
- 1121172926 2005.07.12 R14-M0-N6-C:J15-U11 2005-07-12-05.55.26.335731 R14-M0-N6-C:J15-U11 RAS KERNEL INFO generating core.6524
- 1121172926 2005.07.12 R14-M0-N6-C:J17-U11 2005-07-12-05.55.26.403080 R14-M0-N6-C:J17-U11 RAS KERNEL INFO generating core.6268
- 1121172926 2005.07.12 R14-M0-N6-C:J05-U11 2005-07-12-05.55.26.621849 R14-M0-N6-C:J05-U11 RAS KERNEL INFO generating core.6271
- 1121172926 2005.07.12 R14-M0-N6-C:J15-U01 2005-07-12-05.55.26.692173 R14-M0-N6-C:J15-U01 RAS KERNEL INFO generating core.6516
- 1121172926 2005.07.12 R14-M0-N6-C:J07-U01 2005-07-12-05.55.26.770748 R14-M0-N6-C:J07-U01 RAS KERNEL INFO generating core.6518
- 1121252563 2005.07.13 R07-M1-NA-C:J09-U11 2005-07-13-04.02.43.804975 R07-M1-NA-C:J09-U11 RAS KERNEL INFO 115546608 double-hummer alignment exceptions
- 1121252563 2005.07.13 R07-M1-NA-C:J13-U11 2005-07-13-04.02.43.909959 R07-M1-NA-C:J13-U11 RAS KERNEL INFO 114212936 double-hummer alignment exceptions
- 1121252564 2005.07.13 R07-M1-NA-C:J03-U01 2005-07-13-04.02.44.015417 R07-M1-NA-C:J03-U01 RAS KERNEL INFO 113021576 double-hummer alignment exceptions
- 1121252564 2005.07.13 R07-M1-NA-C:J07-U11 2005-07-13-04.02.44.124641 R07-M1-NA-C:J07-U11 RAS KERNEL INFO 119971184 double-hummer alignment exceptions
- 1121252564 2005.07.13 R07-M1-NA-C:J11-U01 2005-07-13-04.02.44.228509 R07-M1-NA-C:J11-U01 RAS KERNEL INFO 112098072 double-hummer alignment exceptions
- 1121252564 2005.07.13 R07-M1-NA-C:J09-U01 2005-07-13-04.02.44.332857 R07-M1-NA-C:J09-U01 RAS KERNEL INFO 111360584 double-hummer alignment exceptions
- 1121252564 2005.07.13 R07-M1-NA-C:J14-U11 2005-07-13-04.02.44.436506 R07-M1-NA-C:J14-U11 RAS KERNEL INFO 111386560 double-hummer alignment exceptions
- 1121252564 2005.07.13 R07-M1-NA-C:J12-U11 2005-07-13-04.02.44.541286 R07-M1-NA-C:J12-U11 RAS KERNEL INFO 116193400 double-hummer alignment exceptions
- 1121252564 2005.07.13 R07-M1-NA-C:J10-U01 2005-07-13-04.02.44.646639 R07-M1-NA-C:J10-U01 RAS KERNEL INFO 113076592 double-hummer alignment exceptions
- 1121252564 2005.07.13 R07-M1-NA-C:J04-U01 2005-07-13-04.02.44.752405 R07-M1-NA-C:J04-U01 RAS KERNEL INFO 110832048 double-hummer alignment exceptions
- 1121252564 2005.07.13 R07-M1-NA-C:J02-U01 2005-07-13-04.02.44.856863 R07-M1-NA-C:J02-U01 RAS KERNEL INFO 115757024 double-hummer alignment exceptions
- 1121252564 2005.07.13 R02-M0-N6-C:J15-U11 2005-07-13-04.02.44.961132 R02-M0-N6-C:J15-U11 RAS KERNEL INFO 110859048 double-hummer alignment exceptions
- 1121252565 2005.07.13 R02-M0-N6-C:J17-U11 2005-07-13-04.02.45.063991 R02-M0-N6-C:J17-U11 RAS KERNEL INFO 113850632 double-hummer alignment exceptions
- 1121252565 2005.07.13 R02-M0-N6-C:J05-U11 2005-07-13-04.02.45.167787 R02-M0-N6-C:J05-U11 RAS KERNEL INFO 119201624 double-hummer alignment exceptions
- 1121252565 2005.07.13 R02-M0-N6-C:J15-U01 2005-07-13-04.02.45.273175 R02-M0-N6-C:J15-U01 RAS KERNEL INFO 113431104 double-hummer alignment exceptions
- 1121252565 2005.07.13 R02-M0-N6-C:J07-U01 2005-07-13-04.02.45.378254 R02-M0-N6-C:J07-U01 RAS KERNEL INFO 116633848 double-hummer alignment exceptions
- 1121252565 2005.07.13 R02-M0-N6-C:J16-U11 2005-07-13-04.02.45.483363 R02-M0-N6-C:J16-U11 RAS KERNEL INFO 113530296 double-hummer alignment exceptions
- 1121252565 2005.07.13 R02-M0-N6-C:J10-U11 2005-07-13-04.02.45.588780 R02-M0-N6-C:J10-U11 RAS KERNEL INFO 117467832 double-hummer alignment exceptions
- 1121252565 2005.07.13 R02-M0-N6-C:J14-U01 2005-07-13-04.02.45.694729 R02-M0-N6-C:J14-U01 RAS KERNEL INFO 113054336 double-hummer alignment exceptions
- 1121252565 2005.07.13 R02-M0-N6-C:J12-U01 2005-07-13-04.02.45.801383 R02-M0-N6-C:J12-U01 RAS KERNEL INFO 115716432 double-hummer alignment exceptions
- 1121252565 2005.07.13 R02-M0-N6-C:J06-U01 2005-07-13-04.02.45.906149 R02-M0-N6-C:J06-U01 RAS KERNEL INFO 109317648 double-hummer alignment exceptions
- 1121252566 2005.07.13 R02-M0-N6-C:J02-U11 2005-07-13-04.02.46.011237 R02-M0-N6-C:J02-U11 RAS KERNEL INFO 113111896 double-hummer alignment exceptions
- 1121252566 2005.07.13 R02-M0-NB-C:J11-U11 2005-07-13-04.02.46.117976 R02-M0-NB-C:J11-U11 RAS KERNEL INFO 111642304 double-hummer alignment exceptions
- 1121252566 2005.07.13 R02-M0-NB-C:J05-U01 2005-07-13-04.02.46.225581 R02-M0-NB-C:J05-U01 RAS KERNEL INFO 113609664 double-hummer alignment exceptions
- 1121252566 2005.07.13 R02-M0-NB-C:J03-U11 2005-07-13-04.02.46.331429 R02-M0-NB-C:J03-U11 RAS KERNEL INFO 116165352 double-hummer alignment exceptions
- 1121256240 2005.07.13 R20-M1-NB-C:J06-U01 2005-07-13-05.04.00.486231 R20-M1-NB-C:J06-U01 RAS KERNEL INFO generating core.37914
- 1121256240 2005.07.13 R20-M1-NB-C:J02-U01 2005-07-13-05.04.00.579082 R20-M1-NB-C:J02-U01 RAS KERNEL INFO generating core.5147
- 1121256240 2005.07.13 R20-M1-NB-C:J02-U11 2005-07-13-05.04.00.664925 R20-M1-NB-C:J02-U11 RAS KERNEL INFO generating core.37947
- 1121256240 2005.07.13 R22-M0-N7-C:J15-U11 2005-07-13-05.04.00.760247 R22-M0-N7-C:J15-U11 RAS KERNEL INFO generating core.26616
- 1121256240 2005.07.13 R22-M0-N7-C:J11-U11 2005-07-13-05.04.00.845758 R22-M0-N7-C:J11-U11 RAS KERNEL INFO generating core.59385
- 1121256240 2005.07.13 R22-M0-N7-C:J17-U11 2005-07-13-05.04.00.939774 R22-M0-N7-C:J17-U11 RAS KERNEL INFO generating core.25592
- 1121256241 2005.07.13 R22-M0-N7-C:J05-U01 2005-07-13-05.04.01.025751 R22-M0-N7-C:J05-U01 RAS KERNEL INFO generating core.58331
- 1121256241 2005.07.13 R22-M0-N7-C:J05-U11 2005-07-13-05.04.01.119922 R22-M0-N7-C:J05-U11 RAS KERNEL INFO generating core.25595
- 1121256241 2005.07.13 R22-M0-N7-C:J03-U11 2005-07-13-05.04.01.221007 R22-M0-N7-C:J03-U11 RAS KERNEL INFO generating core.59387
- 1121256241 2005.07.13 R22-M0-N7-C:J15-U01 2005-07-13-05.04.01.314859 R22-M0-N7-C:J15-U01 RAS KERNEL INFO generating core.26584
- 1121256241 2005.07.13 R22-M0-N7-C:J17-U01 2005-07-13-05.04.01.399025 R22-M0-N7-C:J17-U01 RAS KERNEL INFO generating core.58328
- 1121256241 2005.07.13 R22-M0-N7-C:J07-U01 2005-07-13-05.04.01.491843 R22-M0-N7-C:J07-U01 RAS KERNEL INFO generating core.26586
- 1121256241 2005.07.13 R22-M0-N7-C:J13-U01 2005-07-13-05.04.01.575981 R22-M0-N7-C:J13-U01 RAS KERNEL INFO generating core.58329
- 1121256241 2005.07.13 R22-M0-N7-C:J16-U11 2005-07-13-05.04.01.668320 R22-M0-N7-C:J16-U11 RAS KERNEL INFO generating core.25528
- 1121256241 2005.07.13 R22-M0-N7-C:J08-U11 2005-07-13-05.04.01.753041 R22-M0-N7-C:J08-U11 RAS KERNEL INFO generating core.58298
- 1121256241 2005.07.13 R22-M0-N7-C:J10-U11 2005-07-13-05.04.01.845808 R22-M0-N7-C:J10-U11 RAS KERNEL INFO generating core.26553
- 1121256241 2005.07.13 R22-M0-N7-C:J06-U11 2005-07-13-05.04.01.932518 R22-M0-N7-C:J06-U11 RAS KERNEL INFO generating core.59322
- 1121256242 2005.07.13 R22-M0-N7-C:J14-U01 2005-07-13-05.04.02.025337 R22-M0-N7-C:J14-U01 RAS KERNEL INFO generating core.26520
- 1121256242 2005.07.13 R22-M0-N7-C:J16-U01 2005-07-13-05.04.02.109422 R22-M0-N7-C:J16-U01 RAS KERNEL INFO generating core.58264
- 1121256242 2005.07.13 R22-M0-N7-C:J12-U01 2005-07-13-05.04.02.201683 R22-M0-N7-C:J12-U01 RAS KERNEL INFO generating core.25497
- 1121256242 2005.07.13 R22-M0-N7-C:J08-U01 2005-07-13-05.04.02.285943 R22-M0-N7-C:J08-U01 RAS KERNEL INFO generating core.58266
- 1121256242 2005.07.13 R22-M0-N7-C:J06-U01 2005-07-13-05.04.02.378708 R22-M0-N7-C:J06-U01 RAS KERNEL INFO generating core.26522
- 1121256242 2005.07.13 R22-M0-N7-C:J04-U11 2005-07-13-05.04.02.462907 R22-M0-N7-C:J04-U11 RAS KERNEL INFO generating core.58299
- 1121256242 2005.07.13 R22-M0-N7-C:J02-U11 2005-07-13-05.04.02.555632 R22-M0-N7-C:J02-U11 RAS KERNEL INFO generating core.26555
- 1121256242 2005.07.13 R20-M1-N6-C:J09-U11 2005-07-13-05.04.02.642853 R20-M1-N6-C:J09-U11 RAS KERNEL INFO generating core.33022
- 1121256697 2005.07.13 R25-M1-N3-C:J13-U01 2005-07-13-05.11.37.451837 R25-M1-N3-C:J13-U01 RAS KERNEL INFO generating core.12761
- 1121256697 2005.07.13 R25-M1-N3-C:J09-U01 2005-07-13-05.11.37.533184 R25-M1-N3-C:J09-U01 RAS KERNEL INFO generating core.45530
- 1121256697 2005.07.13 R25-M1-N3-C:J08-U11 2005-07-13-05.11.37.622577 R25-M1-N3-C:J08-U11 RAS KERNEL INFO generating core.12730
- 1121256697 2005.07.13 R25-M1-N3-C:J14-U11 2005-07-13-05.11.37.703182 R25-M1-N3-C:J14-U11 RAS KERNEL INFO generating core.46520
- 1121256697 2005.07.13 R25-M1-N3-C:J06-U11 2005-07-13-05.11.37.792243 R25-M1-N3-C:J06-U11 RAS KERNEL INFO generating core.13754
- 1121256697 2005.07.13 R25-M1-N3-C:J12-U11 2005-07-13-05.11.37.873164 R25-M1-N3-C:J12-U11 RAS KERNEL INFO generating core.45497
- 1121256697 2005.07.13 R25-M1-N3-C:J16-U01 2005-07-13-05.11.37.962387 R25-M1-N3-C:J16-U01 RAS KERNEL INFO generating core.12696
- 1121256698 2005.07.13 R25-M1-N3-C:J10-U01 2005-07-13-05.11.38.044029 R25-M1-N3-C:J10-U01 RAS KERNEL INFO generating core.46489
- 1121256698 2005.07.13 R25-M1-N3-C:J08-U01 2005-07-13-05.11.38.135089 R25-M1-N3-C:J08-U01 RAS KERNEL INFO generating core.12698
- 1121256698 2005.07.13 R25-M1-N3-C:J04-U01 2005-07-13-05.11.38.218380 R25-M1-N3-C:J04-U01 RAS KERNEL INFO generating core.45467
- 1121256698 2005.07.13 R25-M1-N3-C:J04-U11 2005-07-13-05.11.38.309518 R25-M1-N3-C:J04-U11 RAS KERNEL INFO generating core.12731
- 1121256698 2005.07.13 R25-M1-N3-C:J02-U01 2005-07-13-05.11.38.392540 R25-M1-N3-C:J02-U01 RAS KERNEL INFO generating core.46491
- 1121256698 2005.07.13 R21-M1-N7-C:J09-U11 2005-07-13-05.11.38.486190 R21-M1-N7-C:J09-U11 RAS KERNEL INFO generating core.8442
- 1121256698 2005.07.13 R21-M1-N7-C:J15-U11 2005-07-13-05.11.38.567672 R21-M1-N7-C:J15-U11 RAS KERNEL INFO generating core.42232
- 1121256698 2005.07.13 R21-M1-N7-C:J13-U11 2005-07-13-05.11.38.657347 R21-M1-N7-C:J13-U11 RAS KERNEL INFO generating core.8441
- 1121256698 2005.07.13 R21-M1-N7-C:J17-U11 2005-07-13-05.11.38.739025 R21-M1-N7-C:J17-U11 RAS KERNEL INFO generating core.41208
- 1121256698 2005.07.13 R21-M1-N7-C:J03-U01 2005-07-13-05.11.38.829043 R21-M1-N7-C:J03-U01 RAS KERNEL INFO generating core.9435
- 1121256698 2005.07.13 R21-M1-N7-C:J05-U11 2005-07-13-05.11.38.910651 R21-M1-N7-C:J05-U11 RAS KERNEL INFO generating core.41211
- 1121256699 2005.07.13 R21-M1-N7-C:J07-U11 2005-07-13-05.11.39.000237 R21-M1-N7-C:J07-U11 RAS KERNEL INFO generating core.9466
- 1121256699 2005.07.13 R21-M1-N7-C:J15-U01 2005-07-13-05.11.39.081611 R21-M1-N7-C:J15-U01 RAS KERNEL INFO generating core.42200
- 1121256699 2005.07.13 R21-M1-N7-C:J11-U01 2005-07-13-05.11.39.171958 R21-M1-N7-C:J11-U01 RAS KERNEL INFO generating core.9433
- 1121256699 2005.07.13 R21-M1-N7-C:J07-U01 2005-07-13-05.11.39.253894 R21-M1-N7-C:J07-U01 RAS KERNEL INFO generating core.42202
- 1121256699 2005.07.13 R21-M1-N7-C:J09-U01 2005-07-13-05.11.39.343524 R21-M1-N7-C:J09-U01 RAS KERNEL INFO generating core.8410
- 1121256699 2005.07.13 R21-M1-N7-C:J16-U11 2005-07-13-05.11.39.425580 R21-M1-N7-C:J16-U11 RAS KERNEL INFO generating core.41144
- 1121256699 2005.07.13 R21-M1-N7-C:J14-U11 2005-07-13-05.11.39.515174 R21-M1-N7-C:J14-U11 RAS KERNEL INFO generating core.9400
- 1121308209 2005.07.13 R33-M0-N4-C:J08-U01 2005-07-13-19.30.09.768515 R33-M0-N4-C:J08-U01 RAS KERNEL INFO generating core.5574
- 1121308209 2005.07.13 R33-M0-N4-C:J04-U01 2005-07-13-19.30.09.830608 R33-M0-N4-C:J04-U01 RAS KERNEL INFO generating core.21959
- 1121308209 2005.07.13 R33-M0-N4-C:J04-U11 2005-07-13-19.30.09.906005 R33-M0-N4-C:J04-U11 RAS KERNEL INFO generating core.5591
- 1121308209 2005.07.13 R33-M0-N4-C:J02-U01 2005-07-13-19.30.09.968352 R33-M0-N4-C:J02-U01 RAS KERNEL INFO generating core.22471
- 1121308210 2005.07.13 R34-M0-N4-C:J09-U11 2005-07-13-19.30.10.055365 R34-M0-N4-C:J09-U11 RAS KERNEL INFO generating core.1270
- 1121308210 2005.07.13 R34-M0-N4-C:J15-U11 2005-07-13-19.30.10.117800 R34-M0-N4-C:J15-U11 RAS KERNEL INFO generating core.18164
- 1121308210 2005.07.13 R34-M0-N4-C:J03-U01 2005-07-13-19.30.10.187883 R34-M0-N4-C:J03-U01 RAS KERNEL INFO generating core.1767
- 1121308210 2005.07.13 R34-M0-N4-C:J15-U01 2005-07-13-19.30.10.250407 R34-M0-N4-C:J15-U01 RAS KERNEL INFO generating core.18148
- 1121308210 2005.07.13 R34-M0-N4-C:J02-U01 2005-07-13-19.30.10.320126 R34-M0-N4-C:J02-U01 RAS KERNEL INFO generating core.1735
- 1121308210 2005.07.13 R34-M0-N4-C:J02-U11 2005-07-13-19.30.10.381750 R34-M0-N4-C:J02-U11 RAS KERNEL INFO generating core.18135
- 1121308210 2005.07.13 R33-M0-N6-C:J11-U11 2005-07-13-19.30.10.452461 R33-M0-N6-C:J11-U11 RAS KERNEL INFO generating core.5109
- 1121308210 2005.07.13 R33-M0-N6-C:J05-U11 2005-07-13-19.30.10.515660 R33-M0-N6-C:J05-U11 RAS KERNEL INFO generating core.20983
- 1121308210 2005.07.13 R33-M0-N6-C:J07-U11 2005-07-13-19.30.10.586449 R33-M0-N6-C:J07-U11 RAS KERNEL INFO generating core.5110
- 1121308210 2005.07.13 R33-M0-N6-C:J15-U01 2005-07-13-19.30.10.648876 R33-M0-N6-C:J15-U01 RAS KERNEL INFO generating core.21476
- 1121308210 2005.07.13 R33-M0-N6-C:J07-U01 2005-07-13-19.30.10.720014 R33-M0-N6-C:J07-U01 RAS KERNEL INFO generating core.5094
- 1121308210 2005.07.13 R33-M0-N6-C:J09-U01 2005-07-13-19.30.10.781991 R33-M0-N6-C:J09-U01 RAS KERNEL INFO generating core.20966
- 1121308210 2005.07.13 R33-M0-N6-C:J06-U01 2005-07-13-19.30.10.853232 R33-M0-N6-C:J06-U01 RAS KERNEL INFO generating core.5062
- 1121308210 2005.07.13 R25-M0-NC-C:J09-U11 2005-07-13-19.30.10.916345 R25-M0-NC-C:J09-U11 RAS KERNEL INFO generating core.25790
- 1121308211 2005.07.13 R25-M0-NC-C:J11-U11 2005-07-13-19.30.11.005794 R25-M0-NC-C:J11-U11 RAS KERNEL INFO generating core.9917
- 1121308211 2005.07.13 R25-M0-NC-C:J13-U11 2005-07-13-19.30.11.066031 R25-M0-NC-C:J13-U11 RAS KERNEL INFO generating core.25789
- 1121308211 2005.07.13 R25-M0-NC-C:J03-U01 2005-07-13-19.30.11.135126 R25-M0-NC-C:J03-U01 RAS KERNEL INFO generating core.9903
- 1121308211 2005.07.13 R25-M0-NC-C:J05-U11 2005-07-13-19.30.11.195776 R25-M0-NC-C:J05-U11 RAS KERNEL INFO generating core.25791
- 1121308211 2005.07.13 R25-M0-NC-C:J07-U11 2005-07-13-19.30.11.263461 R25-M0-NC-C:J07-U11 RAS KERNEL INFO generating core.9918
- 1121308211 2005.07.13 R25-M0-NC-C:J15-U01 2005-07-13-19.30.11.322556 R25-M0-NC-C:J15-U01 RAS KERNEL INFO generating core.26284
- 1121308211 2005.07.13 R25-M0-NC-C:J11-U01 2005-07-13-19.30.11.390533 R25-M0-NC-C:J11-U01 RAS KERNEL INFO generating core.9901
- 1121308480 2005.07.13 R05-M1-NA-C:J16-U11 2005-07-13-19.34.40.268301 R05-M1-NA-C:J16-U11 RAS KERNEL INFO generating core.2636
- 1121308480 2005.07.13 R34-M0-N3-C:J03-U11 2005-07-13-19.34.40.300548 R34-M0-N3-C:J03-U11 RAS KERNEL INFO generating core.2803
- 1121308480 2005.07.13 R34-M0-N3-C:J03-U11 2005-07-13-19.34.40.328246 R34-M0-N3-C:J03-U11 RAS KERNEL INFO generating core.19187
- 1121308480 2005.07.13 R34-M0-N3-C:J07-U11 2005-07-13-19.34.40.354026 R34-M0-N3-C:J07-U11 RAS KERNEL INFO generating core.2802
- 1121308480 2005.07.13 R05-M1-NA-C:J10-U11 2005-07-13-19.34.40.384991 R05-M1-NA-C:J10-U11 RAS KERNEL INFO generating core.6861
- 1121308480 2005.07.13 R34-M0-N3-C:J15-U01 2005-07-13-19.34.40.416043 R34-M0-N3-C:J15-U01 RAS KERNEL INFO generating core.19168
- 1121308480 2005.07.13 R34-M0-N3-C:J17-U01 2005-07-13-19.34.40.442468 R34-M0-N3-C:J17-U01 RAS KERNEL INFO generating core.2272
- 1121308480 2005.07.13 R05-M1-NA-C:J14-U01 2005-07-13-19.34.40.470131 R05-M1-NA-C:J14-U01 RAS KERNEL INFO generating core.2756
- 1121308480 2005.07.13 R05-M1-NA-C:J16-U01 2005-07-13-19.34.40.503114 R05-M1-NA-C:J16-U01 RAS KERNEL INFO generating core.2628
- 1121308480 2005.07.13 R34-M0-N3-C:J07-U01 2005-07-13-19.34.40.531508 R34-M0-N3-C:J07-U01 RAS KERNEL INFO generating core.2786
- 1121308480 2005.07.13 R05-M1-NA-C:J10-U01 2005-07-13-19.34.40.563768 R05-M1-NA-C:J10-U01 RAS KERNEL INFO generating core.6853
- 1121308480 2005.07.13 R34-M0-N3-C:J13-U01 2005-07-13-19.34.40.594060 R34-M0-N3-C:J13-U01 RAS KERNEL INFO generating core.18657
- 1121308480 2005.07.13 R34-M0-N3-C:J09-U01 2005-07-13-19.34.40.620380 R34-M0-N3-C:J09-U01 RAS KERNEL INFO generating core.2274
- 1121308480 2005.07.13 R05-M1-NA-C:J04-U01 2005-07-13-19.34.40.649064 R05-M1-NA-C:J04-U01 RAS KERNEL INFO generating core.2631
- 1121308480 2005.07.13 R05-M1-NA-C:J06-U01 2005-07-13-19.34.40.681180 R05-M1-NA-C:J06-U01 RAS KERNEL INFO generating core.2758
- 1121308480 2005.07.13 R34-M0-N3-C:J08-U11 2005-07-13-19.34.40.718895 R34-M0-N3-C:J08-U11 RAS KERNEL INFO generating core.2258
- 1121308480 2005.07.13 R05-M1-NA-C:J04-U11 2005-07-13-19.34.40.759788 R05-M1-NA-C:J04-U11 RAS KERNEL INFO generating core.6735
- 1121308480 2005.07.13 R34-M0-N3-C:J14-U11 2005-07-13-19.34.40.780742 R34-M0-N3-C:J14-U11 RAS KERNEL INFO generating core.19152
- 1121308480 2005.07.13 R05-M1-NA-C:J02-U11 2005-07-13-19.34.40.823994 R05-M1-NA-C:J02-U11 RAS KERNEL INFO generating core.2767
- 1121308480 2005.07.13 R34-M0-N3-C:J06-U11 2005-07-13-19.34.40.853369 R34-M0-N3-C:J06-U11 RAS KERNEL INFO generating core.2770
- 1121308480 2005.07.13 R34-M0-N3-C:J06-U11 2005-07-13-19.34.40.871546 R34-M0-N3-C:J06-U11 RAS KERNEL INFO generating core.19154
- 1121308480 2005.07.13 R05-M1-ND-C:J15-U11 2005-07-13-19.34.40.913194 R05-M1-ND-C:J15-U11 RAS KERNEL INFO generating core.6616
- 1121308480 2005.07.13 R34-M0-N3-C:J14-U01 2005-07-13-19.34.40.942035 R34-M0-N3-C:J14-U01 RAS KERNEL INFO generating core.2752
- 1121308480 2005.07.13 R05-M1-ND-C:J13-U11 2005-07-13-19.34.40.965386 R05-M1-ND-C:J13-U11 RAS KERNEL INFO generating core.2393
- 1121308481 2005.07.13 R05-M1-ND-C:J17-U11 2005-07-13-19.34.41.002834 R05-M1-ND-C:J17-U11 RAS KERNEL INFO generating core.2392
- 1121308725 2005.07.13 R36-M0-N4-C:J03-U11 2005-07-13-19.38.45.088776 R36-M0-N4-C:J03-U11 RAS KERNEL INFO generating core.1911
- 1121308725 2005.07.13 R36-M0-N4-C:J07-U11 2005-07-13-19.38.45.154035 R36-M0-N4-C:J07-U11 RAS KERNEL INFO generating core.18294
- 1121308725 2005.07.13 R36-M0-N4-C:J17-U01 2005-07-13-19.38.45.228200 R36-M0-N4-C:J17-U01 RAS KERNEL INFO generating core.1380
- 1121308725 2005.07.13 R36-M0-N4-C:J11-U01 2005-07-13-19.38.45.293016 R36-M0-N4-C:J11-U01 RAS KERNEL INFO generating core.18277
- 1121308725 2005.07.13 R36-M0-N4-C:J13-U01 2005-07-13-19.38.45.366689 R36-M0-N4-C:J13-U01 RAS KERNEL INFO generating core.1381
- 1121308725 2005.07.13 R36-M0-N4-C:J09-U01 2005-07-13-19.38.45.432881 R36-M0-N4-C:J09-U01 RAS KERNEL INFO generating core.17766
- 1121308725 2005.07.13 R36-M0-N4-C:J08-U11 2005-07-13-19.38.45.506827 R36-M0-N4-C:J08-U11 RAS KERNEL INFO generating core.1366
- 1121308725 2005.07.13 R36-M0-N4-C:J14-U11 2005-07-13-19.38.45.571661 R36-M0-N4-C:J14-U11 RAS KERNEL INFO generating core.18260
- 1121308725 2005.07.13 R36-M0-N4-C:J06-U11 2005-07-13-19.38.45.644780 R36-M0-N4-C:J06-U11 RAS KERNEL INFO generating core.1878
- 1121308725 2005.07.13 R36-M0-N4-C:J12-U11 2005-07-13-19.38.45.710926 R36-M0-N4-C:J12-U11 RAS KERNEL INFO generating core.17749
- 1121308725 2005.07.13 R36-M0-N4-C:J10-U01 2005-07-13-19.38.45.784026 R36-M0-N4-C:J10-U01 RAS KERNEL INFO generating core.1861
- 1121308725 2005.07.13 R36-M0-N4-C:J12-U01 2005-07-13-19.38.45.849112 R36-M0-N4-C:J12-U01 RAS KERNEL INFO generating core.17733
- 1121308725 2005.07.13 R36-M0-N4-C:J04-U01 2005-07-13-19.38.45.925374 R36-M0-N4-C:J04-U01 RAS KERNEL INFO generating core.1351
- 1121308725 2005.07.13 R36-M0-N4-C:J06-U01 2005-07-13-19.38.45.990541 R36-M0-N4-C:J06-U01 RAS KERNEL INFO generating core.18246
- 1121308726 2005.07.13 R36-M0-N4-C:J02-U01 2005-07-13-19.38.46.063905 R36-M0-N4-C:J02-U01 RAS KERNEL INFO generating core.1863
- 1121308726 2005.07.13 R36-M0-N4-C:J02-U11 2005-07-13-19.38.46.128114 R36-M0-N4-C:J02-U11 RAS KERNEL INFO generating core.18263
- 1121308726 2005.07.13 R22-M1-N8-C:J15-U11 2005-07-13-19.38.46.206336 R22-M1-N8-C:J15-U11 RAS KERNEL INFO generating core.4028
- 1121308726 2005.07.13 R22-M1-N8-C:J11-U11 2005-07-13-19.38.46.264433 R22-M1-N8-C:J11-U11 RAS KERNEL INFO generating core.20413
- 1121308726 2005.07.13 R22-M1-N8-C:J17-U11 2005-07-13-19.38.46.330901 R22-M1-N8-C:J17-U11 RAS KERNEL INFO generating core.3516
- 1121308726 2005.07.13 R22-M1-N8-C:J05-U01 2005-07-13-19.38.46.389094 R22-M1-N8-C:J05-U01 RAS KERNEL INFO generating core.19887
- 1121308726 2005.07.13 R22-M1-N8-C:J05-U11 2005-07-13-19.38.46.455468 R22-M1-N8-C:J05-U11 RAS KERNEL INFO generating core.3519
- 1121308726 2005.07.13 R22-M1-N8-C:J03-U11 2005-07-13-19.38.46.512839 R22-M1-N8-C:J03-U11 RAS KERNEL INFO generating core.20415
- 1121308726 2005.07.13 R22-M1-N8-C:J15-U01 2005-07-13-19.38.46.578413 R22-M1-N8-C:J15-U01 RAS KERNEL INFO generating core.4012
- 1121308726 2005.07.13 R22-M1-N8-C:J17-U01 2005-07-13-19.38.46.636316 R22-M1-N8-C:J17-U01 RAS KERNEL INFO generating core.19884
- 1121308726 2005.07.13 R22-M1-N8-C:J07-U01 2005-07-13-19.38.46.701635 R22-M1-N8-C:J07-U01 RAS KERNEL INFO generating core.4014
- 1121310877 2005.07.13 R22-M1-NE-C:J10-U01 2005-07-13-20.14.37.587602 R22-M1-NE-C:J10-U01 RAS KERNEL INFO generating core.17293
- 1121310877 2005.07.13 R22-M1-NE-C:J08-U01 2005-07-13-20.14.37.657521 R22-M1-NE-C:J08-U01 RAS KERNEL INFO generating core.398
- 1121310877 2005.07.13 R22-M1-NE-C:J04-U01 2005-07-13-20.14.37.718452 R22-M1-NE-C:J04-U01 RAS KERNEL INFO generating core.16783
- 1121310877 2005.07.13 R22-M1-NE-C:J04-U11 2005-07-13-20.14.37.788570 R22-M1-NE-C:J04-U11 RAS KERNEL INFO generating core.415
- 1121310877 2005.07.13 R22-M1-NE-C:J02-U01 2005-07-13-20.14.37.849990 R22-M1-NE-C:J02-U01 RAS KERNEL INFO generating core.17295
- 1121310877 2005.07.13 R20-M0-ND-C:J09-U11 2005-07-13-20.14.37.920509 R20-M0-ND-C:J09-U11 RAS KERNEL INFO generating core.13370
- 1121310877 2005.07.13 R20-M0-ND-C:J15-U11 2005-07-13-20.14.37.980598 R20-M0-ND-C:J15-U11 RAS KERNEL INFO generating core.30264
- 1121310878 2005.07.13 R20-M0-ND-C:J13-U11 2005-07-13-20.14.38.048363 R20-M0-ND-C:J13-U11 RAS KERNEL INFO generating core.13369
- 1121310878 2005.07.13 R20-M0-ND-C:J17-U11 2005-07-13-20.14.38.108717 R20-M0-ND-C:J17-U11 RAS KERNEL INFO generating core.29752
- 1121310878 2005.07.13 R20-M0-ND-C:J03-U01 2005-07-13-20.14.38.177949 R20-M0-ND-C:J03-U01 RAS KERNEL INFO generating core.13867
- 1121310878 2005.07.13 R20-M0-ND-C:J05-U11 2005-07-13-20.14.38.238615 R20-M0-ND-C:J05-U11 RAS KERNEL INFO generating core.29755
- 1121310878 2005.07.13 R20-M0-ND-C:J07-U11 2005-07-13-20.14.38.306873 R20-M0-ND-C:J07-U11 RAS KERNEL INFO generating core.13882
- 1121310878 2005.07.13 R20-M0-ND-C:J15-U01 2005-07-13-20.14.38.366600 R20-M0-ND-C:J15-U01 RAS KERNEL INFO generating core.30248
- 1121310878 2005.07.13 R20-M0-ND-C:J11-U01 2005-07-13-20.14.38.435866 R20-M0-ND-C:J11-U01 RAS KERNEL INFO generating core.13865
- 1121310878 2005.07.13 R20-M0-ND-C:J07-U01 2005-07-13-20.14.38.495876 R20-M0-ND-C:J07-U01 RAS KERNEL INFO generating core.30250
- 1121310878 2005.07.13 R20-M0-ND-C:J09-U01 2005-07-13-20.14.38.564219 R20-M0-ND-C:J09-U01 RAS KERNEL INFO generating core.13354
- 1121310878 2005.07.13 R20-M0-ND-C:J16-U11 2005-07-13-20.14.38.624615 R20-M0-ND-C:J16-U11 RAS KERNEL INFO generating core.29720
- 1121310878 2005.07.13 R20-M0-ND-C:J14-U11 2005-07-13-20.14.38.693912 R20-M0-ND-C:J14-U11 RAS KERNEL INFO generating core.13848
- 1121310878 2005.07.13 R20-M0-ND-C:J10-U11 2005-07-13-20.14.38.753561 R20-M0-ND-C:J10-U11 RAS KERNEL INFO generating core.30233
- 1121310878 2005.07.13 R20-M0-ND-C:J12-U11 2005-07-13-20.14.38.822123 R20-M0-ND-C:J12-U11 RAS KERNEL INFO generating core.13337
- 1121310878 2005.07.13 R20-M0-ND-C:J14-U01 2005-07-13-20.14.38.882225 R20-M0-ND-C:J14-U01 RAS KERNEL INFO generating core.30216
- 1121310878 2005.07.13 R20-M0-ND-C:J10-U01 2005-07-13-20.14.38.952229 R20-M0-ND-C:J10-U01 RAS KERNEL INFO generating core.13833
- 1121310879 2005.07.13 R20-M0-ND-C:J12-U01 2005-07-13-20.14.39.014352 R20-M0-ND-C:J12-U01 RAS KERNEL INFO generating core.29705
- 1121310879 2005.07.13 R20-M0-ND-C:J04-U01 2005-07-13-20.14.39.084261 R20-M0-ND-C:J04-U01 RAS KERNEL INFO generating core.13323
- 1121310879 2005.07.13 R20-M0-ND-C:J06-U01 2005-07-13-20.14.39.145231 R20-M0-ND-C:J06-U01 RAS KERNEL INFO generating core.30218
- 1121311216 2005.07.13 R30-M1-N6-C:J07-U11 2005-07-13-20.20.16.942997 R30-M1-N6-C:J07-U11 RAS KERNEL INFO generating core.29302
- 1121311217 2005.07.13 R30-M1-N6-C:J17-U01 2005-07-13-20.20.17.014497 R30-M1-N6-C:J17-U01 RAS KERNEL INFO generating core.12388
- 1121311217 2005.07.13 R30-M1-N6-C:J11-U01 2005-07-13-20.20.17.078194 R30-M1-N6-C:J11-U01 RAS KERNEL INFO generating core.29285
- 1121311217 2005.07.13 R30-M1-N6-C:J13-U01 2005-07-13-20.20.17.149482 R30-M1-N6-C:J13-U01 RAS KERNEL INFO generating core.12389
- 1121311217 2005.07.13 R30-M1-N6-C:J09-U01 2005-07-13-20.20.17.212217 R30-M1-N6-C:J09-U01 RAS KERNEL INFO generating core.28774
- 1121311217 2005.07.13 R30-M1-N6-C:J08-U11 2005-07-13-20.20.17.282896 R30-M1-N6-C:J08-U11 RAS KERNEL INFO generating core.12374
- 1121311217 2005.07.13 R30-M1-N6-C:J14-U11 2005-07-13-20.20.17.345141 R30-M1-N6-C:J14-U11 RAS KERNEL INFO generating core.29268
- 1121311217 2005.07.13 R30-M1-N6-C:J06-U11 2005-07-13-20.20.17.416567 R30-M1-N6-C:J06-U11 RAS KERNEL INFO generating core.12886
- 1121311217 2005.07.13 R30-M1-N6-C:J12-U11 2005-07-13-20.20.17.479623 R30-M1-N6-C:J12-U11 RAS KERNEL INFO generating core.28757
- 1121311217 2005.07.13 R30-M1-N6-C:J16-U01 2005-07-13-20.20.17.550409 R30-M1-N6-C:J16-U01 RAS KERNEL INFO generating core.12356
- 1121311217 2005.07.13 R30-M1-N6-C:J10-U01 2005-07-13-20.20.17.613227 R30-M1-N6-C:J10-U01 RAS KERNEL INFO generating core.29253
- 1121311217 2005.07.13 R30-M1-N6-C:J08-U01 2005-07-13-20.20.17.683306 R30-M1-N6-C:J08-U01 RAS KERNEL INFO generating core.12358
- 1121311217 2005.07.13 R30-M1-N6-C:J04-U01 2005-07-13-20.20.17.745069 R30-M1-N6-C:J04-U01 RAS KERNEL INFO generating core.28743
- 1121311217 2005.07.13 R30-M1-N6-C:J04-U11 2005-07-13-20.20.17.815842 R30-M1-N6-C:J04-U11 RAS KERNEL INFO generating core.12375
- 1121311217 2005.07.13 R30-M1-N6-C:J02-U01 2005-07-13-20.20.17.877595 R30-M1-N6-C:J02-U01 RAS KERNEL INFO generating core.29255
- 1121311217 2005.07.13 R30-M1-N5-C:J09-U11 2005-07-13-20.20.17.950401 R30-M1-N5-C:J09-U11 RAS KERNEL INFO generating core.13426
- 1121311218 2005.07.13 R30-M1-N5-C:J15-U11 2005-07-13-20.20.18.014560 R30-M1-N5-C:J15-U11 RAS KERNEL INFO generating core.30320
- 1121311218 2005.07.13 R30-M1-N5-C:J13-U11 2005-07-13-20.20.18.089977 R30-M1-N5-C:J13-U11 RAS KERNEL INFO generating core.13425
- 1121311218 2005.07.13 R30-M1-N5-C:J17-U11 2005-07-13-20.20.18.151914 R30-M1-N5-C:J17-U11 RAS KERNEL INFO generating core.29808
- 1121311218 2005.07.13 R30-M1-N5-C:J03-U01 2005-07-13-20.20.18.222223 R30-M1-N5-C:J03-U01 RAS KERNEL INFO generating core.13923
- 1121311218 2005.07.13 R30-M1-N5-C:J05-U11 2005-07-13-20.20.18.283967 R30-M1-N5-C:J05-U11 RAS KERNEL INFO generating core.29811
- 1121311218 2005.07.13 R30-M1-N5-C:J07-U11 2005-07-13-20.20.18.353724 R30-M1-N5-C:J07-U11 RAS KERNEL INFO generating core.13938
- 1121311218 2005.07.13 R30-M1-N5-C:J15-U01 2005-07-13-20.20.18.415463 R30-M1-N5-C:J15-U01 RAS KERNEL INFO generating core.30304
- 1121311218 2005.07.13 R30-M1-N5-C:J11-U01 2005-07-13-20.20.18.487893 R30-M1-N5-C:J11-U01 RAS KERNEL INFO generating core.13921
- 1121311218 2005.07.13 R30-M1-N5-C:J07-U01 2005-07-13-20.20.18.549910 R30-M1-N5-C:J07-U01 RAS KERNEL INFO generating core.30306
- 1121311773 2005.07.13 R36-M0-N3-C:J04-U01 2005-07-13-20.29.33.320396 R36-M0-N3-C:J04-U01 RAS KERNEL INFO generating core.2371
- 1121311773 2005.07.13 R36-M0-N3-C:J06-U01 2005-07-13-20.29.33.382707 R36-M0-N3-C:J06-U01 RAS KERNEL INFO generating core.19266
- 1121311773 2005.07.13 R36-M0-N3-C:J02-U01 2005-07-13-20.29.33.451937 R36-M0-N3-C:J02-U01 RAS KERNEL INFO generating core.2883
- 1121311773 2005.07.13 R36-M0-N3-C:J02-U11 2005-07-13-20.29.33.512229 R36-M0-N3-C:J02-U11 RAS KERNEL INFO generating core.19283
- 1121311773 2005.07.13 R36-M1-NA-C:J15-U11 2005-07-13-20.29.33.581228 R36-M1-NA-C:J15-U11 RAS KERNEL INFO generating core.15156
- 1121311773 2005.07.13 R36-M1-NA-C:J11-U11 2005-07-13-20.29.33.640431 R36-M1-NA-C:J11-U11 RAS KERNEL INFO generating core.31541
- 1121311773 2005.07.13 R36-M1-NA-C:J17-U11 2005-07-13-20.29.33.707488 R36-M1-NA-C:J17-U11 RAS KERNEL INFO generating core.14644
- 1121311773 2005.07.13 R36-M1-NA-C:J05-U01 2005-07-13-20.29.33.778842 R36-M1-NA-C:J05-U01 RAS KERNEL INFO generating core.31015
- 1121311773 2005.07.13 R36-M1-NA-C:J05-U11 2005-07-13-20.29.33.855473 R36-M1-NA-C:J05-U11 RAS KERNEL INFO generating core.14647
- 1121311773 2005.07.13 R36-M1-NA-C:J03-U11 2005-07-13-20.29.33.915001 R36-M1-NA-C:J03-U11 RAS KERNEL INFO generating core.31543
- 1121311773 2005.07.13 R36-M1-NA-C:J15-U01 2005-07-13-20.29.33.982506 R36-M1-NA-C:J15-U01 RAS KERNEL INFO generating core.15140
- 1121311774 2005.07.13 R36-M1-NA-C:J17-U01 2005-07-13-20.29.34.042117 R36-M1-NA-C:J17-U01 RAS KERNEL INFO generating core.31012
- 1121311774 2005.07.13 R36-M1-NA-C:J07-U01 2005-07-13-20.29.34.110410 R36-M1-NA-C:J07-U01 RAS KERNEL INFO generating core.15142
- 1121311774 2005.07.13 R36-M1-NA-C:J13-U01 2005-07-13-20.29.34.170040 R36-M1-NA-C:J13-U01 RAS KERNEL INFO generating core.31013
- 1121311774 2005.07.13 R36-M1-NA-C:J16-U11 2005-07-13-20.29.34.237874 R36-M1-NA-C:J16-U11 RAS KERNEL INFO generating core.14612
- 1121311774 2005.07.13 R36-M1-NA-C:J08-U11 2005-07-13-20.29.34.297999 R36-M1-NA-C:J08-U11 RAS KERNEL INFO generating core.30998
- 1121311774 2005.07.13 R36-M1-NA-C:J10-U11 2005-07-13-20.29.34.365695 R36-M1-NA-C:J10-U11 RAS KERNEL INFO generating core.15125
- 1121311774 2005.07.13 R36-M1-NA-C:J06-U11 2005-07-13-20.29.34.425356 R36-M1-NA-C:J06-U11 RAS KERNEL INFO generating core.31510
- 1121311774 2005.07.13 R36-M1-NA-C:J14-U01 2005-07-13-20.29.34.493211 R36-M1-NA-C:J14-U01 RAS KERNEL INFO generating core.15108
- 1121311774 2005.07.13 R36-M1-NA-C:J16-U01 2005-07-13-20.29.34.552112 R36-M1-NA-C:J16-U01 RAS KERNEL INFO generating core.30980
- 1121311774 2005.07.13 R36-M1-NA-C:J12-U01 2005-07-13-20.29.34.619536 R36-M1-NA-C:J12-U01 RAS KERNEL INFO generating core.14597
- 1121311774 2005.07.13 R36-M1-NA-C:J08-U01 2005-07-13-20.29.34.678486 R36-M1-NA-C:J08-U01 RAS KERNEL INFO generating core.30982
- 1121311774 2005.07.13 R36-M1-NA-C:J06-U01 2005-07-13-20.29.34.745959 R36-M1-NA-C:J06-U01 RAS KERNEL INFO generating core.15110
- 1121311774 2005.07.13 R36-M1-NA-C:J04-U11 2005-07-13-20.29.34.805957 R36-M1-NA-C:J04-U11 RAS KERNEL INFO generating core.30999
- 1121311774 2005.07.13 R36-M1-NA-C:J02-U11 2005-07-13-20.29.34.873847 R36-M1-NA-C:J02-U11 RAS KERNEL INFO generating core.15127
- 1121312108 2005.07.13 R25-M0-N9-C:J11-U01 2005-07-13-20.35.08.512968 R25-M0-N9-C:J11-U01 RAS KERNEL INFO generating core.28329
- 1121312108 2005.07.13 R25-M0-N9-C:J13-U01 2005-07-13-20.35.08.582224 R25-M0-N9-C:J13-U01 RAS KERNEL INFO generating core.11433
- 1121312108 2005.07.13 R25-M0-N9-C:J09-U01 2005-07-13-20.35.08.642906 R25-M0-N9-C:J09-U01 RAS KERNEL INFO generating core.27818
- 1121312108 2005.07.13 R25-M0-N9-C:J08-U11 2005-07-13-20.35.08.711850 R25-M0-N9-C:J08-U11 RAS KERNEL INFO generating core.11418
- 1121312108 2005.07.13 R25-M0-N9-C:J14-U11 2005-07-13-20.35.08.772887 R25-M0-N9-C:J14-U11 RAS KERNEL INFO generating core.28312
- 1121312108 2005.07.13 R25-M0-N9-C:J06-U11 2005-07-13-20.35.08.842100 R25-M0-N9-C:J06-U11 RAS KERNEL INFO generating core.11930
- 1121312108 2005.07.13 R25-M0-N9-C:J12-U11 2005-07-13-20.35.08.902871 R25-M0-N9-C:J12-U11 RAS KERNEL INFO generating core.27801
- 1121312108 2005.07.13 R25-M0-N9-C:J16-U01 2005-07-13-20.35.08.972338 R25-M0-N9-C:J16-U01 RAS KERNEL INFO generating core.11400
- 1121312109 2005.07.13 R25-M0-N9-C:J10-U01 2005-07-13-20.35.09.033866 R25-M0-N9-C:J10-U01 RAS KERNEL INFO generating core.28297
- 1121312109 2005.07.13 R25-M0-N9-C:J08-U01 2005-07-13-20.35.09.102651 R25-M0-N9-C:J08-U01 RAS KERNEL INFO generating core.11402
- 1121312109 2005.07.13 R25-M0-N9-C:J04-U01 2005-07-13-20.35.09.163843 R25-M0-N9-C:J04-U01 RAS KERNEL INFO generating core.27787
- 1121312109 2005.07.13 R25-M0-N9-C:J04-U11 2005-07-13-20.35.09.233125 R25-M0-N9-C:J04-U11 RAS KERNEL INFO generating core.11419
- 1121312109 2005.07.13 R25-M0-N9-C:J02-U01 2005-07-13-20.35.09.294303 R25-M0-N9-C:J02-U01 RAS KERNEL INFO generating core.28299
- 1121312109 2005.07.13 R35-M1-N6-C:J09-U11 2005-07-13-20.35.09.369997 R35-M1-N6-C:J09-U11 RAS KERNEL INFO generating core.8438
- 1121312109 2005.07.13 R35-M1-N6-C:J15-U11 2005-07-13-20.35.09.432111 R35-M1-N6-C:J15-U11 RAS KERNEL INFO generating core.25332
- 1121312109 2005.07.13 R35-M1-N6-C:J13-U11 2005-07-13-20.35.09.503859 R35-M1-N6-C:J13-U11 RAS KERNEL INFO generating core.8437
- 1121312109 2005.07.13 R35-M1-N6-C:J17-U11 2005-07-13-20.35.09.566502 R35-M1-N6-C:J17-U11 RAS KERNEL INFO generating core.24820
- 1121312109 2005.07.13 R35-M1-N6-C:J03-U01 2005-07-13-20.35.09.638914 R35-M1-N6-C:J03-U01 RAS KERNEL INFO generating core.8935
- 1121312109 2005.07.13 R35-M1-N6-C:J05-U11 2005-07-13-20.35.09.703618 R35-M1-N6-C:J05-U11 RAS KERNEL INFO generating core.24823
- 1121312109 2005.07.13 R35-M1-N6-C:J07-U11 2005-07-13-20.35.09.776447 R35-M1-N6-C:J07-U11 RAS KERNEL INFO generating core.8950
- 1121312109 2005.07.13 R35-M1-N6-C:J15-U01 2005-07-13-20.35.09.841047 R35-M1-N6-C:J15-U01 RAS KERNEL INFO generating core.25316
- 1121312109 2005.07.13 R35-M1-N6-C:J11-U01 2005-07-13-20.35.09.913762 R35-M1-N6-C:J11-U01 RAS KERNEL INFO generating core.8933
- 1121312109 2005.07.13 R35-M1-N6-C:J07-U01 2005-07-13-20.35.09.978049 R35-M1-N6-C:J07-U01 RAS KERNEL INFO generating core.25318
- 1121312110 2005.07.13 R35-M1-N6-C:J09-U01 2005-07-13-20.35.10.053254 R35-M1-N6-C:J09-U01 RAS KERNEL INFO generating core.8422
- 1121312110 2005.07.13 R35-M1-N6-C:J16-U11 2005-07-13-20.35.10.118034 R35-M1-N6-C:J16-U11 RAS KERNEL INFO generating core.24788
- 1121312447 2005.07.13 R30-M1-N4-C:J02-U01 2005-07-13-20.40.47.324676 R30-M1-N4-C:J02-U01 RAS KERNEL INFO generating core.13895
- 1121312447 2005.07.13 R30-M1-N4-C:J02-U11 2005-07-13-20.40.47.384322 R30-M1-N4-C:J02-U11 RAS KERNEL INFO generating core.30295
- 1121312447 2005.07.13 R21-M1-N8-C:J15-U11 2005-07-13-20.40.47.461390 R21-M1-N8-C:J15-U11 RAS KERNEL INFO generating core.7740
- 1121312447 2005.07.13 R21-M1-N8-C:J11-U11 2005-07-13-20.40.47.522612 R21-M1-N8-C:J11-U11 RAS KERNEL INFO generating core.24125
- 1121312447 2005.07.13 R21-M1-N8-C:J17-U11 2005-07-13-20.40.47.591845 R21-M1-N8-C:J17-U11 RAS KERNEL INFO generating core.7228
- 1121312447 2005.07.13 R21-M1-N8-C:J05-U01 2005-07-13-20.40.47.653566 R21-M1-N8-C:J05-U01 RAS KERNEL INFO generating core.23599
- 1121312447 2005.07.13 R21-M1-N8-C:J05-U11 2005-07-13-20.40.47.723031 R21-M1-N8-C:J05-U11 RAS KERNEL INFO generating core.7231
- 1121312447 2005.07.13 R21-M1-N8-C:J03-U11 2005-07-13-20.40.47.784117 R21-M1-N8-C:J03-U11 RAS KERNEL INFO generating core.24127
- 1121312447 2005.07.13 R21-M1-N8-C:J15-U01 2005-07-13-20.40.47.853320 R21-M1-N8-C:J15-U01 RAS KERNEL INFO generating core.7724
- 1121312447 2005.07.13 R21-M1-N8-C:J17-U01 2005-07-13-20.40.47.914060 R21-M1-N8-C:J17-U01 RAS KERNEL INFO generating core.23596
- 1121312447 2005.07.13 R21-M1-N8-C:J07-U01 2005-07-13-20.40.47.983373 R21-M1-N8-C:J07-U01 RAS KERNEL INFO generating core.7726
- 1121312448 2005.07.13 R21-M1-N8-C:J13-U01 2005-07-13-20.40.48.044606 R21-M1-N8-C:J13-U01 RAS KERNEL INFO generating core.23597
- 1121312448 2005.07.13 R21-M1-N8-C:J16-U11 2005-07-13-20.40.48.128145 R21-M1-N8-C:J16-U11 RAS KERNEL INFO generating core.7196
- 1121312448 2005.07.13 R21-M1-N8-C:J08-U11 2005-07-13-20.40.48.189030 R21-M1-N8-C:J08-U11 RAS KERNEL INFO generating core.23582
- 1121312448 2005.07.13 R21-M1-N8-C:J10-U11 2005-07-13-20.40.48.258836 R21-M1-N8-C:J10-U11 RAS KERNEL INFO generating core.7709
- 1121312448 2005.07.13 R21-M1-N8-C:J06-U11 2005-07-13-20.40.48.320077 R21-M1-N8-C:J06-U11 RAS KERNEL INFO generating core.24094
- 1121312448 2005.07.13 R21-M1-N8-C:J14-U01 2005-07-13-20.40.48.389298 R21-M1-N8-C:J14-U01 RAS KERNEL INFO generating core.7692
- 1121312448 2005.07.13 R21-M1-N8-C:J16-U01 2005-07-13-20.40.48.451053 R21-M1-N8-C:J16-U01 RAS KERNEL INFO generating core.23564
- 1121312448 2005.07.13 R21-M1-N8-C:J12-U01 2005-07-13-20.40.48.520314 R21-M1-N8-C:J12-U01 RAS KERNEL INFO generating core.7181
- 1121312448 2005.07.13 R21-M1-N8-C:J08-U01 2005-07-13-20.40.48.581542 R21-M1-N8-C:J08-U01 RAS KERNEL INFO generating core.23566
- 1121312448 2005.07.13 R21-M1-N8-C:J06-U01 2005-07-13-20.40.48.650816 R21-M1-N8-C:J06-U01 RAS KERNEL INFO generating core.7694
- 1121312448 2005.07.13 R21-M1-N8-C:J04-U11 2005-07-13-20.40.48.712012 R21-M1-N8-C:J04-U11 RAS KERNEL INFO generating core.23583
- 1121312448 2005.07.13 R21-M1-N8-C:J02-U11 2005-07-13-20.40.48.781216 R21-M1-N8-C:J02-U11 RAS KERNEL INFO generating core.7711
- 1121312448 2005.07.13 R30-M0-N4-C:J09-U11 2005-07-13-20.40.48.847134 R30-M0-N4-C:J09-U11 RAS KERNEL INFO generating core.17526
- 1121312448 2005.07.13 R30-M0-N4-C:J11-U11 2005-07-13-20.40.48.918301 R30-M0-N4-C:J11-U11 RAS KERNEL INFO generating core.1653
- 1121313824 2005.07.13 R22-M0-N3-C:J03-U11 2005-07-13-21.03.44.404922 R22-M0-N3-C:J03-U11 RAS KERNEL INFO generating core.31739
- 1121313824 2005.07.13 R22-M0-N3-C:J15-U01 2005-07-13-21.03.44.479094 R22-M0-N3-C:J15-U01 RAS KERNEL INFO generating core.15336
- 1121313824 2005.07.13 R22-M0-N3-C:J17-U01 2005-07-13-21.03.44.543680 R22-M0-N3-C:J17-U01 RAS KERNEL INFO generating core.31208
- 1121313824 2005.07.13 R22-M0-N3-C:J07-U01 2005-07-13-21.03.44.614723 R22-M0-N3-C:J07-U01 RAS KERNEL INFO generating core.15338
- 1121313824 2005.07.13 R22-M0-N3-C:J13-U01 2005-07-13-21.03.44.676726 R22-M0-N3-C:J13-U01 RAS KERNEL INFO generating core.31209
- 1121313824 2005.07.13 R22-M0-N3-C:J08-U11 2005-07-13-21.03.44.747348 R22-M0-N3-C:J08-U11 RAS KERNEL INFO generating core.14810
- 1121313824 2005.07.13 R22-M0-N3-C:J14-U11 2005-07-13-21.03.44.809682 R22-M0-N3-C:J14-U11 RAS KERNEL INFO generating core.31704
- 1121313824 2005.07.13 R22-M0-N3-C:J06-U11 2005-07-13-21.03.44.880261 R22-M0-N3-C:J06-U11 RAS KERNEL INFO generating core.15322
- 1121313824 2005.07.13 R22-M0-N3-C:J14-U01 2005-07-13-21.03.44.942050 R22-M0-N3-C:J14-U01 RAS KERNEL INFO generating core.31688
- 1121313825 2005.07.13 R22-M0-N3-C:J08-U01 2005-07-13-21.03.45.012602 R22-M0-N3-C:J08-U01 RAS KERNEL INFO generating core.14794
- 1121313825 2005.07.13 R22-M0-N3-C:J06-U01 2005-07-13-21.03.45.075569 R22-M0-N3-C:J06-U01 RAS KERNEL INFO generating core.31690
- 1121313825 2005.07.13 R22-M0-N3-C:J02-U01 2005-07-13-21.03.45.148975 R22-M0-N3-C:J02-U01 RAS KERNEL INFO generating core.15307
- 1121313825 2005.07.13 R22-M0-N3-C:J02-U11 2005-07-13-21.03.45.210514 R22-M0-N3-C:J02-U11 RAS KERNEL INFO generating core.31707
- 1121313825 2005.07.13 R23-M0-NA-C:J15-U11 2005-07-13-21.03.45.281823 R23-M0-NA-C:J15-U11 RAS KERNEL INFO generating core.11196
- 1121313825 2005.07.13 R23-M0-NA-C:J11-U11 2005-07-13-21.03.45.343604 R23-M0-NA-C:J11-U11 RAS KERNEL INFO generating core.27581
- 1121313825 2005.07.13 R23-M0-NA-C:J17-U11 2005-07-13-21.03.45.414046 R23-M0-NA-C:J17-U11 RAS KERNEL INFO generating core.10684
- 1121313825 2005.07.13 R23-M0-NA-C:J05-U01 2005-07-13-21.03.45.475728 R23-M0-NA-C:J05-U01 RAS KERNEL INFO generating core.27055
- 1121313825 2005.07.13 R23-M0-NA-C:J05-U11 2005-07-13-21.03.45.545535 R23-M0-NA-C:J05-U11 RAS KERNEL INFO generating core.10687
- 1121313825 2005.07.13 R23-M0-NA-C:J03-U11 2005-07-13-21.03.45.606211 R23-M0-NA-C:J03-U11 RAS KERNEL INFO generating core.27583
- 1121313825 2005.07.13 R23-M0-NA-C:J15-U01 2005-07-13-21.03.45.675619 R23-M0-NA-C:J15-U01 RAS KERNEL INFO generating core.11180
- 1121313825 2005.07.13 R23-M0-NA-C:J17-U01 2005-07-13-21.03.45.737156 R23-M0-NA-C:J17-U01 RAS KERNEL INFO generating core.27052
- 1121313825 2005.07.13 R23-M0-NA-C:J07-U01 2005-07-13-21.03.45.805959 R23-M0-NA-C:J07-U01 RAS KERNEL INFO generating core.11182
- 1121313825 2005.07.13 R23-M0-NA-C:J13-U01 2005-07-13-21.03.45.867122 R23-M0-NA-C:J13-U01 RAS KERNEL INFO generating core.27053
- 1121313825 2005.07.13 R23-M0-NA-C:J16-U11 2005-07-13-21.03.45.937049 R23-M0-NA-C:J16-U11 RAS KERNEL INFO generating core.10652
- 1121313825 2005.07.13 R23-M0-NA-C:J08-U11 2005-07-13-21.03.45.997632 R23-M0-NA-C:J08-U11 RAS KERNEL INFO generating core.27038
- 1121314080 2005.07.13 R32-M1-N6-C:J05-U01 2005-07-13-21.08.00.627794 R32-M1-N6-C:J05-U01 RAS KERNEL INFO generating core.12775
- 1121314080 2005.07.13 R32-M1-N6-C:J03-U01 2005-07-13-21.08.00.688693 R32-M1-N6-C:J03-U01 RAS KERNEL INFO generating core.29671
- 1121314080 2005.07.13 R32-M1-N6-C:J03-U11 2005-07-13-21.08.00.760059 R32-M1-N6-C:J03-U11 RAS KERNEL INFO generating core.13303
- 1121314080 2005.07.13 R32-M1-N6-C:J07-U11 2005-07-13-21.08.00.821247 R32-M1-N6-C:J07-U11 RAS KERNEL INFO generating core.29686
- 1121314080 2005.07.13 R32-M1-N6-C:J17-U01 2005-07-13-21.08.00.889796 R32-M1-N6-C:J17-U01 RAS KERNEL INFO generating core.12772
- 1121314080 2005.07.13 R32-M1-N6-C:J11-U01 2005-07-13-21.08.00.951179 R32-M1-N6-C:J11-U01 RAS KERNEL INFO generating core.29669
- 1121314081 2005.07.13 R32-M1-N6-C:J13-U01 2005-07-13-21.08.01.019771 R32-M1-N6-C:J13-U01 RAS KERNEL INFO generating core.12773
- 1121314081 2005.07.13 R32-M1-N6-C:J09-U01 2005-07-13-21.08.01.091755 R32-M1-N6-C:J09-U01 RAS KERNEL INFO generating core.29158
- 1121314081 2005.07.13 R32-M1-N6-C:J14-U11 2005-07-13-21.08.01.160953 R32-M1-N6-C:J14-U11 RAS KERNEL INFO generating core.13268
- 1121314081 2005.07.13 R32-M1-N6-C:J10-U11 2005-07-13-21.08.01.223229 R32-M1-N6-C:J10-U11 RAS KERNEL INFO generating core.29653
- 1121314081 2005.07.13 R32-M1-N6-C:J14-U01 2005-07-13-21.08.01.293879 R32-M1-N6-C:J14-U01 RAS KERNEL INFO generating core.13252
- 1121314081 2005.07.13 R32-M1-N6-C:J16-U01 2005-07-13-21.08.01.355269 R32-M1-N6-C:J16-U01 RAS KERNEL INFO generating core.29124
- 1121314081 2005.07.13 R32-M1-N6-C:J12-U01 2005-07-13-21.08.01.425444 R32-M1-N6-C:J12-U01 RAS KERNEL INFO generating core.12741
- 1121314081 2005.07.13 R32-M1-N6-C:J04-U01 2005-07-13-21.08.01.486878 R32-M1-N6-C:J04-U01 RAS KERNEL INFO generating core.29127
- 1121314081 2005.07.13 R32-M1-N6-C:J04-U11 2005-07-13-21.08.01.556319 R32-M1-N6-C:J04-U11 RAS KERNEL INFO generating core.12759
- 1121314081 2005.07.13 R32-M1-N6-C:J02-U01 2005-07-13-21.08.01.618098 R32-M1-N6-C:J02-U01 RAS KERNEL INFO generating core.29639
- 1121314081 2005.07.13 R32-M1-N2-C:J09-U11 2005-07-13-21.08.01.696139 R32-M1-N2-C:J09-U11 RAS KERNEL INFO generating core.14838
- 1121314081 2005.07.13 R32-M1-N2-C:J15-U11 2005-07-13-21.08.01.757175 R32-M1-N2-C:J15-U11 RAS KERNEL INFO generating core.31732
- 1121314081 2005.07.13 R32-M1-N2-C:J13-U11 2005-07-13-21.08.01.826815 R32-M1-N2-C:J13-U11 RAS KERNEL INFO generating core.14837
- 1121314081 2005.07.13 R32-M1-N2-C:J17-U11 2005-07-13-21.08.01.888027 R32-M1-N2-C:J17-U11 RAS KERNEL INFO generating core.31220
- 1121314081 2005.07.13 R32-M1-N2-C:J03-U01 2005-07-13-21.08.01.957251 R32-M1-N2-C:J03-U01 RAS KERNEL INFO generating core.15335
- 1121314082 2005.07.13 R32-M1-N2-C:J05-U11 2005-07-13-21.08.02.018011 R32-M1-N2-C:J05-U11 RAS KERNEL INFO generating core.31223
- 1121314082 2005.07.13 R32-M1-N2-C:J07-U11 2005-07-13-21.08.02.087780 R32-M1-N2-C:J07-U11 RAS KERNEL INFO generating core.15350
- 1121314082 2005.07.13 R32-M1-N2-C:J15-U01 2005-07-13-21.08.02.149062 R32-M1-N2-C:J15-U01 RAS KERNEL INFO generating core.31716
- 1121314082 2005.07.13 R32-M1-N2-C:J11-U01 2005-07-13-21.08.02.218306 R32-M1-N2-C:J11-U01 RAS KERNEL INFO generating core.15333
- 1121408422 2005.07.14 R05-M0-N8-I:J18-U11 2005-07-14-23.20.22.610801 R05-M0-N8-I:J18-U11 RAS KERNEL INFO ciod: Z coordinate 32 exceeds physical dimension 32 at line 33 of node map file /home/pakin1/comms-conc/xyzt-1x1x32768x1.map
- 1121408422 2005.07.14 R01-M0-N8-I:J18-U01 2005-07-14-23.20.22.714867 R01-M0-N8-I:J18-U01 RAS KERNEL INFO ciod: Z coordinate 32 exceeds physical dimension 32 at line 33 of node map file /home/pakin1/comms-conc/xyzt-1x1x32768x1.map
- 1121408422 2005.07.14 R11-M1-N4-I:J18-U11 2005-07-14-23.20.22.819047 R11-M1-N4-I:J18-U11 RAS KERNEL INFO ciod: Z coordinate 32 exceeds physical dimension 32 at line 33 of node map file /home/pakin1/comms-conc/xyzt-1x1x32768x1.map
- 1121408422 2005.07.14 R05-M0-NC-I:J18-U01 2005-07-14-23.20.22.923498 R05-M0-NC-I:J18-U01 RAS KERNEL INFO ciod: Z coordinate 32 exceeds physical dimension 32 at line 33 of node map file /home/pakin1/comms-conc/xyzt-1x1x32768x1.map
- 1121408423 2005.07.14 R05-M1-N4-I:J18-U11 2005-07-14-23.20.23.028565 R05-M1-N4-I:J18-U11 RAS KERNEL INFO ciod: Z coordinate 32 exceeds physical dimension 32 at line 33 of node map file /home/pakin1/comms-conc/xyzt-1x1x32768x1.map
- 1121408423 2005.07.14 R04-M0-N8-I:J18-U01 2005-07-14-23.20.23.133398 R04-M0-N8-I:J18-U01 RAS KERNEL INFO ciod: Z coordinate 32 exceeds physical dimension 32 at line 33 of node map file /home/pakin1/comms-conc/xyzt-1x1x32768x1.map
- 1121408423 2005.07.14 R05-M0-N0-I:J18-U11 2005-07-14-23.20.23.238259 R05-M0-N0-I:J18-U11 RAS KERNEL INFO ciod: Z coordinate 32 exceeds physical dimension 32 at line 33 of node map file /home/pakin1/comms-conc/xyzt-1x1x32768x1.map
- 1121408423 2005.07.14 R13-M1-N4-I:J18-U01 2005-07-14-23.20.23.343004 R13-M1-N4-I:J18-U01 RAS KERNEL INFO ciod: Z coordinate 32 exceeds physical dimension 32 at line 33 of node map file /home/pakin1/comms-conc/xyzt-1x1x32768x1.map
- 1121408423 2005.07.14 R12-M1-NC-I:J18-U11 2005-07-14-23.20.23.448558 R12-M1-NC-I:J18-U11 RAS KERNEL INFO ciod: Z coordinate 32 exceeds physical dimension 32 at line 33 of node map file /home/pakin1/comms-conc/xyzt-1x1x32768x1.map
- 1121408423 2005.07.14 R06-M0-N0-I:J18-U01 2005-07-14-23.20.23.552851 R06-M0-N0-I:J18-U01 RAS KERNEL INFO ciod: Z coordinate 32 exceeds physical dimension 32 at line 33 of node map file /home/pakin1/comms-conc/xyzt-1x1x32768x1.map
- 1121408423 2005.07.14 R13-M0-N8-I:J18-U11 2005-07-14-23.20.23.657545 R13-M0-N8-I:J18-U11 RAS KERNEL INFO ciod: Z coordinate 32 exceeds physical dimension 32 at line 33 of node map file /home/pakin1/comms-conc/xyzt-1x1x32768x1.map
- 1121408423 2005.07.14 R04-M1-NC-I:J18-U01 2005-07-14-23.20.23.762331 R04-M1-NC-I:J18-U01 RAS KERNEL INFO ciod: Z coordinate 32 exceeds physical dimension 32 at line 33 of node map file /home/pakin1/comms-conc/xyzt-1x1x32768x1.map
- 1121408423 2005.07.14 R06-M0-N8-I:J18-U11 2005-07-14-23.20.23.867922 R06-M0-N8-I:J18-U11 RAS KERNEL INFO ciod: Z coordinate 32 exceeds physical dimension 32 at line 33 of node map file /home/pakin1/comms-conc/xyzt-1x1x32768x1.map
- 1121408423 2005.07.14 R13-M0-N0-I:J18-U01 2005-07-14-23.20.23.973464 R13-M0-N0-I:J18-U01 RAS KERNEL INFO ciod: Z coordinate 32 exceeds physical dimension 32 at line 33 of node map file /home/pakin1/comms-conc/xyzt-1x1x32768x1.map
- 1121408424 2005.07.14 R06-M0-NC-I:J18-U11 2005-07-14-23.20.24.078350 R06-M0-NC-I:J18-U11 RAS KERNEL INFO ciod: Z coordinate 32 exceeds physical dimension 32 at line 33 of node map file /home/pakin1/comms-conc/xyzt-1x1x32768x1.map
- 1121408424 2005.07.14 R13-M0-NC-I:J18-U01 2005-07-14-23.20.24.183959 R13-M0-NC-I:J18-U01 RAS KERNEL INFO ciod: Z coordinate 32 exceeds physical dimension 32 at line 33 of node map file /home/pakin1/comms-conc/xyzt-1x1x32768x1.map
- 1121408424 2005.07.14 R35-M1-N0-I:J18-U11 2005-07-14-23.20.24.862757 R35-M1-N0-I:J18-U11 RAS APP FATAL ciod: Error creating node map from file /home/pakin1/comms-conc/xyzt-1x1x32768x1.map: Bad address
- 1121408424 2005.07.14 R36-M0-N8-I:J18-U01 2005-07-14-23.20.24.941117 R36-M0-N8-I:J18-U01 RAS APP FATAL ciod: Error creating node map from file /home/pakin1/comms-conc/xyzt-1x1x32768x1.map: Bad address
- 1121408425 2005.07.14 R36-M0-N0-I:J18-U11 2005-07-14-23.20.25.019343 R36-M0-N0-I:J18-U11 RAS APP FATAL ciod: Error creating node map from file /home/pakin1/comms-conc/xyzt-1x1x32768x1.map: Bad address
- 1121408425 2005.07.14 R31-M0-N4-I:J18-U01 2005-07-14-23.20.25.096682 R31-M0-N4-I:J18-U01 RAS APP FATAL ciod: Error creating node map from file /home/pakin1/comms-conc/xyzt-1x1x32768x1.map: Bad address
- 1121408425 2005.07.14 R36-M1-NC-I:J18-U11 2005-07-14-23.20.25.174929 R36-M1-NC-I:J18-U11 RAS APP FATAL ciod: Error creating node map from file /home/pakin1/comms-conc/xyzt-1x1x32768x1.map: Bad address
- 1121408425 2005.07.14 R22-M1-N8-I:J18-U01 2005-07-14-23.20.25.252934 R22-M1-N8-I:J18-U01 RAS APP FATAL ciod: Error creating node map from file /home/pakin1/comms-conc/xyzt-1x1x32768x1.map: Bad address
- 1121408425 2005.07.14 R25-M0-N4-I:J18-U11 2005-07-14-23.20.25.330775 R25-M0-N4-I:J18-U11 RAS APP FATAL ciod: Error creating node map from file /home/pakin1/comms-conc/xyzt-1x1x32768x1.map: Bad address
- 1121408425 2005.07.14 R33-M0-NC-I:J18-U01 2005-07-14-23.20.25.409370 R33-M0-NC-I:J18-U01 RAS APP FATAL ciod: Error creating node map from file /home/pakin1/comms-conc/xyzt-1x1x32768x1.map: Bad address
- 1121408425 2005.07.14 R36-M1-N8-I:J18-U11 2005-07-14-23.20.25.490928 R36-M1-N8-I:J18-U11 RAS APP FATAL ciod: Error creating node map from file /home/pakin1/comms-conc/xyzt-1x1x32768x1.map: Bad address
- 1121493827 2005.07.15 R25-M0-N3-C:J12-U11 2005-07-15-23.03.47.212026 R25-M0-N3-C:J12-U11 RAS KERNEL INFO generating core.20921
- 1121493827 2005.07.15 R25-M0-N3-C:J14-U01 2005-07-15-23.03.47.296068 R25-M0-N3-C:J14-U01 RAS KERNEL INFO generating core.54680
- 1121493827 2005.07.15 R25-M0-N3-C:J10-U01 2005-07-15-23.03.47.386846 R25-M0-N3-C:J10-U01 RAS KERNEL INFO generating core.21913
- 1121493827 2005.07.15 R25-M0-N3-C:J12-U01 2005-07-15-23.03.47.469591 R25-M0-N3-C:J12-U01 RAS KERNEL INFO generating core.53657
- 1121493827 2005.07.15 R25-M0-N3-C:J04-U01 2005-07-15-23.03.47.560023 R25-M0-N3-C:J04-U01 RAS KERNEL INFO generating core.20891
- 1121493827 2005.07.15 R25-M0-N3-C:J06-U01 2005-07-15-23.03.47.642804 R25-M0-N3-C:J06-U01 RAS KERNEL INFO generating core.54682
- 1121493827 2005.07.15 R25-M0-N3-C:J02-U01 2005-07-15-23.03.47.734892 R25-M0-N3-C:J02-U01 RAS KERNEL INFO generating core.21915
- 1121493827 2005.07.15 R25-M0-N3-C:J02-U11 2005-07-15-23.03.47.818468 R25-M0-N3-C:J02-U11 RAS KERNEL INFO generating core.54715
- 1121493827 2005.07.15 R22-M1-N6-C:J15-U11 2005-07-15-23.03.47.911506 R22-M1-N6-C:J15-U11 RAS KERNEL INFO generating core.2044
- 1121493827 2005.07.15 R22-M1-N6-C:J11-U11 2005-07-15-23.03.47.995377 R22-M1-N6-C:J11-U11 RAS KERNEL INFO generating core.34813
- 1121493828 2005.07.15 R22-M1-N6-C:J17-U11 2005-07-15-23.03.48.087944 R22-M1-N6-C:J17-U11 RAS KERNEL INFO generating core.1020
- 1121493828 2005.07.15 R22-M1-N6-C:J05-U01 2005-07-15-23.03.48.172997 R22-M1-N6-C:J05-U01 RAS KERNEL INFO generating core.33759
- 1121493828 2005.07.15 R22-M1-N6-C:J05-U11 2005-07-15-23.03.48.266213 R22-M1-N6-C:J05-U11 RAS KERNEL INFO generating core.1023
- 1121493828 2005.07.15 R22-M1-N6-C:J03-U11 2005-07-15-23.03.48.351424 R22-M1-N6-C:J03-U11 RAS KERNEL INFO generating core.34815
- 1121493828 2005.07.15 R22-M1-N6-C:J15-U01 2005-07-15-23.03.48.444575 R22-M1-N6-C:J15-U01 RAS KERNEL INFO generating core.2012
- 1121493828 2005.07.15 R22-M1-N6-C:J17-U01 2005-07-15-23.03.48.529825 R22-M1-N6-C:J17-U01 RAS KERNEL INFO generating core.33756
- 1121493828 2005.07.15 R22-M1-N6-C:J07-U01 2005-07-15-23.03.48.622578 R22-M1-N6-C:J07-U01 RAS KERNEL INFO generating core.2014
- 1121493828 2005.07.15 R22-M1-N6-C:J13-U01 2005-07-15-23.03.48.707896 R22-M1-N6-C:J13-U01 RAS KERNEL INFO generating core.33757
- 1121493828 2005.07.15 R22-M1-N6-C:J16-U11 2005-07-15-23.03.48.801114 R22-M1-N6-C:J16-U11 RAS KERNEL INFO generating core.956
- 1121493828 2005.07.15 R22-M1-N6-C:J08-U11 2005-07-15-23.03.48.886312 R22-M1-N6-C:J08-U11 RAS KERNEL INFO generating core.33726
- 1121493828 2005.07.15 R22-M1-N6-C:J10-U11 2005-07-15-23.03.48.979448 R22-M1-N6-C:J10-U11 RAS KERNEL INFO generating core.1981
- 1121493829 2005.07.15 R22-M1-N6-C:J06-U11 2005-07-15-23.03.49.065200 R22-M1-N6-C:J06-U11 RAS KERNEL INFO generating core.34750
- 1121493829 2005.07.15 R22-M1-N6-C:J14-U01 2005-07-15-23.03.49.172829 R22-M1-N6-C:J14-U01 RAS KERNEL INFO generating core.1948
- 1121493829 2005.07.15 R22-M1-N6-C:J16-U01 2005-07-15-23.03.49.258773 R22-M1-N6-C:J16-U01 RAS KERNEL INFO generating core.33692
- 1121493829 2005.07.15 R22-M1-N6-C:J12-U01 2005-07-15-23.03.49.353188 R22-M1-N6-C:J12-U01 RAS KERNEL INFO generating core.925
- 1121494284 2005.07.15 R34-M1-N9-C:J03-U01 2005-07-15-23.11.24.810246 R34-M1-N9-C:J03-U01 RAS KERNEL INFO generating core.64851
- 1121494284 2005.07.15 R34-M1-N9-C:J03-U11 2005-07-15-23.11.24.906403 R34-M1-N9-C:J03-U11 RAS KERNEL INFO generating core.32115
- 1121494284 2005.07.15 R34-M1-N9-C:J07-U11 2005-07-15-23.11.24.993637 R34-M1-N9-C:J07-U11 RAS KERNEL INFO generating core.64882
- 1121494285 2005.07.15 R34-M1-N9-C:J17-U01 2005-07-15-23.11.25.090009 R34-M1-N9-C:J17-U01 RAS KERNEL INFO generating core.31056
- 1121494285 2005.07.15 R34-M1-N9-C:J11-U01 2005-07-15-23.11.25.178124 R34-M1-N9-C:J11-U01 RAS KERNEL INFO generating core.64849
- 1121494285 2005.07.15 R34-M1-N9-C:J13-U01 2005-07-15-23.11.25.273751 R34-M1-N9-C:J13-U01 RAS KERNEL INFO generating core.31057
- 1121494285 2005.07.15 R34-M1-N9-C:J09-U01 2005-07-15-23.11.25.358890 R34-M1-N9-C:J09-U01 RAS KERNEL INFO generating core.63826
- 1121494285 2005.07.15 R34-M1-N9-C:J08-U11 2005-07-15-23.11.25.452309 R34-M1-N9-C:J08-U11 RAS KERNEL INFO generating core.31026
- 1121494285 2005.07.15 R34-M1-N9-C:J14-U11 2005-07-15-23.11.25.538421 R34-M1-N9-C:J14-U11 RAS KERNEL INFO generating core.64816
- 1121494285 2005.07.15 R34-M1-N9-C:J06-U11 2005-07-15-23.11.25.632406 R34-M1-N9-C:J06-U11 RAS KERNEL INFO generating core.32050
- 1121494285 2005.07.15 R34-M1-N9-C:J12-U11 2005-07-15-23.11.25.718622 R34-M1-N9-C:J12-U11 RAS KERNEL INFO generating core.63793
- 1121494285 2005.07.15 R34-M1-N9-C:J16-U01 2005-07-15-23.11.25.812685 R34-M1-N9-C:J16-U01 RAS KERNEL INFO generating core.30992
- 1121494285 2005.07.15 R34-M1-N9-C:J10-U01 2005-07-15-23.11.25.898119 R34-M1-N9-C:J10-U01 RAS KERNEL INFO generating core.64785
- 1121494285 2005.07.15 R34-M1-N9-C:J08-U01 2005-07-15-23.11.25.993345 R34-M1-N9-C:J08-U01 RAS KERNEL INFO generating core.30994
- 1121494286 2005.07.15 R34-M1-N9-C:J04-U01 2005-07-15-23.11.26.078688 R34-M1-N9-C:J04-U01 RAS KERNEL INFO generating core.63763
- 1121494286 2005.07.15 R34-M1-N9-C:J04-U11 2005-07-15-23.11.26.172677 R34-M1-N9-C:J04-U11 RAS KERNEL INFO generating core.31027
- 1121494286 2005.07.15 R34-M1-N9-C:J02-U01 2005-07-15-23.11.26.258575 R34-M1-N9-C:J02-U01 RAS KERNEL INFO generating core.64787
- 1121494286 2005.07.15 R34-M0-ND-C:J09-U11 2005-07-15-23.11.26.355712 R34-M0-ND-C:J09-U11 RAS KERNEL INFO generating core.2418
- 1121494286 2005.07.15 R34-M0-ND-C:J15-U11 2005-07-15-23.11.26.454424 R34-M0-ND-C:J15-U11 RAS KERNEL INFO generating core.36208
- 1121494286 2005.07.15 R34-M0-ND-C:J13-U11 2005-07-15-23.11.26.547963 R34-M0-ND-C:J13-U11 RAS KERNEL INFO generating core.2417
- 1121494286 2005.07.15 R34-M0-ND-C:J17-U11 2005-07-15-23.11.26.632506 R34-M0-ND-C:J17-U11 RAS KERNEL INFO generating core.35184
- 1121494286 2005.07.15 R34-M0-ND-C:J03-U01 2005-07-15-23.11.26.730054 R34-M0-ND-C:J03-U01 RAS KERNEL INFO generating core.3411
- 1121494286 2005.07.15 R34-M0-ND-C:J05-U11 2005-07-15-23.11.26.813695 R34-M0-ND-C:J05-U11 RAS KERNEL INFO generating core.35187
- 1121494286 2005.07.15 R34-M0-ND-C:J07-U11 2005-07-15-23.11.26.907262 R34-M0-ND-C:J07-U11 RAS KERNEL INFO generating core.3442
- 1121494286 2005.07.15 R34-M0-ND-C:J15-U01 2005-07-15-23.11.26.990427 R34-M0-ND-C:J15-U01 RAS KERNEL INFO generating core.36176
- 1121495564 2005.07.15 R36-M0-NF-C:J06-U01 2005-07-15-23.32.44.070947 R36-M0-NF-C:J06-U01 RAS KERNEL INFO generating core.34322
- 1121495564 2005.07.15 R36-M0-NF-C:J02-U01 2005-07-15-23.32.44.167462 R36-M0-NF-C:J02-U01 RAS KERNEL INFO generating core.1555
- 1121495564 2005.07.15 R36-M0-NF-C:J02-U11 2005-07-15-23.32.44.254775 R36-M0-NF-C:J02-U11 RAS KERNEL INFO generating core.34355
- 1121495564 2005.07.15 R36-M0-N9-C:J15-U11 2005-07-15-23.32.44.355655 R36-M0-N9-C:J15-U11 RAS KERNEL INFO generating core.7792
- 1121495564 2005.07.15 R36-M0-N9-C:J11-U11 2005-07-15-23.32.44.443508 R36-M0-N9-C:J11-U11 RAS KERNEL INFO generating core.40561
- 1121495564 2005.07.15 R36-M0-N9-C:J17-U11 2005-07-15-23.32.44.539273 R36-M0-N9-C:J17-U11 RAS KERNEL INFO generating core.6768
- 1121495564 2005.07.15 R36-M0-N9-C:J05-U01 2005-07-15-23.32.44.627025 R36-M0-N9-C:J05-U01 RAS KERNEL INFO generating core.39507
- 1121495564 2005.07.15 R36-M0-N9-C:J05-U11 2005-07-15-23.32.44.722434 R36-M0-N9-C:J05-U11 RAS KERNEL INFO generating core.6771
- 1121495564 2005.07.15 R36-M0-N9-C:J03-U11 2005-07-15-23.32.44.810270 R36-M0-N9-C:J03-U11 RAS KERNEL INFO generating core.40563
- 1121495564 2005.07.15 R36-M0-N9-C:J15-U01 2005-07-15-23.32.44.906490 R36-M0-N9-C:J15-U01 RAS KERNEL INFO generating core.7760
- 1121495564 2005.07.15 R36-M0-N9-C:J17-U01 2005-07-15-23.32.44.994022 R36-M0-N9-C:J17-U01 RAS KERNEL INFO generating core.39504
- 1121495565 2005.07.15 R36-M0-N9-C:J07-U01 2005-07-15-23.32.45.089350 R36-M0-N9-C:J07-U01 RAS KERNEL INFO generating core.7762
- 1121495565 2005.07.15 R36-M0-N9-C:J13-U01 2005-07-15-23.32.45.176607 R36-M0-N9-C:J13-U01 RAS KERNEL INFO generating core.39505
- 1121495565 2005.07.15 R36-M0-N9-C:J16-U11 2005-07-15-23.32.45.272806 R36-M0-N9-C:J16-U11 RAS KERNEL INFO generating core.6704
- 1121495565 2005.07.15 R36-M0-N9-C:J08-U11 2005-07-15-23.32.45.360025 R36-M0-N9-C:J08-U11 RAS KERNEL INFO generating core.39474
- 1121495565 2005.07.15 R36-M0-N9-C:J10-U11 2005-07-15-23.32.45.455882 R36-M0-N9-C:J10-U11 RAS KERNEL INFO generating core.7729
- 1121495565 2005.07.15 R36-M0-N9-C:J06-U11 2005-07-15-23.32.45.543558 R36-M0-N9-C:J06-U11 RAS KERNEL INFO generating core.40498
- 1121495565 2005.07.15 R36-M0-N9-C:J14-U01 2005-07-15-23.32.45.639447 R36-M0-N9-C:J14-U01 RAS KERNEL INFO generating core.7696
- 1121495565 2005.07.15 R36-M0-N9-C:J16-U01 2005-07-15-23.32.45.729918 R36-M0-N9-C:J16-U01 RAS KERNEL INFO generating core.39440
- 1121495565 2005.07.15 R36-M0-N9-C:J12-U01 2005-07-15-23.32.45.827158 R36-M0-N9-C:J12-U01 RAS KERNEL INFO generating core.6673
- 1121495565 2005.07.15 R36-M0-N9-C:J08-U01 2005-07-15-23.32.45.918370 R36-M0-N9-C:J08-U01 RAS KERNEL INFO generating core.39442
- 1121495566 2005.07.15 R36-M0-N9-C:J06-U01 2005-07-15-23.32.46.018799 R36-M0-N9-C:J06-U01 RAS KERNEL INFO generating core.7698
- 1121495566 2005.07.15 R36-M0-N9-C:J04-U11 2005-07-15-23.32.46.108579 R36-M0-N9-C:J04-U11 RAS KERNEL INFO generating core.39475
- 1121495566 2005.07.15 R36-M0-N9-C:J02-U11 2005-07-15-23.32.46.205801 R36-M0-N9-C:J02-U11 RAS KERNEL INFO generating core.7731
- 1121495566 2005.07.15 R36-M0-NB-C:J09-U11 2005-07-15-23.32.46.294398 R36-M0-NB-C:J09-U11 RAS KERNEL INFO generating core.37490
- 1121496020 2005.07.15 R17-M0-NA-C:J13-U01 2005-07-15-23.40.20.725522 R17-M0-NA-C:J13-U01 RAS KERNEL INFO generating core.21069
- 1121496020 2005.07.15 R17-M0-NA-C:J09-U01 2005-07-15-23.40.20.812701 R17-M0-NA-C:J09-U01 RAS KERNEL INFO generating core.53838
- 1121496020 2005.07.15 R17-M0-NA-C:J08-U11 2005-07-15-23.40.20.907954 R17-M0-NA-C:J08-U11 RAS KERNEL INFO generating core.21038
- 1121496020 2005.07.15 R17-M0-NA-C:J14-U11 2005-07-15-23.40.20.995760 R17-M0-NA-C:J14-U11 RAS KERNEL INFO generating core.54828
- 1121496021 2005.07.15 R17-M0-NA-C:J06-U11 2005-07-15-23.40.21.095935 R17-M0-NA-C:J06-U11 RAS KERNEL INFO generating core.22062
- 1121496021 2005.07.15 R17-M0-NA-C:J12-U11 2005-07-15-23.40.21.182680 R17-M0-NA-C:J12-U11 RAS KERNEL INFO generating core.53805
- 1121496021 2005.07.15 R17-M0-NA-C:J16-U01 2005-07-15-23.40.21.277882 R17-M0-NA-C:J16-U01 RAS KERNEL INFO generating core.21004
- 1121496021 2005.07.15 R17-M0-NA-C:J10-U01 2005-07-15-23.40.21.365030 R17-M0-NA-C:J10-U01 RAS KERNEL INFO generating core.54797
- 1121496021 2005.07.15 R17-M0-NA-C:J08-U01 2005-07-15-23.40.21.459877 R17-M0-NA-C:J08-U01 RAS KERNEL INFO generating core.21006
- 1121496021 2005.07.15 R17-M0-NA-C:J04-U01 2005-07-15-23.40.21.546523 R17-M0-NA-C:J04-U01 RAS KERNEL INFO generating core.53775
- 1121496021 2005.07.15 R17-M0-NA-C:J04-U11 2005-07-15-23.40.21.641309 R17-M0-NA-C:J04-U11 RAS KERNEL INFO generating core.21039
- 1121496021 2005.07.15 R17-M0-NA-C:J02-U01 2005-07-15-23.40.21.728010 R17-M0-NA-C:J02-U01 RAS KERNEL INFO generating core.54799
- 1121496021 2005.07.15 R17-M0-NE-C:J09-U11 2005-07-15-23.40.21.833024 R17-M0-NE-C:J09-U11 RAS KERNEL INFO generating core.17006
- 1121496021 2005.07.15 R17-M0-NE-C:J15-U11 2005-07-15-23.40.21.923313 R17-M0-NE-C:J15-U11 RAS KERNEL INFO generating core.50796
- 1121496022 2005.07.15 R17-M0-NE-C:J13-U11 2005-07-15-23.40.22.020552 R17-M0-NE-C:J13-U11 RAS KERNEL INFO generating core.17005
- 1121496022 2005.07.15 R17-M0-NE-C:J17-U11 2005-07-15-23.40.22.109365 R17-M0-NE-C:J17-U11 RAS KERNEL INFO generating core.49772
- 1121496022 2005.07.15 R17-M0-NE-C:J03-U01 2005-07-15-23.40.22.206089 R17-M0-NE-C:J03-U01 RAS KERNEL INFO generating core.17999
- 1121496022 2005.07.15 R17-M0-NE-C:J05-U11 2005-07-15-23.40.22.293115 R17-M0-NE-C:J05-U11 RAS KERNEL INFO generating core.49775
- 1121496022 2005.07.15 R17-M0-NE-C:J07-U11 2005-07-15-23.40.22.388404 R17-M0-NE-C:J07-U11 RAS KERNEL INFO generating core.18030
- 1121496022 2005.07.15 R17-M0-NE-C:J15-U01 2005-07-15-23.40.22.475246 R17-M0-NE-C:J15-U01 RAS KERNEL INFO generating core.50764
- 1121496022 2005.07.15 R17-M0-NE-C:J11-U01 2005-07-15-23.40.22.571283 R17-M0-NE-C:J11-U01 RAS KERNEL INFO generating core.17997
- 1121496022 2005.07.15 R17-M0-NE-C:J07-U01 2005-07-15-23.40.22.657894 R17-M0-NE-C:J07-U01 RAS KERNEL INFO generating core.50766
- 1121496022 2005.07.15 R17-M0-NE-C:J09-U01 2005-07-15-23.40.22.752751 R17-M0-NE-C:J09-U01 RAS KERNEL INFO generating core.16974
- 1121496022 2005.07.15 R17-M0-NE-C:J16-U11 2005-07-15-23.40.22.839502 R17-M0-NE-C:J16-U11 RAS KERNEL INFO generating core.49708
- 1121496022 2005.07.15 R17-M0-NE-C:J14-U11 2005-07-15-23.40.22.934725 R17-M0-NE-C:J14-U11 RAS KERNEL INFO generating core.17964
- 1121496479 2005.07.15 R07-M0-N7-C:J02-U11 2005-07-15-23.47.59.983790 R07-M0-N7-C:J02-U11 RAS KERNEL INFO generating core.42659
- 1121496480 2005.07.15 R07-M0-N1-C:J15-U11 2005-07-15-23.48.00.083162 R07-M0-N1-C:J15-U11 RAS KERNEL INFO generating core.16096
- 1121496480 2005.07.15 R07-M0-N1-C:J11-U11 2005-07-15-23.48.00.169664 R07-M0-N1-C:J11-U11 RAS KERNEL INFO generating core.48865
- 1121496480 2005.07.15 R07-M0-N1-C:J17-U11 2005-07-15-23.48.00.264597 R07-M0-N1-C:J17-U11 RAS KERNEL INFO generating core.15072
- 1121496480 2005.07.15 R07-M0-N1-C:J05-U01 2005-07-15-23.48.00.351677 R07-M0-N1-C:J05-U01 RAS KERNEL INFO generating core.47811
- 1121496480 2005.07.15 R07-M0-N1-C:J05-U11 2005-07-15-23.48.00.446441 R07-M0-N1-C:J05-U11 RAS KERNEL INFO generating core.15075
- 1121496480 2005.07.15 R07-M0-N1-C:J03-U11 2005-07-15-23.48.00.533137 R07-M0-N1-C:J03-U11 RAS KERNEL INFO generating core.48867
- 1121496480 2005.07.15 R07-M0-N1-C:J15-U01 2005-07-15-23.48.00.627935 R07-M0-N1-C:J15-U01 RAS KERNEL INFO generating core.16064
- 1121496480 2005.07.15 R07-M0-N1-C:J17-U01 2005-07-15-23.48.00.715687 R07-M0-N1-C:J17-U01 RAS KERNEL INFO generating core.47808
- 1121496480 2005.07.15 R07-M0-N1-C:J07-U01 2005-07-15-23.48.00.810891 R07-M0-N1-C:J07-U01 RAS KERNEL INFO generating core.16066
- 1121496480 2005.07.15 R07-M0-N1-C:J13-U01 2005-07-15-23.48.00.897794 R07-M0-N1-C:J13-U01 RAS KERNEL INFO generating core.47809
- 1121496480 2005.07.15 R07-M0-N1-C:J16-U11 2005-07-15-23.48.00.993937 R07-M0-N1-C:J16-U11 RAS KERNEL INFO generating core.15008
- 1121496481 2005.07.15 R07-M0-N1-C:J08-U11 2005-07-15-23.48.01.114206 R07-M0-N1-C:J08-U11 RAS KERNEL INFO generating core.47778
- 1121496481 2005.07.15 R07-M0-N1-C:J10-U11 2005-07-15-23.48.01.209482 R07-M0-N1-C:J10-U11 RAS KERNEL INFO generating core.16033
- 1121496481 2005.07.15 R07-M0-N1-C:J06-U11 2005-07-15-23.48.01.297231 R07-M0-N1-C:J06-U11 RAS KERNEL INFO generating core.48802
- 1121496481 2005.07.15 R07-M0-N1-C:J14-U01 2005-07-15-23.48.01.392925 R07-M0-N1-C:J14-U01 RAS KERNEL INFO generating core.16000
- 1121496481 2005.07.15 R07-M0-N1-C:J16-U01 2005-07-15-23.48.01.480219 R07-M0-N1-C:J16-U01 RAS KERNEL INFO generating core.47744
- 1121496481 2005.07.15 R07-M0-N1-C:J12-U01 2005-07-15-23.48.01.575581 R07-M0-N1-C:J12-U01 RAS KERNEL INFO generating core.14977
- 1121496481 2005.07.15 R07-M0-N1-C:J08-U01 2005-07-15-23.48.01.662653 R07-M0-N1-C:J08-U01 RAS KERNEL INFO generating core.47746
- 1121496481 2005.07.15 R07-M0-N1-C:J06-U01 2005-07-15-23.48.01.757502 R07-M0-N1-C:J06-U01 RAS KERNEL INFO generating core.16002
- 1121496481 2005.07.15 R07-M0-N1-C:J04-U11 2005-07-15-23.48.01.844123 R07-M0-N1-C:J04-U11 RAS KERNEL INFO generating core.47779
- 1121496481 2005.07.15 R07-M0-N1-C:J02-U11 2005-07-15-23.48.01.940399 R07-M0-N1-C:J02-U11 RAS KERNEL INFO generating core.16035
- 1121496482 2005.07.15 R03-M0-N5-C:J09-U11 2005-07-15-23.48.02.028274 R03-M0-N5-C:J09-U11 RAS KERNEL INFO generating core.44002
- 1121496482 2005.07.15 R03-M0-N5-C:J11-U11 2005-07-15-23.48.02.123050 R03-M0-N5-C:J11-U11 RAS KERNEL INFO generating core.12257
- 1121496482 2005.07.15 R03-M0-N5-C:J13-U11 2005-07-15-23.48.02.209875 R03-M0-N5-C:J13-U11 RAS KERNEL INFO generating core.44001
- 1121598016 2005.07.17 R22-M0-NE-C:J15-U01 2005-07-17-04.00.16.174867 R22-M0-NE-C:J15-U01 RAS KERNEL INFO generating core.26460
- 1121598016 2005.07.17 R22-M0-NE-C:J17-U01 2005-07-17-04.00.16.259699 R22-M0-NE-C:J17-U01 RAS KERNEL INFO generating core.58204
- 1121598016 2005.07.17 R22-M0-NE-C:J07-U01 2005-07-17-04.00.16.352326 R22-M0-NE-C:J07-U01 RAS KERNEL INFO generating core.26462
- 1121598016 2005.07.17 R22-M0-NE-C:J13-U01 2005-07-17-04.00.16.437126 R22-M0-NE-C:J13-U01 RAS KERNEL INFO generating core.58205
- 1121598016 2005.07.17 R22-M0-NE-C:J16-U11 2005-07-17-04.00.16.529399 R22-M0-NE-C:J16-U11 RAS KERNEL INFO generating core.25404
- 1121598016 2005.07.17 R22-M0-NE-C:J08-U11 2005-07-17-04.00.16.619949 R22-M0-NE-C:J08-U11 RAS KERNEL INFO generating core.58174
- 1121598016 2005.07.17 R22-M0-NE-C:J10-U11 2005-07-17-04.00.16.713941 R22-M0-NE-C:J10-U11 RAS KERNEL INFO generating core.26429
- 1121598016 2005.07.17 R22-M0-NE-C:J06-U11 2005-07-17-04.00.16.799153 R22-M0-NE-C:J06-U11 RAS KERNEL INFO generating core.59198
- 1121598016 2005.07.17 R22-M0-NE-C:J14-U01 2005-07-17-04.00.16.892420 R22-M0-NE-C:J14-U01 RAS KERNEL INFO generating core.26396
- 1121598016 2005.07.17 R22-M0-NE-C:J16-U01 2005-07-17-04.00.16.977788 R22-M0-NE-C:J16-U01 RAS KERNEL INFO generating core.58140
- 1121598017 2005.07.17 R22-M0-NE-C:J12-U01 2005-07-17-04.00.17.071324 R22-M0-NE-C:J12-U01 RAS KERNEL INFO generating core.25373
- 1121598017 2005.07.17 R22-M0-NE-C:J08-U01 2005-07-17-04.00.17.155567 R22-M0-NE-C:J08-U01 RAS KERNEL INFO generating core.58142
- 1121598017 2005.07.17 R22-M0-NE-C:J06-U01 2005-07-17-04.00.17.248319 R22-M0-NE-C:J06-U01 RAS KERNEL INFO generating core.26398
- 1121598017 2005.07.17 R22-M0-NE-C:J04-U11 2005-07-17-04.00.17.334068 R22-M0-NE-C:J04-U11 RAS KERNEL INFO generating core.58175
- 1121598017 2005.07.17 R22-M0-NE-C:J02-U11 2005-07-17-04.00.17.426843 R22-M0-NE-C:J02-U11 RAS KERNEL INFO generating core.26431
- 1121598017 2005.07.17 R22-M1-N2-C:J09-U11 2005-07-17-04.00.17.511569 R22-M1-N2-C:J09-U11 RAS KERNEL INFO generating core.37886
- 1121598017 2005.07.17 R22-M1-N2-C:J11-U11 2005-07-17-04.00.17.605320 R22-M1-N2-C:J11-U11 RAS KERNEL INFO generating core.6141
- 1121598017 2005.07.17 R22-M1-N2-C:J13-U11 2005-07-17-04.00.17.688924 R22-M1-N2-C:J13-U11 RAS KERNEL INFO generating core.37885
- 1121598017 2005.07.17 R22-M1-N2-C:J05-U01 2005-07-17-04.00.17.781153 R22-M1-N2-C:J05-U01 RAS KERNEL INFO generating core.5087
- 1121598017 2005.07.17 R22-M1-N2-C:J03-U01 2005-07-17-04.00.17.865501 R22-M1-N2-C:J03-U01 RAS KERNEL INFO generating core.38879
- 1121598017 2005.07.17 R22-M1-N2-C:J03-U11 2005-07-17-04.00.17.959924 R22-M1-N2-C:J03-U11 RAS KERNEL INFO generating core.6143
- 1121598018 2005.07.17 R22-M1-N2-C:J07-U11 2005-07-17-04.00.18.048455 R22-M1-N2-C:J07-U11 RAS KERNEL INFO generating core.38910
- 1121598018 2005.07.17 R22-M1-N2-C:J17-U01 2005-07-17-04.00.18.145936 R22-M1-N2-C:J17-U01 RAS KERNEL INFO generating core.5084
- 1121598018 2005.07.17 R22-M1-N2-C:J11-U01 2005-07-17-04.00.18.229946 R22-M1-N2-C:J11-U01 RAS KERNEL INFO generating core.38877
- 1121598018 2005.07.17 R22-M1-N2-C:J13-U01 2005-07-17-04.00.18.321299 R22-M1-N2-C:J13-U01 RAS KERNEL INFO generating core.5085
- 1121598473 2005.07.17 R32-M0-NE-C:J04-U01 2005-07-17-04.07.53.637631 R32-M0-NE-C:J04-U01 RAS KERNEL INFO generating core.33559
- 1121598473 2005.07.17 R32-M0-NE-C:J04-U11 2005-07-17-04.07.53.733821 R32-M0-NE-C:J04-U11 RAS KERNEL INFO generating core.823
- 1121598473 2005.07.17 R32-M0-NE-C:J02-U01 2005-07-17-04.07.53.820579 R32-M0-NE-C:J02-U01 RAS KERNEL INFO generating core.34583
- 1121598473 2005.07.17 R32-M0-NF-C:J09-U11 2005-07-17-04.07.53.925026 R32-M0-NF-C:J09-U11 RAS KERNEL INFO generating core.882
- 1121598474 2005.07.17 R32-M0-NF-C:J15-U11 2005-07-17-04.07.54.013075 R32-M0-NF-C:J15-U11 RAS KERNEL INFO generating core.34672
- 1121598474 2005.07.17 R32-M0-NF-C:J13-U11 2005-07-17-04.07.54.109445 R32-M0-NF-C:J13-U11 RAS KERNEL INFO generating core.881
- 1121598474 2005.07.17 R32-M0-NF-C:J17-U11 2005-07-17-04.07.54.197862 R32-M0-NF-C:J17-U11 RAS KERNEL INFO generating core.33648
- 1121598474 2005.07.17 R32-M0-NF-C:J03-U01 2005-07-17-04.07.54.293922 R32-M0-NF-C:J03-U01 RAS KERNEL INFO generating core.1875
- 1121598474 2005.07.17 R32-M0-NF-C:J05-U11 2005-07-17-04.07.54.382695 R32-M0-NF-C:J05-U11 RAS KERNEL INFO generating core.33651
- 1121598474 2005.07.17 R32-M0-NF-C:J07-U11 2005-07-17-04.07.54.478473 R32-M0-NF-C:J07-U11 RAS KERNEL INFO generating core.1906
- 1121598474 2005.07.17 R32-M0-NF-C:J15-U01 2005-07-17-04.07.54.566091 R32-M0-NF-C:J15-U01 RAS KERNEL INFO generating core.34640
- 1121598474 2005.07.17 R32-M0-NF-C:J11-U01 2005-07-17-04.07.54.662400 R32-M0-NF-C:J11-U01 RAS KERNEL INFO generating core.1873
- 1121598474 2005.07.17 R32-M0-NF-C:J07-U01 2005-07-17-04.07.54.749456 R32-M0-NF-C:J07-U01 RAS KERNEL INFO generating core.34642
- 1121598474 2005.07.17 R32-M0-NF-C:J09-U01 2005-07-17-04.07.54.845922 R32-M0-NF-C:J09-U01 RAS KERNEL INFO generating core.850
- 1121598474 2005.07.17 R32-M0-NF-C:J16-U11 2005-07-17-04.07.54.933997 R32-M0-NF-C:J16-U11 RAS KERNEL INFO generating core.33584
- 1121598475 2005.07.17 R32-M0-NF-C:J14-U11 2005-07-17-04.07.55.029888 R32-M0-NF-C:J14-U11 RAS KERNEL INFO generating core.1840
- 1121598475 2005.07.17 R32-M0-NF-C:J10-U11 2005-07-17-04.07.55.118453 R32-M0-NF-C:J10-U11 RAS KERNEL INFO generating core.34609
- 1121598475 2005.07.17 R32-M0-NF-C:J12-U11 2005-07-17-04.07.55.223990 R32-M0-NF-C:J12-U11 RAS KERNEL INFO generating core.817
- 1121598475 2005.07.17 R32-M0-NF-C:J14-U01 2005-07-17-04.07.55.312197 R32-M0-NF-C:J14-U01 RAS KERNEL INFO generating core.34576
- 1121598475 2005.07.17 R32-M0-NF-C:J10-U01 2005-07-17-04.07.55.408366 R32-M0-NF-C:J10-U01 RAS KERNEL INFO generating core.1809
- 1121598475 2005.07.17 R32-M0-NF-C:J12-U01 2005-07-17-04.07.55.495942 R32-M0-NF-C:J12-U01 RAS KERNEL INFO generating core.33553
- 1121598475 2005.07.17 R32-M0-NF-C:J04-U01 2005-07-17-04.07.55.591090 R32-M0-NF-C:J04-U01 RAS KERNEL INFO generating core.787
- 1121598475 2005.07.17 R32-M0-NF-C:J06-U01 2005-07-17-04.07.55.677618 R32-M0-NF-C:J06-U01 RAS KERNEL INFO generating core.34578
- 1121598475 2005.07.17 R32-M0-NF-C:J02-U01 2005-07-17-04.07.55.772595 R32-M0-NF-C:J02-U01 RAS KERNEL INFO generating core.1811
- 1121598475 2005.07.17 R32-M0-NF-C:J02-U11 2005-07-17-04.07.55.858657 R32-M0-NF-C:J02-U11 RAS KERNEL INFO generating core.34611
- 1121598932 2005.07.17 R02-M0-N2-C:J07-U01 2005-07-17-04.15.32.421337 R02-M0-N2-C:J07-U01 RAS KERNEL INFO generating core.6086
- 1121598932 2005.07.17 R02-M0-N2-C:J13-U01 2005-07-17-04.15.32.504174 R02-M0-N2-C:J13-U01 RAS KERNEL INFO generating core.37829
- 1121598932 2005.07.17 R02-M0-N2-C:J16-U11 2005-07-17-04.15.32.596561 R02-M0-N2-C:J16-U11 RAS KERNEL INFO generating core.5028
- 1121598932 2005.07.17 R02-M0-N2-C:J08-U11 2005-07-17-04.15.32.681530 R02-M0-N2-C:J08-U11 RAS KERNEL INFO generating core.37798
- 1121598932 2005.07.17 R02-M0-N2-C:J10-U11 2005-07-17-04.15.32.774867 R02-M0-N2-C:J10-U11 RAS KERNEL INFO generating core.6053
- 1121598932 2005.07.17 R02-M0-N2-C:J06-U11 2005-07-17-04.15.32.859151 R02-M0-N2-C:J06-U11 RAS KERNEL INFO generating core.38822
- 1121598932 2005.07.17 R02-M0-N2-C:J14-U01 2005-07-17-04.15.32.952814 R02-M0-N2-C:J14-U01 RAS KERNEL INFO generating core.6020
- 1121598933 2005.07.17 R02-M0-N2-C:J16-U01 2005-07-17-04.15.33.044125 R02-M0-N2-C:J16-U01 RAS KERNEL INFO generating core.37764
- 1121598933 2005.07.17 R02-M0-N2-C:J12-U01 2005-07-17-04.15.33.137390 R02-M0-N2-C:J12-U01 RAS KERNEL INFO generating core.4997
- 1121598933 2005.07.17 R02-M0-N2-C:J08-U01 2005-07-17-04.15.33.222769 R02-M0-N2-C:J08-U01 RAS KERNEL INFO generating core.37766
- 1121598933 2005.07.17 R02-M0-N2-C:J06-U01 2005-07-17-04.15.33.316556 R02-M0-N2-C:J06-U01 RAS KERNEL INFO generating core.6022
- 1121598933 2005.07.17 R02-M0-N2-C:J04-U11 2005-07-17-04.15.33.401789 R02-M0-N2-C:J04-U11 RAS KERNEL INFO generating core.37799
- 1121598933 2005.07.17 R02-M0-N2-C:J02-U11 2005-07-17-04.15.33.495038 R02-M0-N2-C:J02-U11 RAS KERNEL INFO generating core.6055
- 1121598933 2005.07.17 R16-M1-ND-C:J09-U11 2005-07-17-04.15.33.591140 R16-M1-ND-C:J09-U11 RAS KERNEL INFO generating core.35434
- 1121598933 2005.07.17 R16-M1-ND-C:J11-U11 2005-07-17-04.15.33.686552 R16-M1-ND-C:J11-U11 RAS KERNEL INFO generating core.3689
- 1121598933 2005.07.17 R16-M1-ND-C:J13-U11 2005-07-17-04.15.33.773169 R16-M1-ND-C:J13-U11 RAS KERNEL INFO generating core.35433
- 1121598933 2005.07.17 R16-M1-ND-C:J05-U01 2005-07-17-04.15.33.867980 R16-M1-ND-C:J05-U01 RAS KERNEL INFO generating core.2635
- 1121598933 2005.07.17 R16-M1-ND-C:J03-U01 2005-07-17-04.15.33.954339 R16-M1-ND-C:J03-U01 RAS KERNEL INFO generating core.36427
- 1121598934 2005.07.17 R16-M1-ND-C:J03-U11 2005-07-17-04.15.34.049536 R16-M1-ND-C:J03-U11 RAS KERNEL INFO generating core.3691
- 1121598934 2005.07.17 R16-M1-ND-C:J07-U11 2005-07-17-04.15.34.135390 R16-M1-ND-C:J07-U11 RAS KERNEL INFO generating core.36458
- 1121598934 2005.07.17 R16-M1-ND-C:J17-U01 2005-07-17-04.15.34.229351 R16-M1-ND-C:J17-U01 RAS KERNEL INFO generating core.2632
- 1121598934 2005.07.17 R16-M1-ND-C:J11-U01 2005-07-17-04.15.34.315286 R16-M1-ND-C:J11-U01 RAS KERNEL INFO generating core.36425
- 1121598934 2005.07.17 R16-M1-ND-C:J13-U01 2005-07-17-04.15.34.409279 R16-M1-ND-C:J13-U01 RAS KERNEL INFO generating core.2633
- 1121598934 2005.07.17 R16-M1-ND-C:J09-U01 2005-07-17-04.15.34.493777 R16-M1-ND-C:J09-U01 RAS KERNEL INFO generating core.35402
- 1121598934 2005.07.17 R16-M1-ND-C:J08-U11 2005-07-17-04.15.34.586930 R16-M1-ND-C:J08-U11 RAS KERNEL INFO generating core.2602
- 1121599389 2005.07.17 R25-M0-N0-C:J02-U01 2005-07-17-04.23.09.881395 R25-M0-N0-C:J02-U01 RAS KERNEL INFO generating core.56735
- 1121599389 2005.07.17 R22-M0-N8-C:J09-U11 2005-07-17-04.23.09.981960 R22-M0-N8-C:J09-U11 RAS KERNEL INFO generating core.31614
- 1121599390 2005.07.17 R22-M0-N8-C:J15-U11 2005-07-17-04.23.10.065051 R22-M0-N8-C:J15-U11 RAS KERNEL INFO generating core.65404
- 1121599390 2005.07.17 R22-M0-N8-C:J13-U11 2005-07-17-04.23.10.155702 R22-M0-N8-C:J13-U11 RAS KERNEL INFO generating core.31613
- 1121599390 2005.07.17 R22-M0-N8-C:J17-U11 2005-07-17-04.23.10.238842 R22-M0-N8-C:J17-U11 RAS KERNEL INFO generating core.64380
- 1121599390 2005.07.17 R22-M0-N8-C:J03-U01 2005-07-17-04.23.10.330264 R22-M0-N8-C:J03-U01 RAS KERNEL INFO generating core.32607
- 1121599390 2005.07.17 R22-M0-N8-C:J05-U11 2005-07-17-04.23.10.414702 R22-M0-N8-C:J05-U11 RAS KERNEL INFO generating core.64383
- 1121599390 2005.07.17 R22-M0-N8-C:J07-U11 2005-07-17-04.23.10.505898 R22-M0-N8-C:J07-U11 RAS KERNEL INFO generating core.32638
- 1121599390 2005.07.17 R22-M0-N8-C:J15-U01 2005-07-17-04.23.10.588937 R22-M0-N8-C:J15-U01 RAS KERNEL INFO generating core.65372
- 1121599390 2005.07.17 R22-M0-N8-C:J11-U01 2005-07-17-04.23.10.696929 R22-M0-N8-C:J11-U01 RAS KERNEL INFO generating core.32605
- 1121599390 2005.07.17 R22-M0-N8-C:J07-U01 2005-07-17-04.23.10.779157 R22-M0-N8-C:J07-U01 RAS KERNEL INFO generating core.65374
- 1121599390 2005.07.17 R22-M0-N8-C:J09-U01 2005-07-17-04.23.10.869582 R22-M0-N8-C:J09-U01 RAS KERNEL INFO generating core.31582
- 1121599390 2005.07.17 R22-M0-N8-C:J16-U11 2005-07-17-04.23.10.951802 R22-M0-N8-C:J16-U11 RAS KERNEL INFO generating core.64316
- 1121599391 2005.07.17 R22-M0-N8-C:J14-U11 2005-07-17-04.23.11.042591 R22-M0-N8-C:J14-U11 RAS KERNEL INFO generating core.32572
- 1121599391 2005.07.17 R22-M0-N8-C:J10-U11 2005-07-17-04.23.11.124761 R22-M0-N8-C:J10-U11 RAS KERNEL INFO generating core.65341
- 1121599391 2005.07.17 R22-M0-N8-C:J12-U11 2005-07-17-04.23.11.215247 R22-M0-N8-C:J12-U11 RAS KERNEL INFO generating core.31549
- 1121599391 2005.07.17 R22-M0-N8-C:J14-U01 2005-07-17-04.23.11.298377 R22-M0-N8-C:J14-U01 RAS KERNEL INFO generating core.65308
- 1121599391 2005.07.17 R22-M0-N8-C:J10-U01 2005-07-17-04.23.11.390882 R22-M0-N8-C:J10-U01 RAS KERNEL INFO generating core.32541
- 1121599391 2005.07.17 R22-M0-N8-C:J12-U01 2005-07-17-04.23.11.473533 R22-M0-N8-C:J12-U01 RAS KERNEL INFO generating core.64285
- 1121599391 2005.07.17 R22-M0-N8-C:J04-U01 2005-07-17-04.23.11.564438 R22-M0-N8-C:J04-U01 RAS KERNEL INFO generating core.31519
- 1121599391 2005.07.17 R22-M0-N8-C:J06-U01 2005-07-17-04.23.11.647815 R22-M0-N8-C:J06-U01 RAS KERNEL INFO generating core.65310
- 1121599391 2005.07.17 R22-M0-N8-C:J02-U01 2005-07-17-04.23.11.738777 R22-M0-N8-C:J02-U01 RAS KERNEL INFO generating core.32543
- 1121599391 2005.07.17 R22-M0-N8-C:J02-U11 2005-07-17-04.23.11.821766 R22-M0-N8-C:J02-U11 RAS KERNEL INFO generating core.65343
- 1121599391 2005.07.17 R21-M1-N4-C:J15-U11 2005-07-17-04.23.11.921072 R21-M1-N4-C:J15-U11 RAS KERNEL INFO generating core.11516
- 1121599392 2005.07.17 R21-M1-N4-C:J11-U11 2005-07-17-04.23.12.005913 R21-M1-N4-C:J11-U11 RAS KERNEL INFO generating core.44285
- 1121706714 2005.07.18 R12-M1-N5-C:J17-U01 2005-07-18-10.11.54.043245 R12-M1-N5-C:J17-U01 RAS KERNEL INFO 4 ddr errors(s) detected and corrected on rank 0, symbol 30, bit 2
- 1121706714 2005.07.18 R15-M0-N3-C:J17-U01 2005-07-18-10.11.54.125919 R15-M0-N3-C:J17-U01 RAS KERNEL INFO 2 ddr errors(s) detected and corrected on rank 0, symbol 29, bit 4
- 1121706714 2005.07.18 R11-M0-N9-C:J06-U01 2005-07-18-10.11.54.210747 R11-M0-N9-C:J06-U01 RAS KERNEL INFO 5 ddr errors(s) detected and corrected on rank 0, symbol 9, bit 1
- 1121706714 2005.07.18 R14-M1-NF-C:J17-U11 2005-07-18-10.11.54.317637 R14-M1-NF-C:J17-U11 RAS KERNEL INFO CE sym 5, at 0x0afd3300, mask 0x04
- 1121706714 2005.07.18 R15-M0-N0-C:J17-U01 2005-07-18-10.11.54.369405 R15-M0-N0-C:J17-U01 RAS KERNEL INFO CE sym 4, at 0x1e147120, mask 0x04
- 1121706714 2005.07.18 R15-M1-NB-C:J15-U11 2005-07-18-10.11.54.482452 R15-M1-NB-C:J15-U11 RAS KERNEL INFO CE sym 21, at 0x1eaf39c0, mask 0x80
- 1121706714 2005.07.18 R14-M1-NE-C:J13-U11 2005-07-18-10.11.54.530140 R14-M1-NE-C:J13-U11 RAS KERNEL INFO CE sym 27, at 0x0b523e00, mask 0x01
- 1121706714 2005.07.18 R12-M0-N9-C:J10-U01 2005-07-18-10.11.54.574970 R12-M0-N9-C:J10-U01 RAS KERNEL INFO total of 1 ddr error(s) detected and corrected
- 1121706714 2005.07.18 R12-M1-N5-C:J17-U01 2005-07-18-10.11.54.802724 R12-M1-N5-C:J17-U01 RAS KERNEL INFO CE sym 30, at 0x1d4fcca0, mask 0x20
- 1121706714 2005.07.18 R11-M0-N9-C:J06-U01 2005-07-18-10.11.54.861606 R11-M0-N9-C:J06-U01 RAS KERNEL INFO CE sym 9, at 0x1dbfd760, mask 0x40
- 1121706714 2005.07.18 R11-M0-N9-C:J06-U01 2005-07-18-10.11.54.958067 R11-M0-N9-C:J06-U01 RAS KERNEL INFO CE sym 9, at 0x1dbfd760, mask 0x40
- 1121706715 2005.07.18 R11-M0-N9-C:J06-U01 2005-07-18-10.11.55.155219 R11-M0-N9-C:J06-U01 RAS KERNEL INFO total of 5 ddr error(s) detected and corrected
- 1121706778 2005.07.18 R02-M1-NF-C:J08-U01 2005-07-18-10.12.58.487888 R02-M1-NF-C:J08-U01 RAS KERNEL INFO 8 floating point alignment exceptions
- 1121706852 2005.07.18 R26-M0-N1-C:J15-U11 2005-07-18-10.14.12.379022 R26-M0-N1-C:J15-U11 RAS KERNEL INFO generating core.16248
- 1121706852 2005.07.18 R26-M0-N1-C:J11-U11 2005-07-18-10.14.12.442349 R26-M0-N1-C:J11-U11 RAS KERNEL INFO generating core.32633
- 1121706852 2005.07.18 R26-M0-N1-C:J17-U11 2005-07-18-10.14.12.509685 R26-M0-N1-C:J17-U11 RAS KERNEL INFO generating core.15736
- 1121706852 2005.07.18 R26-M0-N1-C:J05-U01 2005-07-18-10.14.12.571469 R26-M0-N1-C:J05-U01 RAS KERNEL INFO generating core.32107
- 1121706852 2005.07.18 R26-M0-N1-C:J05-U11 2005-07-18-10.14.12.638805 R26-M0-N1-C:J05-U11 RAS KERNEL INFO generating core.15739
- 1121706852 2005.07.18 R26-M0-N1-C:J03-U11 2005-07-18-10.14.12.698091 R26-M0-N1-C:J03-U11 RAS KERNEL INFO generating core.32635
- 1121706852 2005.07.18 R26-M0-N1-C:J15-U01 2005-07-18-10.14.12.766597 R26-M0-N1-C:J15-U01 RAS KERNEL INFO generating core.16232
- 1121706852 2005.07.18 R26-M0-N1-C:J17-U01 2005-07-18-10.14.12.826384 R26-M0-N1-C:J17-U01 RAS KERNEL INFO generating core.32104
- 1121706852 2005.07.18 R26-M0-N1-C:J07-U01 2005-07-18-10.14.12.896909 R26-M0-N1-C:J07-U01 RAS KERNEL INFO generating core.16234
- 1121706852 2005.07.18 R26-M0-N1-C:J13-U01 2005-07-18-10.14.12.962931 R26-M0-N1-C:J13-U01 RAS KERNEL INFO generating core.32105
- 1121706853 2005.07.18 R26-M0-N1-C:J16-U11 2005-07-18-10.14.13.031236 R26-M0-N1-C:J16-U11 RAS KERNEL INFO generating core.15704
- 1121706853 2005.07.18 R26-M0-N1-C:J08-U11 2005-07-18-10.14.13.090124 R26-M0-N1-C:J08-U11 RAS KERNEL INFO generating core.32090
- 1121707209 2005.07.18 R34-M1-N7-C:J17-U11 2005-07-18-10.20.09.425775 R34-M1-N7-C:J17-U11 RAS KERNEL INFO generating core.12528
- 1121707209 2005.07.18 R34-M1-N7-C:J05-U01 2005-07-18-10.20.09.488202 R34-M1-N7-C:J05-U01 RAS KERNEL INFO generating core.28899
- 1121707209 2005.07.18 R34-M1-N7-C:J05-U11 2005-07-18-10.20.09.558846 R34-M1-N7-C:J05-U11 RAS KERNEL INFO generating core.12531
- 1121707209 2005.07.18 R34-M1-N7-C:J03-U11 2005-07-18-10.20.09.620641 R34-M1-N7-C:J03-U11 RAS KERNEL INFO generating core.29427
- 1121707209 2005.07.18 R34-M1-N7-C:J15-U01 2005-07-18-10.20.09.691896 R34-M1-N7-C:J15-U01 RAS KERNEL INFO generating core.13024
- 1121707209 2005.07.18 R34-M1-N7-C:J17-U01 2005-07-18-10.20.09.753980 R34-M1-N7-C:J17-U01 RAS KERNEL INFO generating core.28896
- 1121707209 2005.07.18 R34-M1-N7-C:J07-U01 2005-07-18-10.20.09.826251 R34-M1-N7-C:J07-U01 RAS KERNEL INFO generating core.13026
- 1121707209 2005.07.18 R34-M1-N7-C:J13-U01 2005-07-18-10.20.09.889183 R34-M1-N7-C:J13-U01 RAS KERNEL INFO generating core.28897
- 1121707209 2005.07.18 R34-M1-N7-C:J16-U11 2005-07-18-10.20.09.959807 R34-M1-N7-C:J16-U11 RAS KERNEL INFO generating core.12496
- 1121707210 2005.07.18 R34-M1-N7-C:J08-U11 2005-07-18-10.20.10.021654 R34-M1-N7-C:J08-U11 RAS KERNEL INFO generating core.28882
- 1121707210 2005.07.18 R34-M1-N7-C:J10-U11 2005-07-18-10.20.10.092443 R34-M1-N7-C:J10-U11 RAS KERNEL INFO generating core.13009
- 1121707210 2005.07.18 R34-M1-N7-C:J06-U11 2005-07-18-10.20.10.155083 R34-M1-N7-C:J06-U11 RAS KERNEL INFO generating core.29394
- 1121707210 2005.07.18 R34-M1-N7-C:J14-U01 2005-07-18-10.20.10.226967 R34-M1-N7-C:J14-U01 RAS KERNEL INFO generating core.12992
- 1121707210 2005.07.18 R34-M1-N7-C:J16-U01 2005-07-18-10.20.10.288988 R34-M1-N7-C:J16-U01 RAS KERNEL INFO generating core.28864
- 1121707210 2005.07.18 R34-M1-N7-C:J12-U01 2005-07-18-10.20.10.364316 R34-M1-N7-C:J12-U01 RAS KERNEL INFO generating core.12481
- 1121707210 2005.07.18 R34-M1-N7-C:J08-U01 2005-07-18-10.20.10.426555 R34-M1-N7-C:J08-U01 RAS KERNEL INFO generating core.28866
- 1121707210 2005.07.18 R34-M1-N7-C:J06-U01 2005-07-18-10.20.10.496722 R34-M1-N7-C:J06-U01 RAS KERNEL INFO generating core.12994
- 1121707210 2005.07.18 R34-M1-N7-C:J04-U11 2005-07-18-10.20.10.559960 R34-M1-N7-C:J04-U11 RAS KERNEL INFO generating core.28883
- 1121707210 2005.07.18 R34-M1-N7-C:J02-U11 2005-07-18-10.20.10.630647 R34-M1-N7-C:J02-U11 RAS KERNEL INFO generating core.13011
- 1121707210 2005.07.18 R34-M1-N2-C:J09-U11 2005-07-18-10.20.10.692902 R34-M1-N2-C:J09-U11 RAS KERNEL INFO generating core.30966
- 1121707210 2005.07.18 R34-M1-N2-C:J11-U11 2005-07-18-10.20.10.762666 R34-M1-N2-C:J11-U11 RAS KERNEL INFO generating core.15093
- 1121707210 2005.07.18 R34-M1-N2-C:J13-U11 2005-07-18-10.20.10.825622 R34-M1-N2-C:J13-U11 RAS KERNEL INFO generating core.30965
- 1121707210 2005.07.18 R34-M1-N2-C:J05-U01 2005-07-18-10.20.10.896169 R34-M1-N2-C:J05-U01 RAS KERNEL INFO generating core.14567
- 1121707210 2005.07.18 R34-M1-N2-C:J03-U01 2005-07-18-10.20.10.958314 R34-M1-N2-C:J03-U01 RAS KERNEL INFO generating core.31463
- 1121707211 2005.07.18 R34-M1-N2-C:J03-U11 2005-07-18-10.20.11.028295 R34-M1-N2-C:J03-U11 RAS KERNEL INFO generating core.15095
KERNTERM 1121776084 2005.07.19 R00-M0-ND-C:J11-U11 2005-07-19-05.28.04.499458 R00-M0-ND-C:J11-U11 RAS KERNEL FATAL rts: kernel terminated for reason 1001rts: bad message header: invalid cpu, type=22, cpu=255, index=16, total=24
KERNTERM 1121776084 2005.07.19 R00-M1-NF-C:J17-U11 2005-07-19-05.28.04.545144 R00-M1-NF-C:J17-U11 RAS KERNEL FATAL rts: kernel terminated for reason 1001rts: bad message header: invalid cpu, type=22, cpu=255, index=16, total=24
KERNTERM 1121776084 2005.07.19 R04-M1-ND-C:J13-U01 2005-07-19-05.28.04.590826 R04-M1-ND-C:J13-U01 RAS KERNEL FATAL rts: kernel terminated for reason 1002rts: bad message header: too many packets, type=0, cpu=0, index=1207960132, total=40913822
KERNTERM 1121776084 2005.07.19 R00-M1-ND-C:J07-U11 2005-07-19-05.28.04.633872 R00-M1-ND-C:J07-U11 RAS KERNEL FATAL rts: kernel terminated for reason 1001rts: bad message header: invalid cpu, type=9720, cpu=127, index=268892392, total=268694848
KERNTERM 1121776084 2005.07.19 R00-M1-N6-C:J07-U01 2005-07-19-05.28.04.680623 R00-M1-N6-C:J07-U01 RAS KERNEL FATAL rts: kernel terminated for reason 1001rts: bad message header: invalid cpu, type=22, cpu=255, index=16, total=24
KERNTERM 1121776084 2005.07.19 R00-M0-N2-C:J09-U11 2005-07-19-05.28.04.723777 R00-M0-N2-C:J09-U11 RAS KERNEL FATAL rts: kernel terminated for reason 1001rts: bad message header: invalid cpu, type=10144, cpu=127, index=0, total=0
KERNTERM 1121776084 2005.07.19 R00-M0-N1-C:J16-U01 2005-07-19-05.28.04.765758 R00-M0-N1-C:J16-U01 RAS KERNEL FATAL rts: kernel terminated for reason 1001rts: bad message header: invalid cpu, type=22, cpu=255, index=16, total=24
KERNTERM 1121776084 2005.07.19 R04-M0-NF-C:J16-U01 2005-07-19-05.28.04.808370 R04-M0-NF-C:J16-U01 RAS KERNEL FATAL rts: kernel terminated for reason 1001rts: bad message header: invalid cpu, type=9720, cpu=127, index=268892392, total=268694848
KERNTERM 1121776084 2005.07.19 R04-M0-NE-C:J16-U01 2005-07-19-05.28.04.850266 R04-M0-NE-C:J16-U01 RAS KERNEL FATAL rts: kernel terminated for reason 1001rts: bad message header: invalid cpu, type=10144, cpu=127, index=0, total=0
KERNTERM 1121776084 2005.07.19 R00-M1-NE-C:J12-U11 2005-07-19-05.28.04.892103 R00-M1-NE-C:J12-U11 RAS KERNEL FATAL rts: kernel terminated for reason 1002rts: bad message header: too many packets, type=0, cpu=0, index=1207960132, total=40913822
KERNPOW 1121941223 2005.07.21 NULL 2005-07-21-03.20.23.987015 NULL RAS KERNEL FATAL Power deactivated: R01-M1-NF
KERNPOW 1121941223 2005.07.21 NULL 2005-07-21-03.20.23.996009 NULL RAS KERNEL FATAL Power deactivated: R01-M1-N0
KERNPOW 1121941224 2005.07.21 NULL 2005-07-21-03.20.24.000601 NULL RAS KERNEL FATAL Power deactivated: R01-M1-NC
KERNPOW 1121941224 2005.07.21 NULL 2005-07-21-03.20.24.005961 NULL RAS KERNEL FATAL Power deactivated: R01-M1-N8
KERNPOW 1121941224 2005.07.21 NULL 2005-07-21-03.20.24.010575 NULL RAS KERNEL FATAL Power deactivated: R01-M1-N5
KERNPOW 1121941224 2005.07.21 NULL 2005-07-21-03.20.24.015207 NULL RAS KERNEL FATAL Power deactivated: R01-M1-NA
KERNPOW 1121941224 2005.07.21 NULL 2005-07-21-03.20.24.020027 NULL RAS KERNEL FATAL Power deactivated: R01-M1-N9
KERNPOW 1121941224 2005.07.21 NULL 2005-07-21-03.20.24.030055 NULL RAS KERNEL FATAL Power deactivated: R01-M1-NE
KERNMC 1121977746 2005.07.21 R20-M1-NC-C:J11-U01 2005-07-21-13.29.06.868317 R20-M1-NC-C:J11-U01 RAS KERNEL FATAL machine check interrupt
KERNRTSP 1121977772 2005.07.21 R20-M1-NC-C:J11-U01 2005-07-21-13.29.32.901266 R20-M1-NC-C:J11-U01 RAS KERNEL FATAL rts panic! - stopping execution
KERNMC 1122179492 2005.07.23 R27-M0-N0-C:J11-U11 2005-07-23-21.31.32.486160 R27-M0-N0-C:J11-U11 RAS KERNEL FATAL machine check interrupt
KERNRTSP 1122179530 2005.07.23 R27-M0-N0-C:J11-U11 2005-07-23-21.32.10.155131 R27-M0-N0-C:J11-U11 RAS KERNEL FATAL rts panic! - stopping execution
KERNMC 1122190129 2005.07.24 R12-M0-N4-C:J05-U11 2005-07-24-00.28.49.799532 R12-M0-N4-C:J05-U11 RAS KERNEL FATAL machine check interrupt
KERNRTSP 1122190166 2005.07.24 R12-M0-N4-C:J05-U11 2005-07-24-00.29.26.235757 R12-M0-N4-C:J05-U11 RAS KERNEL FATAL rts panic! - stopping execution
KERNTERM 1122261244 2005.07.24 R20-M1-N6-C:J12-U01 2005-07-24-20.14.04.280961 R20-M1-N6-C:J12-U01 RAS KERNEL FATAL rts: kernel terminated for reason 1002rts: bad message header: too many packets, type=1, cpu=0, index=1207960132, total=16064034
KERNTERM 1122261244 2005.07.24 R31-M0-NC-C:J12-U01 2005-07-24-20.14.04.342311 R31-M0-NC-C:J12-U01 RAS KERNEL FATAL rts: kernel terminated for reason 1001rts: bad message header: invalid cpu, type=2238, cpu=16, index=133207584, total=269102552
KERNTERM 1122261244 2005.07.24 R20-M1-NC-C:J12-U11 2005-07-24-20.14.04.399576 R20-M1-NC-C:J12-U11 RAS KERNEL FATAL rts: kernel terminated for reason 1001rts: bad message header: invalid cpu, type=2238, cpu=16, index=133207584, total=269102552
KERNTERM 1122261244 2005.07.24 R26-M1-N4-C:J12-U01 2005-07-24-20.14.04.459553 R26-M1-N4-C:J12-U01 RAS KERNEL FATAL rts: kernel terminated for reason 1001rts: bad message header: invalid cpu, type=10144, cpu=127, index=0, total=0
KERNTERM 1122261244 2005.07.24 R24-M1-N0-C:J12-U11 2005-07-24-20.14.04.516996 R24-M1-N0-C:J12-U11 RAS KERNEL FATAL rts: kernel terminated for reason 1001rts: bad message header: invalid cpu, type=10144, cpu=127, index=0, total=0
KERNTERM 1122261244 2005.07.24 R24-M1-N8-C:J12-U01 2005-07-24-20.14.04.580521 R24-M1-N8-C:J12-U01 RAS KERNEL FATAL rts: kernel terminated for reason 1001rts: bad message header: invalid cpu, type=10144, cpu=127, index=0, total=0
KERNTERM 1122261244 2005.07.24 R31-M1-N0-C:J12-U01 2005-07-24-20.14.04.644255 R31-M1-N0-C:J12-U01 RAS KERNEL FATAL rts: kernel terminated for reason 1001rts: bad message header: invalid cpu, type=10144, cpu=127, index=0, total=0
KERNTERM 1122261244 2005.07.24 R34-M0-NC-C:J16-U01 2005-07-24-20.14.04.706920 R34-M0-NC-C:J16-U01 RAS KERNEL FATAL rts: kernel terminated for reason 1001rts: bad message header: invalid cpu, type=22, cpu=255, index=512, total=24
KERNTERM 1122261244 2005.07.24 R30-M1-N4-C:J12-U01 2005-07-24-20.14.04.766631 R30-M1-N4-C:J12-U01 RAS KERNEL FATAL rts: kernel terminated for reason 1001rts: bad message header: invalid cpu, type=2238, cpu=16, index=133207584, total=269102552
KERNTERM 1122261244 2005.07.24 R24-M0-NC-C:J12-U11 2005-07-24-20.14.04.826439 R24-M0-NC-C:J12-U11 RAS KERNEL FATAL rts: kernel terminated for reason 1001rts: bad message header: invalid cpu, type=10144, cpu=127, index=0, total=0
KERNTERM 1122261244 2005.07.24 R33-M0-N0-C:J12-U01 2005-07-24-20.14.04.885279 R33-M0-N0-C:J12-U01 RAS KERNEL FATAL rts: kernel terminated for reason 1001rts: bad message header: invalid cpu, type=10144, cpu=127, index=0, total=0
KERNTERM 1122261244 2005.07.24 R36-M1-N5-C:J02-U01 2005-07-24-20.14.04.947190 R36-M1-N5-C:J02-U01 RAS KERNEL FATAL rts: kernel terminated for reason 1001rts: bad message header: invalid cpu, type=10144, cpu=127, index=0, total=0
KERNTERM 1122261245 2005.07.24 R36-M1-N1-C:J02-U01 2005-07-24-20.14.05.007726 R36-M1-N1-C:J02-U01 RAS KERNEL FATAL rts: kernel terminated for reason 1001rts: bad message header: invalid cpu, type=10144, cpu=127, index=0, total=0
KERNTERM 1122261245 2005.07.24 R22-M1-N0-C:J04-U01 2005-07-24-20.14.05.066735 R22-M1-N0-C:J04-U01 RAS KERNEL FATAL rts: kernel terminated for reason 1001rts: bad message header: invalid cpu, type=2238, cpu=16, index=133207584, total=269102552
KERNTERM 1122261245 2005.07.24 R31-M1-N5-C:J04-U01 2005-07-24-20.14.05.129082 R31-M1-N5-C:J04-U01 RAS KERNEL FATAL rts: kernel terminated for reason 1001rts: bad message header: invalid cpu, type=10144, cpu=127, index=0, total=0
KERNTERM 1122261245 2005.07.24 R37-M0-N8-C:J04-U11 2005-07-24-20.14.05.188231 R37-M0-N8-C:J04-U11 RAS KERNEL FATAL rts: kernel terminated for reason 1001rts: bad message header: invalid cpu, type=2238, cpu=16, index=133207584, total=269102552
KERNTERM 1122261245 2005.07.24 R27-M1-N2-C:J04-U11 2005-07-24-20.14.05.248128 R27-M1-N2-C:J04-U11 RAS KERNEL FATAL rts: kernel terminated for reason 1001rts: bad message header: invalid cpu, type=2238, cpu=16, index=133207584, total=269102552
KERNTERM 1122261245 2005.07.24 R36-M1-N3-C:J04-U01 2005-07-24-20.14.05.307910 R36-M1-N3-C:J04-U01 RAS KERNEL FATAL rts: kernel terminated for reason 1001rts: bad message header: invalid cpu, type=2238, cpu=16, index=133207584, total=269102552
KERNTERM 1122261245 2005.07.24 R33-M0-N9-C:J04-U01 2005-07-24-20.14.05.367807 R33-M0-N9-C:J04-U01 RAS KERNEL FATAL rts: kernel terminated for reason 1001rts: bad message header: invalid cpu, type=10144, cpu=127, index=0, total=0
KERNTERM 1122261245 2005.07.24 R35-M1-N7-C:J04-U01 2005-07-24-20.14.05.429999 R35-M1-N7-C:J04-U01 RAS KERNEL FATAL rts: kernel terminated for reason 1001rts: bad message header: invalid cpu, type=2238, cpu=16, index=133207584, total=269102552
KERNTERM 1122261245 2005.07.24 R23-M1-N1-C:J04-U01 2005-07-24-20.14.05.489839 R23-M1-N1-C:J04-U01 RAS KERNEL FATAL rts: kernel terminated for reason 1001rts: bad message header: invalid cpu, type=21996, cpu=221, index=1207960068, total=0
KERNTERM 1122261245 2005.07.24 R32-M1-NE-C:J02-U11 2005-07-24-20.14.05.549321 R32-M1-NE-C:J02-U11 RAS KERNEL FATAL rts: kernel terminated for reason 1001rts: bad message header: invalid cpu, type=2238, cpu=16, index=133207584, total=269102552
KERNTERM 1122261245 2005.07.24 R32-M1-N0-C:J02-U01 2005-07-24-20.14.05.608697 R32-M1-N0-C:J02-U01 RAS KERNEL FATAL rts: kernel terminated for reason 1001rts: bad message header: invalid cpu, type=2238, cpu=16, index=133207584, total=269102552
KERNTERM 1122261245 2005.07.24 R32-M1-N1-C:J04-U11 2005-07-24-20.14.05.668817 R32-M1-N1-C:J04-U11 RAS KERNEL FATAL rts: kernel terminated for reason 1001rts: bad message header: invalid cpu, type=21996, cpu=221, index=1207960068, total=0
KERNMC 1122442958 2005.07.26 R01-M1-ND-C:J10-U01 2005-07-26-22.42.38.464959 R01-M1-ND-C:J10-U01 RAS KERNEL FATAL machine check interrupt
KERNRTSP 1122442997 2005.07.26 R01-M1-ND-C:J10-U01 2005-07-26-22.43.17.600627 R01-M1-ND-C:J10-U01 RAS KERNEL FATAL rts panic! - stopping execution
KERNMC 1122470244 2005.07.27 R23-M1-N3-C:J05-U11 2005-07-27-06.17.24.434197 R23-M1-N3-C:J05-U11 RAS KERNEL FATAL machine check interrupt
KERNRTSP 1122470282 2005.07.27 R23-M1-N3-C:J05-U11 2005-07-27-06.18.02.201979 R23-M1-N3-C:J05-U11 RAS KERNEL FATAL rts panic! - stopping execution
KERNMC 1122492313 2005.07.27 R36-M1-N6-C:J07-U11 2005-07-27-12.25.13.264430 R36-M1-N6-C:J07-U11 RAS KERNEL FATAL machine check interrupt (bit=0x09): Torus/Tree/GI read error 0
KERNMC 1122532048 2005.07.27 R07-M1-NA-C:J13-U11 2005-07-27-23.27.28.930642 R07-M1-NA-C:J13-U11 RAS KERNEL FATAL machine check interrupt
KERNRTSP 1122532086 2005.07.27 R07-M1-NA-C:J13-U11 2005-07-27-23.28.06.209712 R07-M1-NA-C:J13-U11 RAS KERNEL FATAL rts panic! - stopping execution
MONPOW 1122649272 2005.07.29 R06-M1-NF 2005-07-29-08.01.12.850473 R06-M1-NF NULL MONITOR FAILURE monitor caught java.lang.UnsupportedOperationException: power module U69 not present and is stopping
KERNMC 1122803643 2005.07.31 R06-M0-N5-C:J14-U01 2005-07-31-02.54.03.227508 R06-M0-N5-C:J14-U01 RAS KERNEL FATAL machine check interrupt (bit=0x1d): L2 dcache unit data parity error
MASNORM 1123028298 2005.08.02 NULL 2005-08-02-17.18.18.545821 NULL RAS BGLMASTER FAILURE mmcs_server exited normally with exit code 1
MASNORM 1123031142 2005.08.02 NULL 2005-08-02-18.05.42.661358 NULL RAS BGLMASTER FAILURE mmcs_server exited normally with exit code 15
MASNORM 1123031147 2005.08.02 NULL 2005-08-02-18.05.47.668332 NULL RAS BGLMASTER FAILURE ciodb exited normally with exit code 15
MASNORM 1123101291 2005.08.03 NULL 2005-08-03-13.34.51.000398 NULL RAS BGLMASTER FAILURE mmcs_server exited normally with exit code 15
KERNMNT 1123107232 2005.08.03 R00-M0-NC-I:J18-U11 2005-08-03-15.13.52.683099 R00-M0-NC-I:J18-U11 RAS KERNEL FATAL Error: unable to mount filesystem
KERNMNT 1123107232 2005.08.03 R00-M0-N4-I:J18-U11 2005-08-03-15.13.52.731577 R00-M0-N4-I:J18-U11 RAS KERNEL FATAL Error: unable to mount filesystem
KERNMNT 1123107232 2005.08.03 R00-M0-N0-I:J18-U11 2005-08-03-15.13.52.780197 R00-M0-N0-I:J18-U11 RAS KERNEL FATAL Error: unable to mount filesystem
KERNMNT 1123107232 2005.08.03 R00-M0-N8-I:J18-U11 2005-08-03-15.13.52.827900 R00-M0-N8-I:J18-U11 RAS KERNEL FATAL Error: unable to mount filesystem
KERNMNT 1123108427 2005.08.03 R40-M0-N4-I:J18-U01 2005-08-03-15.33.47.263061 R40-M0-N4-I:J18-U01 RAS KERNEL FATAL Error: unable to mount filesystem
KERNMNT 1123108427 2005.08.03 R40-M0-N0-I:J18-U11 2005-08-03-15.33.47.311723 R40-M0-N0-I:J18-U11 RAS KERNEL FATAL Error: unable to mount filesystem
KERNMNT 1123108427 2005.08.03 R40-M0-NC-I:J18-U11 2005-08-03-15.33.47.446057 R40-M0-NC-I:J18-U11 RAS KERNEL FATAL Error: unable to mount filesystem
KERNMNT 1123108430 2005.08.03 R40-M0-N8-I:J18-U01 2005-08-03-15.33.50.168967 R40-M0-N8-I:J18-U01 RAS KERNEL FATAL Error: unable to mount filesystem
KERNMNTF 1123108534 2005.08.03 R00-M0-NC-I:J18-U11 2005-08-03-15.35.34.555500 R00-M0-NC-I:J18-U11 RAS KERNEL FATAL Lustre mount FAILED : bglio11 : block_id : location
KERNMNTF 1123108534 2005.08.03 R00-M0-N4-I:J18-U11 2005-08-03-15.35.34.604362 R00-M0-N4-I:J18-U11 RAS KERNEL FATAL Lustre mount FAILED : bglio3 : block_id : location
KERNMNTF 1123108534 2005.08.03 R00-M0-N0-I:J18-U11 2005-08-03-15.35.34.652919 R00-M0-N0-I:J18-U11 RAS KERNEL FATAL Lustre mount FAILED : bglio1 : block_id : location
KERNMNTF 1123108534 2005.08.03 R00-M0-N8-I:J18-U11 2005-08-03-15.35.34.700924 R00-M0-N8-I:J18-U11 RAS KERNEL FATAL Lustre mount FAILED : bglio9 : block_id : location
KERNMICRO 1123112338 2005.08.03 R05-M1-N2-C:J15-U01 2005-08-03-16.38.58.627303 R05-M1-N2-C:J15-U01 RAS KERNEL FATAL Microloader Assertion
KERNMICRO 1123112339 2005.08.03 R05-M1-N2-C:J15-U01 2005-08-03-16.38.59.742329 R05-M1-N2-C:J15-U01 RAS KERNEL FATAL Microloader Assertion
KERNMC 1123112511 2005.08.03 R46-M1-NB-C:J10-U01 2005-08-03-16.41.51.352365 R46-M1-NB-C:J10-U01 RAS KERNEL FATAL machine check interrupt (bit=0x06): L3 major internal error
KERNMC 1123112514 2005.08.03 R46-M1-NB-C:J10-U01 2005-08-03-16.41.54.773046 R46-M1-NB-C:J10-U01 RAS KERNEL FATAL DDR machine check register: 0x00000000 0x00010000
KERNRTSP 1123112516 2005.08.03 R46-M1-NB-C:J10-U01 2005-08-03-16.41.56.420794 R46-M1-NB-C:J10-U01 RAS KERNEL FATAL rts panic! - stopping execution
KERNMC 1123112655 2005.08.03 R77-M0-NA-C:J10-U11 2005-08-03-16.44.15.021409 R77-M0-NA-C:J10-U11 RAS KERNEL FATAL DDR machine check register: 0x00000000 0x00010000
KERNRTSP 1123112656 2005.08.03 R77-M0-NA-C:J10-U11 2005-08-03-16.44.16.272088 R77-M0-NA-C:J10-U11 RAS KERNEL FATAL rts panic! - stopping execution
KERNMC 1123114614 2005.08.03 R46-M1-NB-C:J10-U01 2005-08-03-17.16.54.581898 R46-M1-NB-C:J10-U01 RAS KERNEL FATAL machine check interrupt (bit=0x06): L3 major internal error
KERNMC 1123114616 2005.08.03 R46-M1-NB-C:J10-U01 2005-08-03-17.16.56.906341 R46-M1-NB-C:J10-U01 RAS KERNEL FATAL DDR machine check register: 0x00000000 0x00010000
KERNRTSP 1123114617 2005.08.03 R46-M1-NB-C:J10-U01 2005-08-03-17.16.57.911926 R46-M1-NB-C:J10-U01 RAS KERNEL FATAL rts panic! - stopping execution
KERNMC 1123114763 2005.08.03 R77-M0-NA-C:J10-U11 2005-08-03-17.19.23.528665 R77-M0-NA-C:J10-U11 RAS KERNEL FATAL DDR machine check register: 0x00000000 0x00010000
KERNRTSP 1123114764 2005.08.03 R77-M0-NA-C:J10-U11 2005-08-03-17.19.24.554112 R77-M0-NA-C:J10-U11 RAS KERNEL FATAL rts panic! - stopping execution
KERNMC 1123203468 2005.08.04 R45-M1-N4-C:J05-U01 2005-08-04-17.57.48.686834 R45-M1-N4-C:J05-U01 RAS KERNEL FATAL machine check interrupt (bit=0x06): L3 major internal error
KERNMC 1123203847 2005.08.04 R45-M1-N4-C:J05-U01 2005-08-04-18.04.07.109033 R45-M1-N4-C:J05-U01 RAS KERNEL FATAL DDR machine check register: 0x00000000 0x00010010
KERNRTSP 1123203848 2005.08.04 R45-M1-N4-C:J05-U01 2005-08-04-18.04.08.184595 R45-M1-N4-C:J05-U01 RAS KERNEL FATAL rts panic! - stopping execution
KERNMC 1123206277 2005.08.04 R17-M1-N4-C:J12-U01 2005-08-04-18.44.37.220734 R17-M1-N4-C:J12-U01 RAS KERNEL FATAL machine check interrupt (bit=0x06): L3 major internal error
KERNMC 1123206288 2005.08.04 R17-M1-N4-C:J12-U01 2005-08-04-18.44.48.479818 R17-M1-N4-C:J12-U01 RAS KERNEL FATAL DDR machine check register: 0x00000000 0x00010000
KERNRTSP 1123206290 2005.08.04 R17-M1-N4-C:J12-U01 2005-08-04-18.44.50.610998 R17-M1-N4-C:J12-U01 RAS KERNEL FATAL rts panic! - stopping execution
KERNMC 1123206956 2005.08.04 R17-M1-N4-C:J12-U01 2005-08-04-18.55.56.056340 R17-M1-N4-C:J12-U01 RAS KERNEL FATAL machine check interrupt (bit=0x06): L3 major internal error
KERNMC 1123206958 2005.08.04 R17-M1-N4-C:J12-U01 2005-08-04-18.55.58.266451 R17-M1-N4-C:J12-U01 RAS KERNEL FATAL DDR machine check register: 0x00000000 0x00010000
KERNMICRO 1123614395 2005.08.09 R77-M0-N0-I:J18-U11 2005-08-09-12.06.35.430783 R77-M0-N0-I:J18-U11 RAS KERNEL FATAL Microloader Assertion
KERNMICRO 1123614395 2005.08.09 R77-M0-NC-I:J18-U11 2005-08-09-12.06.35.614764 R77-M0-NC-I:J18-U11 RAS KERNEL FATAL Microloader Assertion
KERNMICRO 1123614395 2005.08.09 R77-M0-N8-I:J18-U11 2005-08-09-12.06.35.841198 R77-M0-N8-I:J18-U11 RAS KERNEL FATAL Microloader Assertion
KERNMICRO 1123614396 2005.08.09 R77-M0-N4-I:J18-U11 2005-08-09-12.06.36.045433 R77-M0-N4-I:J18-U11 RAS KERNEL FATAL Microloader Assertion
KERNMICRO 1123614396 2005.08.09 R40-M1-NC-I:J18-U11 2005-08-09-12.06.36.253170 R40-M1-NC-I:J18-U11 RAS KERNEL FATAL Microloader Assertion
KERNMICRO 1123614396 2005.08.09 R41-M1-N0-I:J18-U11 2005-08-09-12.06.36.468591 R41-M1-N0-I:J18-U11 RAS KERNEL FATAL Microloader Assertion
KERNMICRO 1123614396 2005.08.09 R41-M0-NC-I:J18-U11 2005-08-09-12.06.36.684107 R41-M0-NC-I:J18-U11 RAS KERNEL FATAL Microloader Assertion
KERNMICRO 1123614396 2005.08.09 R41-M1-N4-I:J18-U11 2005-08-09-12.06.36.912225 R41-M1-N4-I:J18-U11 RAS KERNEL FATAL Microloader Assertion
KERNMICRO 1123614397 2005.08.09 R54-M1-N0-I:J18-U11 2005-08-09-12.06.37.135208 R54-M1-N0-I:J18-U11 RAS KERNEL FATAL Microloader Assertion
KERNMICRO 1123614397 2005.08.09 R54-M1-N8-I:J18-U11 2005-08-09-12.06.37.468673 R54-M1-N8-I:J18-U11 RAS KERNEL FATAL Microloader Assertion
KERNMICRO 1123614397 2005.08.09 R53-M0-N4-I:J18-U11 2005-08-09-12.06.37.613357 R53-M0-N4-I:J18-U11 RAS KERNEL FATAL Microloader Assertion
KERNMICRO 1123614397 2005.08.09 R41-M0-N8-I:J18-U11 2005-08-09-12.06.37.759394 R41-M0-N8-I:J18-U11 RAS KERNEL FATAL Microloader Assertion
KERNMICRO 1123614397 2005.08.09 R41-M0-N4-I:J18-U11 2005-08-09-12.06.37.982861 R41-M0-N4-I:J18-U11 RAS KERNEL FATAL Microloader Assertion
KERNMICRO 1123614398 2005.08.09 R53-M0-NC-I:J18-U11 2005-08-09-12.06.38.198183 R53-M0-NC-I:J18-U11 RAS KERNEL FATAL Microloader Assertion
KERNMICRO 1123614398 2005.08.09 R54-M0-N4-I:J18-U11 2005-08-09-12.06.38.414184 R54-M0-N4-I:J18-U11 RAS KERNEL FATAL Microloader Assertion
KERNMICRO 1123614398 2005.08.09 R54-M0-N0-I:J18-U11 2005-08-09-12.06.38.629552 R54-M0-N0-I:J18-U11 RAS KERNEL FATAL Microloader Assertion
KERNMICRO 1123614398 2005.08.09 R56-M0-N0-I:J18-U11 2005-08-09-12.06.38.844329 R56-M0-N0-I:J18-U11 RAS KERNEL FATAL Microloader Assertion
KERNMICRO 1123614399 2005.08.09 R55-M1-NC-I:J18-U11 2005-08-09-12.06.39.060508 R55-M1-NC-I:J18-U11 RAS KERNEL FATAL Microloader Assertion
KERNMICRO 1123614399 2005.08.09 R53-M1-N8-I:J18-U11 2005-08-09-12.06.39.251612 R53-M1-N8-I:J18-U11 RAS KERNEL FATAL Microloader Assertion
KERNMICRO 1123614399 2005.08.09 R56-M1-N0-I:J18-U11 2005-08-09-12.06.39.490665 R56-M1-N0-I:J18-U11 RAS KERNEL FATAL Microloader Assertion
KERNMICRO 1123614399 2005.08.09 R56-M1-N4-I:J18-U11 2005-08-09-12.06.39.694438 R56-M1-N4-I:J18-U11 RAS KERNEL FATAL Microloader Assertion
KERNMICRO 1123614399 2005.08.09 R56-M0-N8-I:J18-U11 2005-08-09-12.06.39.909458 R56-M0-N8-I:J18-U11 RAS KERNEL FATAL Microloader Assertion
KERNMICRO 1123614400 2005.08.09 R56-M0-N4-I:J18-U11 2005-08-09-12.06.40.112710 R56-M0-N4-I:J18-U11 RAS KERNEL FATAL Microloader Assertion
MASABNORM 1123856427 2005.08.12 NULL 2005-08-12-07.20.27.921676 NULL RAS BGLMASTER FAILURE ciodb exited abnormally due to signal: Aborted
MASABNORM 1123856435 2005.08.12 NULL 2005-08-12-07.20.35.284235 NULL RAS BGLMASTER FAILURE mmcs_server exited abnormally due to signal: Aborted
MASABNORM 1123856902 2005.08.12 NULL 2005-08-12-07.28.22.199481 NULL RAS BGLMASTER FAILURE ciodb exited abnormally due to signal: Aborted
MASABNORM 1123860410 2005.08.12 NULL 2005-08-12-08.26.50.413755 NULL RAS BGLMASTER FAILURE mmcs_server exited abnormally due to signal: Aborted
MASABNORM 1123864098 2005.08.12 NULL 2005-08-12-09.28.18.041666 NULL RAS BGLMASTER FAILURE ciodb exited abnormally due to signal: Aborted
MASABNORM 1123868011 2005.08.12 NULL 2005-08-12-10.33.31.472098 NULL RAS BGLMASTER FAILURE mmcs_server exited abnormally due to signal: Aborted
MASABNORM 1123869428 2005.08.12 NULL 2005-08-12-10.57.08.844912 NULL RAS BGLMASTER FAILURE mmcs_server exited abnormally due to signal: Aborted
MASNORM 1123873018 2005.08.12 NULL 2005-08-12-11.56.58.689783 NULL RAS BGLMASTER FAILURE mmcs_server exited normally with exit code 1
MASABNORM 1123878868 2005.08.12 NULL 2005-08-12-13.34.28.405856 NULL RAS BGLMASTER FAILURE mmcs_server exited abnormally due to signal: Segmentation fault
KERNMC 1123889892 2005.08.12 R47-M1-N1-C:J17-U01 2005-08-12-16.38.12.833424 R47-M1-N1-C:J17-U01 RAS KERNEL FATAL machine check interrupt (bit=0x1d): L2 dcache unit data parity error
KERNMC 1123910927 2005.08.12 R02-M0-N6-C:J10-U11 2005-08-12-22.28.47.110133 R02-M0-N6-C:J10-U11 RAS KERNEL FATAL machine check interrupt
APPSEV 1123910938 2005.08.12 R77-M0-N0-I:J18-U11 2005-08-12-22.28.58.343411 R77-M0-N0-I:J18-U11 RAS APP FATAL ciod: Error reading message prefix after LOAD_MESSAGE on CioStream socket to 172.16.96.116:58840: Link has been severed
APPSEV 1123910938 2005.08.12 R77-M0-NC-I:J18-U11 2005-08-12-22.28.58.929191 R77-M0-NC-I:J18-U11 RAS APP FATAL ciod: Error reading message prefix after LOAD_MESSAGE on CioStream socket to 172.16.96.116:58834: Link has been severed
APPSEV 1123910939 2005.08.12 R77-M0-N8-I:J18-U11 2005-08-12-22.28.59.159282 R77-M0-N8-I:J18-U11 RAS APP FATAL ciod: Error reading message prefix after LOAD_MESSAGE on CioStream socket to 172.16.96.116:58836: Link has been severed
APPSEV 1123910939 2005.08.12 R77-M1-N0-I:J18-U11 2005-08-12-22.28.59.363800 R77-M1-N0-I:J18-U11 RAS APP FATAL ciod: Error reading message prefix after LOAD_MESSAGE on CioStream socket to 172.16.96.116:59096: Link has been severed
APPSEV 1123910939 2005.08.12 R77-M0-N4-I:J18-U11 2005-08-12-22.28.59.577135 R77-M0-N4-I:J18-U11 RAS APP FATAL ciod: Error reading message prefix after LOAD_MESSAGE on CioStream socket to 172.16.96.116:58838: Link has been severed
APPSEV 1123910939 2005.08.12 R41-M0-NC-I:J18-U11 2005-08-12-22.28.59.843585 R41-M0-NC-I:J18-U11 RAS APP FATAL ciod: Error reading message prefix after LOAD_MESSAGE on CioStream socket to 172.16.96.116:58721: Link has been severed
APPSEV 1123910940 2005.08.12 R53-M0-N4-I:J18-U11 2005-08-12-22.29.00.088903 R53-M0-N4-I:J18-U11 RAS APP FATAL ciod: Error reading message prefix after LOAD_MESSAGE on CioStream socket to 172.16.96.116:59150: Link has been severed
APPSEV 1123910940 2005.08.12 R41-M0-N8-I:J18-U11 2005-08-12-22.29.00.287082 R41-M0-N8-I:J18-U11 RAS APP FATAL ciod: Error reading message prefix after LOAD_MESSAGE on CioStream socket to 172.16.96.116:58723: Link has been severed
APPSEV 1123910940 2005.08.12 R41-M0-N4-I:J18-U11 2005-08-12-22.29.00.485833 R41-M0-N4-I:J18-U11 RAS APP FATAL ciod: Error reading message prefix after LOAD_MESSAGE on CioStream socket to 172.16.96.116:58725: Link has been severed
APPSEV 1123910940 2005.08.12 R53-M0-NC-I:J18-U11 2005-08-12-22.29.00.678294 R53-M0-NC-I:J18-U11 RAS APP FATAL ciod: Error reading message prefix after LOAD_MESSAGE on CioStream socket to 172.16.96.116:59146: Link has been severed
APPSEV 1123910940 2005.08.12 R54-M0-N4-I:J18-U11 2005-08-12-22.29.00.886598 R54-M0-N4-I:J18-U11 RAS APP FATAL ciod: Error reading message prefix after LOAD_MESSAGE on CioStream socket to 172.16.96.116:59278: Link has been severed
APPSEV 1123910941 2005.08.12 R54-M0-N0-I:J18-U11 2005-08-12-22.29.01.074538 R54-M0-N0-I:J18-U11 RAS APP FATAL ciod: Error reading message prefix after LOAD_MESSAGE on CioStream socket to 172.16.96.116:59280: Link has been severed
APPSEV 1123910941 2005.08.12 R55-M1-NC-I:J18-U11 2005-08-12-22.29.01.290680 R55-M1-NC-I:J18-U11 RAS APP FATAL ciod: Error reading message prefix after LOAD_MESSAGE on CioStream socket to 172.16.96.116:58761: Link has been severed
APPSEV 1123910941 2005.08.12 R53-M1-N8-I:J18-U11 2005-08-12-22.29.01.493604 R53-M1-N8-I:J18-U11 RAS APP FATAL ciod: Error reading message prefix after LOAD_MESSAGE on CioStream socket to 172.16.96.116:58892: Link has been severed
APPSEV 1123910941 2005.08.12 R56-M1-N0-I:J18-U11 2005-08-12-22.29.01.688336 R56-M1-N0-I:J18-U11 RAS APP FATAL ciod: Error reading message prefix after LOAD_MESSAGE on CioStream socket to 172.16.96.116:58575: Link has been severed
APPSEV 1123910941 2005.08.12 R56-M1-N4-I:J18-U11 2005-08-12-22.29.01.881589 R56-M1-N4-I:J18-U11 RAS APP FATAL ciod: Error reading message prefix after LOAD_MESSAGE on CioStream socket to 172.16.96.116:58573: Link has been severed
APPSEV 1123910942 2005.08.12 R55-M1-N4-I:J18-U11 2005-08-12-22.29.02.108230 R55-M1-N4-I:J18-U11 RAS APP FATAL ciod: Error reading message prefix after LOAD_MESSAGE on CioStream socket to 172.16.96.116:58765: Link has been severed
APPSEV 1123910942 2005.08.12 R51-M1-N0-I:J18-U11 2005-08-12-22.29.02.320414 R51-M1-N0-I:J18-U11 RAS APP FATAL ciod: Error reading message prefix after LOAD_MESSAGE on CioStream socket to 172.16.96.116:58703: Link has been severed
APPSEV 1123910942 2005.08.12 R55-M0-N0-I:J18-U11 2005-08-12-22.29.02.522436 R55-M0-N0-I:J18-U11 RAS APP FATAL ciod: Error reading message prefix after LOAD_MESSAGE on CioStream socket to 172.16.96.116:59024: Link has been severed
APPSEV 1123910942 2005.08.12 R51-M1-NC-I:J18-U11 2005-08-12-22.29.02.716232 R51-M1-NC-I:J18-U11 RAS APP FATAL ciod: Error reading message prefix after LOAD_MESSAGE on CioStream socket to 172.16.96.116:58697: Link has been severed
APPSEV 1123910942 2005.08.12 R53-M0-N8-I:J18-U11 2005-08-12-22.29.02.954933 R53-M0-N8-I:J18-U11 RAS APP FATAL ciod: Error reading message prefix after LOAD_MESSAGE on CioStream socket to 172.16.96.116:59148: Link has been severed
APPSEV 1123910943 2005.08.12 R53-M0-N0-I:J18-U11 2005-08-12-22.29.03.145822 R53-M0-N0-I:J18-U11 RAS APP FATAL ciod: Error reading message prefix after LOAD_MESSAGE on CioStream socket to 172.16.96.116:59152: Link has been severed
APPSEV 1123910943 2005.08.12 R51-M1-N4-I:J18-U11 2005-08-12-22.29.03.568745 R51-M1-N4-I:J18-U11 RAS APP FATAL ciod: Error reading message prefix after LOAD_MESSAGE on CioStream socket to 172.16.96.116:58701: Link has been severed
APPSEV 1123910943 2005.08.12 R53-M1-N4-I:J18-U11 2005-08-12-22.29.03.842493 R53-M1-N4-I:J18-U11 RAS APP FATAL ciod: Error reading message prefix after LOAD_MESSAGE on CioStream socket to 172.16.96.116:58894: Link has been severed
APPSEV 1123910944 2005.08.12 R53-M1-N0-I:J18-U11 2005-08-12-22.29.04.046174 R53-M1-N0-I:J18-U11 RAS APP FATAL ciod: Error reading message prefix after LOAD_MESSAGE on CioStream socket to 172.16.96.116:58896: Link has been severed
APPSEV 1123910944 2005.08.12 R53-M1-NC-I:J18-U11 2005-08-12-22.29.04.222476 R53-M1-NC-I:J18-U11 RAS APP FATAL ciod: Error reading message prefix after LOAD_MESSAGE on CioStream socket to 172.16.96.116:58890: Link has been severed
APPSEV 1123910944 2005.08.12 R45-M1-N8-I:J18-U11 2005-08-12-22.29.04.434226 R45-M1-N8-I:J18-U11 RAS APP FATAL ciod: Error reading message prefix after LOAD_MESSAGE on CioStream socket to 172.16.96.116:59044: Link has been severed
APPSEV 1123910944 2005.08.12 R45-M0-N8-I:J18-U11 2005-08-12-22.29.04.626961 R45-M0-N8-I:J18-U11 RAS APP FATAL ciod: Error reading message prefix after LOAD_MESSAGE on CioStream socket to 172.16.96.116:58787: Link has been severed
APPSEV 1123910944 2005.08.12 R45-M1-N4-I:J18-U11 2005-08-12-22.29.04.820631 R45-M1-N4-I:J18-U11 RAS APP FATAL ciod: Error reading message prefix after LOAD_MESSAGE on CioStream socket to 172.16.96.116:59046: Link has been severed
APPSEV 1123910945 2005.08.12 R41-M1-NC-I:J18-U11 2005-08-12-22.29.05.018486 R41-M1-NC-I:J18-U11 RAS APP FATAL ciod: Error reading message prefix after LOAD_MESSAGE on CioStream socket to 172.16.96.116:58978: Link has been severed
APPSEV 1123910945 2005.08.12 R44-M0-N8-I:J18-U01 2005-08-12-22.29.05.211384 R44-M0-N8-I:J18-U01 RAS APP FATAL ciod: Error reading message prefix after LOAD_MESSAGE on CioStream socket to 172.16.96.116:58532: Link has been severed
APPSEV 1123910945 2005.08.12 R44-M0-N0-I:J18-U01 2005-08-12-22.29.05.419712 R44-M0-N0-I:J18-U01 RAS APP FATAL ciod: Error reading message prefix after LOAD_MESSAGE on CioStream socket to 172.16.96.116:58536: Link has been severed
APPSEV 1123910945 2005.08.12 R44-M1-NC-I:J18-U01 2005-08-12-22.29.05.612359 R44-M1-NC-I:J18-U01 RAS APP FATAL ciod: Error reading message prefix after LOAD_MESSAGE on CioStream socket to 172.16.96.116:59299: Link has been severed
APPSEV 1123910945 2005.08.12 R55-M1-N0-I:J18-U11 2005-08-12-22.29.05.849960 R55-M1-N0-I:J18-U11 RAS APP FATAL ciod: Error reading message prefix after LOAD_MESSAGE on CioStream socket to 172.16.96.116:58767: Link has been severed
APPSEV 1123910946 2005.08.12 R36-M0-N8-I:J18-U11 2005-08-12-22.29.06.029727 R36-M0-N8-I:J18-U11 RAS APP FATAL ciod: Error reading message prefix after LOAD_MESSAGE on CioStream socket to 172.16.96.116:58563: Link has been severed
APPSEV 1123910946 2005.08.12 R40-M1-N4-I:J18-U11 2005-08-12-22.29.06.236334 R40-M1-N4-I:J18-U11 RAS APP FATAL ciod: Error reading message prefix after LOAD_MESSAGE on CioStream socket to 172.16.96.116:59238: Link has been severed
APPSEV 1123910946 2005.08.12 R42-M0-N4-I:J18-U11 2005-08-12-22.29.06.418668 R42-M0-N4-I:J18-U11 RAS APP FATAL ciod: Error reading message prefix after LOAD_MESSAGE on CioStream socket to 172.16.96.116:58661: Link has been severed
APPSEV 1123910946 2005.08.12 R36-M0-NC-I:J18-U11 2005-08-12-22.29.06.618419 R36-M0-NC-I:J18-U11 RAS APP FATAL ciod: Error reading message prefix after LOAD_MESSAGE on CioStream socket to 172.16.96.116:58561: Link has been severed
APPSEV 1123910946 2005.08.12 R43-M1-NC-I:J18-U11 2005-08-12-22.29.06.804018 R43-M1-NC-I:J18-U11 RAS APP FATAL ciod: Error reading message prefix after LOAD_MESSAGE on CioStream socket to 172.16.96.116:59170: Link has been severed
APPSEV 1123910947 2005.08.12 R31-M0-N4-I:J18-U11 2005-08-12-22.29.07.000369 R31-M0-N4-I:J18-U11 RAS APP FATAL ciod: Error reading message prefix after LOAD_MESSAGE on CioStream socket to 172.16.96.116:58693: Link has been severed
APPSEV 1123910947 2005.08.12 R42-M1-N8-I:J18-U11 2005-08-12-22.29.07.191167 R42-M1-N8-I:J18-U11 RAS APP FATAL ciod: Error reading message prefix after LOAD_MESSAGE on CioStream socket to 172.16.96.116:59429: Link has been severed
APPSEV 1123910947 2005.08.12 R44-M0-N4-I:J18-U11 2005-08-12-22.29.07.382967 R44-M0-N4-I:J18-U11 RAS APP FATAL ciod: Error reading message prefix after LOAD_MESSAGE on CioStream socket to 172.16.96.116:58533: Link has been severed
APPSEV 1123910947 2005.08.12 R36-M0-N4-I:J18-U11 2005-08-12-22.29.07.699248 R36-M0-N4-I:J18-U11 RAS APP FATAL ciod: Error reading message prefix after LOAD_MESSAGE on CioStream socket to 172.16.96.116:58565: Link has been severed
APPSEV 1123910947 2005.08.12 R45-M1-NC-I:J18-U11 2005-08-12-22.29.07.927206 R45-M1-NC-I:J18-U11 RAS APP FATAL ciod: Error reading message prefix after LOAD_MESSAGE on CioStream socket to 172.16.96.116:59042: Link has been severed
APPSEV 1123910948 2005.08.12 R36-M1-NC-I:J18-U11 2005-08-12-22.29.08.135788 R36-M1-NC-I:J18-U11 RAS APP FATAL ciod: Error reading message prefix after LOAD_MESSAGE on CioStream socket to 172.16.96.116:59331: Link has been severed
APPSEV 1123910948 2005.08.12 R22-M1-N8-I:J18-U11 2005-08-12-22.29.08.552145 R22-M1-N8-I:J18-U11 RAS APP FATAL ciod: Error reading message prefix after LOAD_MESSAGE on CioStream socket to 172.16.96.116:58667: Link has been severed
APPSEV 1123910948 2005.08.12 R33-M1-N0-I:J18-U11 2005-08-12-22.29.08.856523 R33-M1-N0-I:J18-U11 RAS APP FATAL ciod: Error reading message prefix after LOAD_MESSAGE on CioStream socket to 172.16.96.116:59144: Link has been severed
APPSEV 1123910949 2005.08.12 R33-M0-NC-I:J18-U11 2005-08-12-22.29.09.092896 R33-M0-NC-I:J18-U11 RAS APP FATAL ciod: Error reading message prefix after LOAD_MESSAGE on CioStream socket to 172.16.96.116:58882: Link has been severed
APPSEV 1123910949 2005.08.12 R42-M0-N0-I:J18-U11 2005-08-12-22.29.09.299189 R42-M0-N0-I:J18-U11 RAS APP FATAL ciod: Error reading message prefix after LOAD_MESSAGE on CioStream socket to 172.16.96.116:58663: Link has been severed
APPSEV 1123910949 2005.08.12 R31-M0-N0-I:J18-U11 2005-08-12-22.29.09.502627 R31-M0-N0-I:J18-U11 RAS APP FATAL ciod: Error reading message prefix after LOAD_MESSAGE on CioStream socket to 172.16.96.116:58695: Link has been severed
APPSEV 1123910949 2005.08.12 R43-M1-N0-I:J18-U11 2005-08-12-22.29.09.691259 R43-M1-N0-I:J18-U11 RAS APP FATAL ciod: Error reading message prefix after LOAD_MESSAGE on CioStream socket to 172.16.96.116:59176: Link has been severed
APPSEV 1123910949 2005.08.12 R36-M1-N8-I:J18-U11 2005-08-12-22.29.09.870703 R36-M1-N8-I:J18-U11 RAS APP FATAL ciod: Error reading message prefix after LOAD_MESSAGE on CioStream socket to 172.16.96.116:59333: Link has been severed
APPSEV 1123910950 2005.08.12 R22-M1-N0-I:J18-U11 2005-08-12-22.29.10.049867 R22-M1-N0-I:J18-U11 RAS APP FATAL ciod: Error reading message prefix after LOAD_MESSAGE on CioStream socket to 172.16.96.116:58671: Link has been severed
APPSEV 1123910950 2005.08.12 R26-M0-NC-I:J18-U11 2005-08-12-22.29.10.242085 R26-M0-NC-I:J18-U11 RAS APP FATAL ciod: Error reading message prefix after LOAD_MESSAGE on CioStream socket to 172.16.96.116:59371: Link has been severed
APPSEV 1123910950 2005.08.12 R26-M0-N8-I:J18-U11 2005-08-12-22.29.10.420722 R26-M0-N8-I:J18-U11 RAS APP FATAL ciod: Error reading message prefix after LOAD_MESSAGE on CioStream socket to 172.16.96.116:59373: Link has been severed
APPSEV 1123910950 2005.08.12 R26-M0-N4-I:J18-U11 2005-08-12-22.29.10.600886 R26-M0-N4-I:J18-U11 RAS APP FATAL ciod: Error reading message prefix after LOAD_MESSAGE on CioStream socket to 172.16.96.116:59375: Link has been severed
APPSEV 1123910950 2005.08.12 R31-M0-N8-I:J18-U11 2005-08-12-22.29.10.785695 R31-M0-N8-I:J18-U11 RAS APP FATAL ciod: Error reading message prefix after LOAD_MESSAGE on CioStream socket to 172.16.96.116:58691: Link has been severed
APPSEV 1123910950 2005.08.12 R22-M1-NC-I:J18-U11 2005-08-12-22.29.10.982812 R22-M1-NC-I:J18-U11 RAS APP FATAL ciod: Error reading message prefix after LOAD_MESSAGE on CioStream socket to 172.16.96.116:58665: Link has been severed
APPSEV 1123910951 2005.08.12 R51-M0-N4-I:J18-U11 2005-08-12-22.29.11.174878 R51-M0-N4-I:J18-U11 RAS APP FATAL ciod: Error reading message prefix after LOAD_MESSAGE on CioStream socket to 172.16.96.116:58958: Link has been severed
APPSEV 1123910951 2005.08.12 R20-M0-N8-I:J18-U11 2005-08-12-22.29.11.369347 R20-M0-N8-I:J18-U11 RAS APP FATAL ciod: Error reading message prefix after LOAD_MESSAGE on CioStream socket to 172.16.96.116:59244: Link has been severed
APPSEV 1123910951 2005.08.12 R31-M0-NC-I:J18-U11 2005-08-12-22.29.11.557560 R31-M0-NC-I:J18-U11 RAS APP FATAL ciod: Error reading message prefix after LOAD_MESSAGE on CioStream socket to 172.16.96.116:58689: Link has been severed
APPSEV 1123910951 2005.08.12 R51-M0-N0-I:J18-U11 2005-08-12-22.29.11.749663 R51-M0-N0-I:J18-U11 RAS APP FATAL ciod: Error reading message prefix after LOAD_MESSAGE on CioStream socket to 172.16.96.116:58960: Link has been severed
APPSEV 1123910951 2005.08.12 R37-M0-N0-I:J18-U11 2005-08-12-22.29.11.944523 R37-M0-N0-I:J18-U11 RAS APP FATAL ciod: Error reading message prefix after LOAD_MESSAGE on CioStream socket to 172.16.96.116:58824: Link has been severed
APPSEV 1123910952 2005.08.12 R37-M0-NC-I:J18-U11 2005-08-12-22.29.12.126182 R37-M0-NC-I:J18-U11 RAS APP FATAL ciod: Error reading message prefix after LOAD_MESSAGE on CioStream socket to 172.16.96.116:58818: Link has been severed
APPSEV 1123910952 2005.08.12 R37-M1-N0-I:J18-U11 2005-08-12-22.29.12.305543 R37-M1-N0-I:J18-U11 RAS APP FATAL ciod: Error reading message prefix after LOAD_MESSAGE on CioStream socket to 172.16.96.116:59080: Link has been severed
APPSEV 1123910952 2005.08.12 R37-M0-N8-I:J18-U11 2005-08-12-22.29.12.681860 R37-M0-N8-I:J18-U11 RAS APP FATAL ciod: Error reading message prefix after LOAD_MESSAGE on CioStream socket to 172.16.96.116:58820: Link has been severed
APPSEV 1123910952 2005.08.12 R33-M1-NC-I:J18-U11 2005-08-12-22.29.12.861954 R33-M1-NC-I:J18-U11 RAS APP FATAL ciod: Error reading message prefix after LOAD_MESSAGE on CioStream socket to 172.16.96.116:59138: Link has been severed
APPSEV 1123910953 2005.08.12 R37-M1-N4-I:J18-U11 2005-08-12-22.29.13.041398 R37-M1-N4-I:J18-U11 RAS APP FATAL ciod: Error reading message prefix after LOAD_MESSAGE on CioStream socket to 172.16.96.116:59078: Link has been severed
APPSEV 1123910953 2005.08.12 R24-M1-NC-I:J18-U11 2005-08-12-22.29.13.233036 R24-M1-NC-I:J18-U11 RAS APP FATAL ciod: Error reading message prefix after LOAD_MESSAGE on CioStream socket to 172.16.96.116:58537: Link has been severed
APPSEV 1123910953 2005.08.12 R37-M1-N8-I:J18-U11 2005-08-12-22.29.13.494141 R37-M1-N8-I:J18-U11 RAS APP FATAL ciod: Error reading message prefix after LOAD_MESSAGE on CioStream socket to 172.16.96.116:59076: Link has been severed
APPSEV 1123910953 2005.08.12 R37-M1-NC-I:J18-U11 2005-08-12-22.29.13.808304 R37-M1-NC-I:J18-U11 RAS APP FATAL ciod: Error reading message prefix after LOAD_MESSAGE on CioStream socket to 172.16.96.116:59074: Link has been severed
APPSEV 1123910954 2005.08.12 R52-M1-N0-I:J18-U11 2005-08-12-22.29.14.016430 R52-M1-N0-I:J18-U11 RAS APP FATAL ciod: Error reading message prefix after LOAD_MESSAGE on CioStream socket to 172.16.96.116:58639: Link has been severed
APPSEV 1123910954 2005.08.12 R27-M1-NC-I:J18-U11 2005-08-12-22.29.14.196873 R27-M1-NC-I:J18-U11 RAS APP FATAL ciod: Error reading message prefix after LOAD_MESSAGE on CioStream socket to 172.16.96.116:58858: Link has been severed
APPSEV 1123910954 2005.08.12 R27-M1-N8-I:J18-U11 2005-08-12-22.29.14.381883 R27-M1-N8-I:J18-U11 RAS APP FATAL ciod: Error reading message prefix after LOAD_MESSAGE on CioStream socket to 172.16.96.116:58860: Link has been severed
APPSEV 1123910954 2005.08.12 R26-M1-N4-I:J18-U11 2005-08-12-22.29.14.576281 R26-M1-N4-I:J18-U11 RAS APP FATAL ciod: Error reading message prefix after LOAD_MESSAGE on CioStream socket to 172.16.96.116:58605: Link has been severed
APPSEV 1123910954 2005.08.12 R33-M1-N8-I:J18-U11 2005-08-12-22.29.14.775198 R33-M1-N8-I:J18-U11 RAS APP FATAL ciod: Error reading message prefix after LOAD_MESSAGE on CioStream socket to 172.16.96.116:59140: Link has been severed
APPSEV 1123910954 2005.08.12 R63-M1-NC-I:J18-U11 2005-08-12-22.29.14.984793 R63-M1-NC-I:J18-U11 RAS APP FATAL ciod: Error reading message prefix after LOAD_MESSAGE on CioStream socket to 172.16.96.116:58906: Link has been severed
APPSEV 1123910955 2005.08.12 R22-M0-N8-I:J18-U11 2005-08-12-22.29.15.165948 R22-M0-N8-I:J18-U11 RAS APP FATAL ciod: Error reading message prefix after LOAD_MESSAGE on CioStream socket to 172.16.96.116:59437: Link has been severed
APPSEV 1123910955 2005.08.12 R21-M1-N4-I:J18-U11 2005-08-12-22.29.15.358342 R21-M1-N4-I:J18-U11 RAS APP FATAL ciod: Error reading message prefix after LOAD_MESSAGE on CioStream socket to 172.16.96.116:58733: Link has been severed
APPSEV 1123910955 2005.08.12 R50-M0-NC-I:J18-U11 2005-08-12-22.29.15.543018 R50-M0-NC-I:J18-U11 RAS APP FATAL ciod: Error reading message prefix after LOAD_MESSAGE on CioStream socket to 172.16.96.116:59210: Link has been severed
APPSEV 1123910955 2005.08.12 R27-M1-N4-I:J18-U11 2005-08-12-22.29.15.721907 R27-M1-N4-I:J18-U11 RAS APP FATAL ciod: Error reading message prefix after LOAD_MESSAGE on CioStream socket to 172.16.96.116:58862: Link has been severed
APPSEV 1123910955 2005.08.12 R24-M0-N4-I:J18-U11 2005-08-12-22.29.15.928912 R24-M0-N4-I:J18-U11 RAS APP FATAL ciod: Error reading message prefix after LOAD_MESSAGE on CioStream socket to 172.16.96.116:59310: Link has been severed
APPSEV 1123910956 2005.08.12 R45-M0-N4-I:J18-U11 2005-08-12-22.29.16.111070 R45-M0-N4-I:J18-U11 RAS APP FATAL ciod: Error reading message prefix after LOAD_MESSAGE on CioStream socket to 172.16.96.116:58789: Link has been severed
APPSEV 1123910956 2005.08.12 R66-M0-N8-I:J18-U11 2005-08-12-22.29.16.290095 R66-M0-N8-I:J18-U11 RAS APP FATAL ciod: Error reading message prefix after LOAD_MESSAGE on CioStream socket to 172.16.96.116:59357: Link has been severed
APPSEV 1123910956 2005.08.12 R24-M0-N0-I:J18-U11 2005-08-12-22.29.16.469890 R24-M0-N0-I:J18-U11 RAS APP FATAL ciod: Error reading message prefix after LOAD_MESSAGE on CioStream socket to 172.16.96.116:59312: Link has been severed
APPSEV 1123910956 2005.08.12 R45-M0-N0-I:J18-U11 2005-08-12-22.29.16.676372 R45-M0-N0-I:J18-U11 RAS APP FATAL ciod: Error reading message prefix after LOAD_MESSAGE on CioStream socket to 172.16.96.116:58791: Link has been severed
APPSEV 1123910956 2005.08.12 R42-M1-N0-I:J18-U11 2005-08-12-22.29.16.859228 R42-M1-N0-I:J18-U11 RAS APP FATAL ciod: Error reading message prefix after LOAD_MESSAGE on CioStream socket to 172.16.96.116:59433: Link has been severed
APPSEV 1123910957 2005.08.12 R47-M0-N8-I:J18-U11 2005-08-12-22.29.17.039161 R47-M0-N8-I:J18-U11 RAS APP FATAL ciod: Error reading message prefix after LOAD_MESSAGE on CioStream socket to 172.16.96.116:58852: Link has been severed
APPSEV 1123910957 2005.08.12 R20-M0-NC-I:J18-U11 2005-08-12-22.29.17.236149 R20-M0-NC-I:J18-U11 RAS APP FATAL ciod: Error reading message prefix after LOAD_MESSAGE on CioStream socket to 172.16.96.116:59242: Link has been severed
APPSEV 1123910957 2005.08.12 R27-M0-NC-I:J18-U11 2005-08-12-22.29.17.474988 R27-M0-NC-I:J18-U11 RAS APP FATAL ciod: Error reading message prefix after LOAD_MESSAGE on CioStream socket to 172.16.96.116:59114: Link has been severed
APPSEV 1123910957 2005.08.12 R27-M0-N8-I:J18-U11 2005-08-12-22.29.17.749729 R27-M0-N8-I:J18-U11 RAS APP FATAL ciod: Error reading message prefix after LOAD_MESSAGE on CioStream socket to 172.16.96.116:59116: Link has been severed
APPSEV 1123910957 2005.08.12 R20-M0-N0-I:J18-U11 2005-08-12-22.29.17.938441 R20-M0-N0-I:J18-U11 RAS APP FATAL ciod: Error reading message prefix after LOAD_MESSAGE on CioStream socket to 172.16.96.116:59248: Link has been severed
APPSEV 1123910958 2005.08.12 R20-M0-N4-I:J18-U11 2005-08-12-22.29.18.135734 R20-M0-N4-I:J18-U11 RAS APP FATAL ciod: Error reading message prefix after LOAD_MESSAGE on CioStream socket to 172.16.96.116:59246: Link has been severed
APPSEV 1123910958 2005.08.12 R40-M1-N0-I:J18-U11 2005-08-12-22.29.18.339172 R40-M1-N0-I:J18-U11 RAS APP FATAL ciod: Error reading message prefix after LOAD_MESSAGE on CioStream socket to 172.16.96.116:59240: Link has been severed
APPSEV 1123910958 2005.08.12 R72-M1-NC-I:J18-U11 2005-08-12-22.29.18.674326 R72-M1-NC-I:J18-U11 RAS APP FATAL ciod: Error reading message prefix after LOAD_MESSAGE on CioStream socket to 172.16.96.116:59411: Link has been severed
APPSEV 1123910958 2005.08.12 R63-M0-N0-I:J18-U11 2005-08-12-22.29.18.907154 R63-M0-N0-I:J18-U11 RAS APP FATAL ciod: Error reading message prefix after LOAD_MESSAGE on CioStream socket to 172.16.96.116:59168: Link has been severed
APPSEV 1123910959 2005.08.12 R67-M0-N4-I:J18-U11 2005-08-12-22.29.19.094003 R67-M0-N4-I:J18-U11 RAS APP FATAL ciod: Error reading message prefix after LOAD_MESSAGE on CioStream socket to 172.16.96.116:59102: Link has been severed
APPSEV 1123910959 2005.08.12 R51-M0-N8-I:J18-U11 2005-08-12-22.29.19.273039 R51-M0-N8-I:J18-U11 RAS APP FATAL ciod: Error reading message prefix after LOAD_MESSAGE on CioStream socket to 172.16.96.116:58956: Link has been severed
APPSEV 1123910959 2005.08.12 R65-M0-N4-I:J18-U11 2005-08-12-22.29.19.458163 R65-M0-N4-I:J18-U11 RAS APP FATAL ciod: Error reading message prefix after LOAD_MESSAGE on CioStream socket to 172.16.96.116:59038: Link has been severed
APPSEV 1123910959 2005.08.12 R27-M1-N0-I:J18-U11 2005-08-12-22.29.19.631462 R27-M1-N0-I:J18-U11 RAS APP FATAL ciod: Error reading message prefix after LOAD_MESSAGE on CioStream socket to 172.16.96.116:58864: Link has been severed
APPSEV 1123910959 2005.08.12 R22-M0-N0-I:J18-U11 2005-08-12-22.29.19.856191 R22-M0-N0-I:J18-U11 RAS APP FATAL ciod: Error reading message prefix after LOAD_MESSAGE on CioStream socket to 172.16.96.116:59441: Link has been severed
APPSEV 1123910960 2005.08.12 R67-M0-N0-I:J18-U11 2005-08-12-22.29.20.041681 R67-M0-N0-I:J18-U11 RAS APP FATAL ciod: Error reading message prefix after LOAD_MESSAGE on CioStream socket to 172.16.96.116:59104: Link has been severed
APPSEV 1123910960 2005.08.12 R22-M0-N4-I:J18-U11 2005-08-12-22.29.20.234254 R22-M0-N4-I:J18-U11 RAS APP FATAL ciod: Error reading message prefix after LOAD_MESSAGE on CioStream socket to 172.16.96.116:59439: Link has been severed
APPSEV 1123910960 2005.08.12 R47-M0-N4-I:J18-U11 2005-08-12-22.29.20.427943 R47-M0-N4-I:J18-U11 RAS APP FATAL ciod: Error reading message prefix after LOAD_MESSAGE on CioStream socket to 172.16.96.116:58854: Link has been severed
APPSEV 1123910960 2005.08.12 R67-M0-N8-I:J18-U11 2005-08-12-22.29.20.606078 R67-M0-N8-I:J18-U11 RAS APP FATAL ciod: Error reading message prefix after LOAD_MESSAGE on CioStream socket to 172.16.96.116:59100: Link has been severed
APPSEV 1123910960 2005.08.12 R56-M1-NC-I:J18-U11 2005-08-12-22.29.20.785748 R56-M1-NC-I:J18-U11 RAS APP FATAL ciod: Error reading message prefix after LOAD_MESSAGE on CioStream socket to 172.16.96.116:58569: Link has been severed
APPSEV 1123910960 2005.08.12 R67-M0-NC-I:J18-U11 2005-08-12-22.29.20.953707 R67-M0-NC-I:J18-U11 RAS APP FATAL ciod: Error reading message prefix after LOAD_MESSAGE on CioStream socket to 172.16.96.116:59098: Link has been severed
APPSEV 1123910961 2005.08.12 R51-M0-NC-I:J18-U11 2005-08-12-22.29.21.157422 R51-M0-NC-I:J18-U11 RAS APP FATAL ciod: Error reading message prefix after LOAD_MESSAGE on CioStream socket to 172.16.96.116:58954: Link has been severed
APPSEV 1123910961 2005.08.12 R41-M0-N0-I:J18-U11 2005-08-12-22.29.21.366478 R41-M0-N0-I:J18-U11 RAS APP FATAL ciod: Error reading message prefix after LOAD_MESSAGE on CioStream socket to 172.16.96.116:58727: Link has been severed
APPSEV 1123910961 2005.08.12 R46-M1-NC-I:J18-U11 2005-08-12-22.29.21.558883 R46-M1-NC-I:J18-U11 RAS APP FATAL ciod: Error reading message prefix after LOAD_MESSAGE on CioStream socket to 172.16.96.116:59363: Link has been severed
APPSEV 1123910961 2005.08.12 R67-M1-NC-I:J18-U11 2005-08-12-22.29.21.752905 R67-M1-NC-I:J18-U11 RAS APP FATAL ciod: Error reading message prefix after LOAD_MESSAGE on CioStream socket to 172.16.96.116:58842: Link has been severed
APPSEV 1123910961 2005.08.12 R67-M1-N8-I:J18-U11 2005-08-12-22.29.21.935550 R67-M1-N8-I:J18-U11 RAS APP FATAL ciod: Error reading message prefix after LOAD_MESSAGE on CioStream socket to 172.16.96.116:58844: Link has been severed
APPSEV 1123910962 2005.08.12 R24-M1-N0-I:J18-U11 2005-08-12-22.29.22.114169 R24-M1-N0-I:J18-U11 RAS APP FATAL ciod: Error reading message prefix after LOAD_MESSAGE on CioStream socket to 172.16.96.116:58543: Link has been severed
APPSEV 1123910962 2005.08.12 R66-M1-N4-I:J18-U11 2005-08-12-22.29.22.309866 R66-M1-N4-I:J18-U11 RAS APP FATAL ciod: Error reading message prefix after LOAD_MESSAGE on CioStream socket to 172.16.96.116:58589: Link has been severed
APPSEV 1123910962 2005.08.12 R66-M0-N0-I:J18-U11 2005-08-12-22.29.22.624450 R66-M0-N0-I:J18-U11 RAS APP FATAL ciod: Error reading message prefix after LOAD_MESSAGE on CioStream socket to 172.16.96.116:59361: Link has been severed
APPSEV 1123910962 2005.08.12 R24-M1-N4-I:J18-U11 2005-08-12-22.29.22.814727 R24-M1-N4-I:J18-U11 RAS APP FATAL ciod: Error reading message prefix after LOAD_MESSAGE on CioStream socket to 172.16.96.116:58541: Link has been severed
APPSEV 1123910962 2005.08.12 R66-M1-N8-I:J18-U11 2005-08-12-22.29.22.993967 R66-M1-N8-I:J18-U11 RAS APP FATAL ciod: Error reading message prefix after LOAD_MESSAGE on CioStream socket to 172.16.96.116:58587: Link has been severed
APPSEV 1123910963 2005.08.12 R24-M1-N8-I:J18-U11 2005-08-12-22.29.23.173356 R24-M1-N8-I:J18-U11 RAS APP FATAL ciod: Error reading message prefix after LOAD_MESSAGE on CioStream socket to 172.16.96.116:58539: Link has been severed
APPSEV 1123910963 2005.08.12 R52-M1-N8-I:J18-U11 2005-08-12-22.29.23.365643 R52-M1-N8-I:J18-U11 RAS APP FATAL ciod: Error reading message prefix after LOAD_MESSAGE on CioStream socket to 172.16.96.116:58635: Link has been severed
APPSEV 1123910963 2005.08.12 R52-M1-NC-I:J18-U11 2005-08-12-22.29.23.713305 R52-M1-NC-I:J18-U11 RAS APP FATAL ciod: Error reading message prefix after LOAD_MESSAGE on CioStream socket to 172.16.96.116:58633: Link has been severed
APPSEV 1123910963 2005.08.12 R56-M1-N8-I:J18-U11 2005-08-12-22.29.23.910936 R56-M1-N8-I:J18-U11 RAS APP FATAL ciod: Error reading message prefix after LOAD_MESSAGE on CioStream socket to 172.16.96.116:58571: Link has been severed
APPSEV 1123910964 2005.08.12 R65-M1-N4-I:J18-U11 2005-08-12-22.29.24.122207 R65-M1-N4-I:J18-U11 RAS APP FATAL ciod: Error reading message prefix after LOAD_MESSAGE on CioStream socket to 172.16.96.116:58781: Link has been severed
APPSEV 1123910964 2005.08.12 R47-M0-N0-I:J18-U11 2005-08-12-22.29.24.299471 R47-M0-N0-I:J18-U11 RAS APP FATAL ciod: Error reading message prefix after LOAD_MESSAGE on CioStream socket to 172.16.96.116:58856: Link has been severed
APPSEV 1123910964 2005.08.12 R33-M1-N4-I:J18-U11 2005-08-12-22.29.24.496835 R33-M1-N4-I:J18-U11 RAS APP FATAL ciod: Error reading message prefix after LOAD_MESSAGE on CioStream socket to 172.16.96.116:59142: Link has been severed
APPSEV 1123910964 2005.08.12 R21-M1-N0-I:J18-U11 2005-08-12-22.29.24.676070 R21-M1-N0-I:J18-U11 RAS APP FATAL ciod: Error reading message prefix after LOAD_MESSAGE on CioStream socket to 172.16.96.116:58735: Link has been severed
APPSEV 1123910964 2005.08.12 R52-M1-N4-I:J18-U11 2005-08-12-22.29.24.855686 R52-M1-N4-I:J18-U11 RAS APP FATAL ciod: Error reading message prefix after LOAD_MESSAGE on CioStream socket to 172.16.96.116:58637: Link has been severed
APPSEV 1123910965 2005.08.12 R36-M1-N4-I:J18-U11 2005-08-12-22.29.25.062589 R36-M1-N4-I:J18-U11 RAS APP FATAL ciod: Error reading message prefix after LOAD_MESSAGE on CioStream socket to 172.16.96.116:59335: Link has been severed
APPSEV 1123910965 2005.08.12 R41-M1-N8-I:J18-U11 2005-08-12-22.29.25.250935 R41-M1-N8-I:J18-U11 RAS APP FATAL ciod: Error reading message prefix after LOAD_MESSAGE on CioStream socket to 172.16.96.116:58980: Link has been severed
APPSEV 1123910965 2005.08.12 R66-M0-NC-I:J18-U11 2005-08-12-22.29.25.464246 R66-M0-NC-I:J18-U11 RAS APP FATAL ciod: Error reading message prefix after LOAD_MESSAGE on CioStream socket to 172.16.96.116:59355: Link has been severed
APPSEV 1123910965 2005.08.12 R66-M0-N4-I:J18-U11 2005-08-12-22.29.25.663906 R66-M0-N4-I:J18-U11 RAS APP FATAL ciod: Error reading message prefix after LOAD_MESSAGE on CioStream socket to 172.16.96.116:59359: Link has been severed
APPSEV 1123910965 2005.08.12 R55-M1-N8-I:J18-U11 2005-08-12-22.29.25.870304 R55-M1-N8-I:J18-U11 RAS APP FATAL ciod: Error reading message prefix after LOAD_MESSAGE on CioStream socket to 172.16.96.116:58763: Link has been severed
APPSEV 1123910966 2005.08.12 R43-M1-N8-I:J18-U11 2005-08-12-22.29.26.080856 R43-M1-N8-I:J18-U11 RAS APP FATAL ciod: Error reading message prefix after LOAD_MESSAGE on CioStream socket to 172.16.96.116:59172: Link has been severed
APPSEV 1123910966 2005.08.12 R43-M0-N4-I:J18-U11 2005-08-12-22.29.26.311263 R43-M0-N4-I:J18-U11 RAS APP FATAL ciod: Error reading message prefix after LOAD_MESSAGE on CioStream socket to 172.16.96.116:58918: Link has been severed
APPSEV 1123910966 2005.08.12 R66-M1-NC-I:J18-U11 2005-08-12-22.29.26.501200 R66-M1-NC-I:J18-U11 RAS APP FATAL ciod: Error reading message prefix after LOAD_MESSAGE on CioStream socket to 172.16.96.116:58585: Link has been severed
APPSEV 1123910966 2005.08.12 R33-M0-N4-I:J18-U11 2005-08-12-22.29.26.723662 R33-M0-N4-I:J18-U11 RAS APP FATAL ciod: Error reading message prefix after LOAD_MESSAGE on CioStream socket to 172.16.96.116:58886: Link has been severed
APPSEV 1123910966 2005.08.12 R33-M0-N8-I:J18-U11 2005-08-12-22.29.26.959138 R33-M0-N8-I:J18-U11 RAS APP FATAL ciod: Error reading message prefix after LOAD_MESSAGE on CioStream socket to 172.16.96.116:58884: Link has been severed
APPSEV 1123910967 2005.08.12 R22-M0-NC-I:J18-U11 2005-08-12-22.29.27.195205 R22-M0-NC-I:J18-U11 RAS APP FATAL ciod: Error reading message prefix after LOAD_MESSAGE on CioStream socket to 172.16.96.116:59435: Link has been severed
APPSEV 1123910967 2005.08.12 R23-M1-NC-I:J18-U11 2005-08-12-22.29.27.400228 R23-M1-NC-I:J18-U11 RAS APP FATAL ciod: Error reading message prefix after LOAD_MESSAGE on CioStream socket to 172.16.96.116:58922: Link has been severed
APPSEV 1123910967 2005.08.12 R57-M1-N4-I:J18-U11 2005-08-12-22.29.27.698237 R57-M1-N4-I:J18-U11 RAS APP FATAL ciod: Error reading message prefix after LOAD_MESSAGE on CioStream socket to 172.16.96.116:58830: Link has been severed
APPSEV 1123910967 2005.08.12 R30-M1-N8-I:J18-U11 2005-08-12-22.29.27.958622 R30-M1-N8-I:J18-U11 RAS APP FATAL ciod: Error reading message prefix after LOAD_MESSAGE on CioStream socket to 172.16.96.116:59204: Link has been severed
APPSEV 1123910968 2005.08.12 R57-M0-NC-I:J18-U11 2005-08-12-22.29.28.159492 R57-M0-NC-I:J18-U11 RAS APP FATAL ciod: Error reading message prefix after LOAD_MESSAGE on CioStream socket to 172.16.96.116:59082: Link has been severed
APPSEV 1123910968 2005.08.12 R42-M1-NC-I:J18-U11 2005-08-12-22.29.28.363513 R42-M1-NC-I:J18-U11 RAS APP FATAL ciod: Error reading message prefix after LOAD_MESSAGE on CioStream socket to 172.16.96.116:59427: Link has been severed
APPSEV 1123915721 2005.08.12 R15-M0-NC-I:J18-U01 2005-08-12-23.48.41.890299 R15-M0-NC-I:J18-U01 RAS APP FATAL ciod: Error reading message prefix after VERSION_MESSAGE on CioStream socket to 172.16.96.116:53788: Link has been severed
APPSEV 1123915722 2005.08.12 R15-M1-N4-I:J18-U01 2005-08-12-23.48.42.105182 R15-M1-N4-I:J18-U01 RAS APP FATAL ciod: Error reading message prefix after VERSION_MESSAGE on CioStream socket to 172.16.96.116:53536: Link has been severed
APPSEV 1123915722 2005.08.12 R16-M1-N0-I:J18-U11 2005-08-12-23.48.42.534661 R16-M1-N0-I:J18-U11 RAS APP FATAL ciod: Error reading message prefix after VERSION_MESSAGE on CioStream socket to 172.16.96.116:53345: Link has been severed
APPSEV 1123915722 2005.08.12 R10-M1-N0-I:J18-U11 2005-08-12-23.48.42.720880 R10-M1-N0-I:J18-U11 RAS APP FATAL ciod: Error reading message prefix after VERSION_MESSAGE on CioStream socket to 172.16.96.116:53217: Link has been severed
APPSEV 1123915722 2005.08.12 R07-M1-N4-I:J18-U11 2005-08-12-23.48.42.898415 R07-M1-N4-I:J18-U11 RAS APP FATAL ciod: Error reading message prefix after VERSION_MESSAGE on CioStream socket to 172.16.96.116:53847: Link has been severed
APPSEV 1123915723 2005.08.12 R16-M0-NC-I:J18-U11 2005-08-12-23.48.43.338680 R16-M0-NC-I:J18-U11 RAS APP FATAL ciod: Error reading message prefix after VERSION_MESSAGE on CioStream socket to 172.16.96.116:54107: Link has been severed
APPSEV 1123915723 2005.08.12 R00-M0-NC-I:J18-U11 2005-08-12-23.48.43.557570 R00-M0-NC-I:J18-U11 RAS APP FATAL ciod: Error reading message prefix after VERSION_MESSAGE on CioStream socket to 172.16.96.116:53203: Link has been severed
APPSEV 1123915723 2005.08.12 R14-M1-N4-I:J18-U11 2005-08-12-23.48.43.748765 R14-M1-N4-I:J18-U11 RAS APP FATAL ciod: Error reading message prefix after VERSION_MESSAGE on CioStream socket to 172.16.96.116:53279: Link has been severed
APPSEV 1123915723 2005.08.12 R00-M1-N8-I:J18-U11 2005-08-12-23.48.43.940875 R00-M1-N8-I:J18-U11 RAS APP FATAL ciod: Error reading message prefix after VERSION_MESSAGE on CioStream socket to 172.16.96.116:53973: Link has been severed
APPSEV 1123915724 2005.08.12 R14-M0-NC-I:J18-U11 2005-08-12-23.48.44.119705 R14-M0-NC-I:J18-U11 RAS APP FATAL ciod: Error reading message prefix after VERSION_MESSAGE on CioStream socket to 172.16.96.116:54043: Link has been severed
APPSEV 1123915724 2005.08.12 R14-M1-N0-I:J18-U11 2005-08-12-23.48.44.374875 R14-M1-N0-I:J18-U11 RAS APP FATAL ciod: Error reading message prefix after VERSION_MESSAGE on CioStream socket to 172.16.96.116:53281: Link has been severed
APPSEV 1123915724 2005.08.12 R05-M0-N4-I:J18-U11 2005-08-12-23.48.44.612648 R05-M0-N4-I:J18-U11 RAS APP FATAL ciod: Error reading message prefix after VERSION_MESSAGE on CioStream socket to 172.16.96.116:53527: Link has been severed
APPUNAV 1124131919 2005.08.15 R30-M0-N8-I:J18-U11 2005-08-15-11.51.59.989258 R30-M0-N8-I:J18-U11 RAS APP FATAL ciod: Error creating node map from file /home/auselton/bgl/mapfiles/bgl.128mps.f64.map: Resource temporarily unavailable
APPUNAV 1124131921 2005.08.15 R60-M1-N8-I:J18-U11 2005-08-15-11.52.01.802010 R60-M1-N8-I:J18-U11 RAS APP FATAL ciod: Error creating node map from file /home/auselton/bgl/mapfiles/bgl.128mps.f64.map: Resource temporarily unavailable
APPUNAV 1124131922 2005.08.15 R60-M1-N0-I:J18-U11 2005-08-15-11.52.02.004763 R60-M1-N0-I:J18-U11 RAS APP FATAL ciod: Error creating node map from file /home/auselton/bgl/mapfiles/bgl.128mps.f64.map: Resource temporarily unavailable
APPUNAV 1124131922 2005.08.15 R30-M0-NC-I:J18-U11 2005-08-15-11.52.02.185127 R30-M0-NC-I:J18-U11 RAS APP FATAL ciod: Error creating node map from file /home/auselton/bgl/mapfiles/bgl.128mps.f64.map: Resource temporarily unavailable
APPUNAV 1124131923 2005.08.15 R60-M1-N4-I:J18-U11 2005-08-15-11.52.03.284583 R60-M1-N4-I:J18-U11 RAS APP FATAL ciod: Error creating node map from file /home/auselton/bgl/mapfiles/bgl.128mps.f64.map: Resource temporarily unavailable
APPUNAV 1124131924 2005.08.15 R74-M0-NC-I:J18-U11 2005-08-15-11.52.04.086012 R74-M0-NC-I:J18-U11 RAS APP FATAL ciod: Error creating node map from file /home/auselton/bgl/mapfiles/bgl.128mps.f64.map: Resource temporarily unavailable
APPUNAV 1124131925 2005.08.15 R74-M0-N8-I:J18-U11 2005-08-15-11.52.05.463339 R74-M0-N8-I:J18-U11 RAS APP FATAL ciod: Error creating node map from file /home/auselton/bgl/mapfiles/bgl.128mps.f64.map: Resource temporarily unavailable
APPUNAV 1124131925 2005.08.15 R32-M0-NC-I:J18-U11 2005-08-15-11.52.05.612076 R32-M0-NC-I:J18-U11 RAS APP FATAL ciod: Error creating node map from file /home/auselton/bgl/mapfiles/bgl.128mps.f64.map: Resource temporarily unavailable
APPUNAV 1124131926 2005.08.15 R72-M0-N4-I:J18-U11 2005-08-15-11.52.06.133053 R72-M0-N4-I:J18-U11 RAS APP FATAL ciod: Error creating node map from file /home/auselton/bgl/mapfiles/bgl.128mps.f64.map: Resource temporarily unavailable
APPUNAV 1124131926 2005.08.15 R32-M0-N4-I:J18-U11 2005-08-15-11.52.06.312854 R32-M0-N4-I:J18-U11 RAS APP FATAL ciod: Error creating node map from file /home/auselton/bgl/mapfiles/bgl.128mps.f64.map: Resource temporarily unavailable
APPUNAV 1124131926 2005.08.15 R42-M0-NC-I:J18-U11 2005-08-15-11.52.06.487504 R42-M0-NC-I:J18-U11 RAS APP FATAL ciod: Error creating node map from file /home/auselton/bgl/mapfiles/bgl.128mps.f64.map: Resource temporarily unavailable
APPUNAV 1124131927 2005.08.15 R70-M0-N4-I:J18-U11 2005-08-15-11.52.07.613530 R70-M0-N4-I:J18-U11 RAS APP FATAL ciod: Error creating node map from file /home/auselton/bgl/mapfiles/bgl.128mps.f64.map: Resource temporarily unavailable
APPUNAV 1124131927 2005.08.15 R74-M0-N0-I:J18-U11 2005-08-15-11.52.07.817887 R74-M0-N0-I:J18-U11 RAS APP FATAL ciod: Error creating node map from file /home/auselton/bgl/mapfiles/bgl.128mps.f64.map: Resource temporarily unavailable
APPUNAV 1124131928 2005.08.15 R74-M0-N4-I:J18-U11 2005-08-15-11.52.08.558967 R74-M0-N4-I:J18-U11 RAS APP FATAL ciod: Error creating node map from file /home/auselton/bgl/mapfiles/bgl.128mps.f64.map: Resource temporarily unavailable
APPUNAV 1124131929 2005.08.15 R76-M0-NC-I:J18-U11 2005-08-15-11.52.09.020174 R76-M0-NC-I:J18-U11 RAS APP FATAL ciod: Error creating node map from file /home/auselton/bgl/mapfiles/bgl.128mps.f64.map: Resource temporarily unavailable
APPUNAV 1124131929 2005.08.15 R72-M0-NC-I:J18-U11 2005-08-15-11.52.09.656325 R72-M0-NC-I:J18-U11 RAS APP FATAL ciod: Error creating node map from file /home/auselton/bgl/mapfiles/bgl.128mps.f64.map: Resource temporarily unavailable
KERNMC 1124406921 2005.08.18 R71-M0-N4-C:J14-U01 2005-08-18-16.15.21.979814 R71-M0-N4-C:J14-U01 RAS KERNEL FATAL machine check interrupt (bit=0x06): L3 major internal error
KERNMNT 1124462382 2005.08.19 R71-M0-NC-I:J18-U11 2005-08-19-07.39.42.176618 R71-M0-NC-I:J18-U11 RAS KERNEL FATAL Error: unable to mount filesystem
APPSEV 1124479484 2005.08.19 R37-M0-NC-I:J18-U01 2005-08-19-12.24.44.695686 R37-M0-NC-I:J18-U01 RAS APP FATAL ciod: Error reading message prefix after LOGIN_MESSAGE on CioStream socket to 172.16.96.116:40680: Link has been severed
APPSEV 1124479485 2005.08.19 R50-M1-N0-I:J18-U01 2005-08-19-12.24.45.078710 R50-M1-N0-I:J18-U01 RAS APP FATAL ciod: Error reading message prefix after LOGIN_MESSAGE on CioStream socket to 172.16.96.116:40310: Link has been severed
APPSEV 1124479485 2005.08.19 R37-M0-N8-I:J18-U01 2005-08-19-12.24.45.270830 R37-M0-N8-I:J18-U01 RAS APP FATAL ciod: Error reading message prefix after LOGIN_MESSAGE on CioStream socket to 172.16.96.116:40682: Link has been severed
APPSEV 1124479485 2005.08.19 R37-M1-N4-I:J18-U01 2005-08-19-12.24.45.467108 R37-M1-N4-I:J18-U01 RAS APP FATAL ciod: Error reading message prefix after LOGIN_MESSAGE on CioStream socket to 172.16.96.116:40940: Link has been severed
APPSEV 1124479485 2005.08.19 R24-M1-NC-I:J18-U01 2005-08-19-12.24.45.653021 R24-M1-NC-I:J18-U01 RAS APP FATAL ciod: Error reading message prefix after LOGIN_MESSAGE on CioStream socket to 172.16.96.116:40400: Link has been severed
APPSEV 1124479485 2005.08.19 R37-M1-N8-I:J18-U01 2005-08-19-12.24.45.838624 R37-M1-N8-I:J18-U01 RAS APP FATAL ciod: Error reading message prefix after LOGIN_MESSAGE on CioStream socket to 172.16.96.116:40938: Link has been severed
APPSEV 1124479486 2005.08.19 R20-M1-N8-I:J18-U11 2005-08-19-12.24.46.348219 R20-M1-N8-I:J18-U11 RAS APP FATAL ciod: Error reading message prefix after LOGIN_MESSAGE on CioStream socket to 172.16.96.116:40337: Link has been severed
APPSEV 1124479486 2005.08.19 R20-M1-NC-I:J18-U01 2005-08-19-12.24.46.676810 R20-M1-NC-I:J18-U01 RAS APP FATAL ciod: Error reading message prefix after LOGIN_MESSAGE on CioStream socket to 172.16.96.116:40336: Link has been severed
APPSEV 1124479487 2005.08.19 R27-M1-NC-I:J18-U01 2005-08-19-12.24.47.083170 R27-M1-NC-I:J18-U01 RAS APP FATAL ciod: Error reading message prefix after LOGIN_MESSAGE on CioStream socket to 172.16.96.116:40720: Link has been severed
APPSEV 1124479487 2005.08.19 R26-M1-N4-I:J18-U11 2005-08-19-12.24.47.579830 R26-M1-N4-I:J18-U11 RAS APP FATAL ciod: Error reading message prefix after LOGIN_MESSAGE on CioStream socket to 172.16.96.116:40467: Link has been severed
APPSEV 1124479487 2005.08.19 R27-M0-N0-I:J18-U11 2005-08-19-12.24.47.783811 R27-M0-N0-I:J18-U11 RAS APP FATAL ciod: Error reading message prefix after LOGIN_MESSAGE on CioStream socket to 172.16.96.116:40981: Link has been severed
APPSEV 1124479488 2005.08.19 R22-M0-N8-I:J18-U11 2005-08-19-12.24.48.042777 R22-M0-N8-I:J18-U11 RAS APP FATAL ciod: Error reading message prefix after LOGIN_MESSAGE on CioStream socket to 172.16.96.116:41298: Link has been severed
APPSEV 1124479488 2005.08.19 R21-M1-N4-I:J18-U11 2005-08-19-12.24.48.242663 R21-M1-N4-I:J18-U11 RAS APP FATAL ciod: Error reading message prefix after LOGIN_MESSAGE on CioStream socket to 172.16.96.116:40595: Link has been severed
APPSEV 1124479488 2005.08.19 R24-M0-N8-I:J18-U11 2005-08-19-12.24.48.811098 R24-M0-N8-I:J18-U11 RAS APP FATAL ciod: Error reading message prefix after LOGIN_MESSAGE on CioStream socket to 172.16.96.116:41170: Link has been severed
APPSEV 1124479488 2005.08.19 R24-M0-N4-I:J18-U11 2005-08-19-12.24.48.995948 R24-M0-N4-I:J18-U11 RAS APP FATAL ciod: Error reading message prefix after LOGIN_MESSAGE on CioStream socket to 172.16.96.116:41172: Link has been severed
APPSEV 1124479489 2005.08.19 R66-M0-N8-I:J18-U11 2005-08-19-12.24.49.367213 R66-M0-N8-I:J18-U11 RAS APP FATAL ciod: Error reading message prefix after LOGIN_MESSAGE on CioStream socket to 172.16.96.116:41218: Link has been severed
APPSEV 1124479489 2005.08.19 R24-M0-N0-I:J18-U11 2005-08-19-12.24.49.546599 R24-M0-N0-I:J18-U11 RAS APP FATAL ciod: Error reading message prefix after LOGIN_MESSAGE on CioStream socket to 172.16.96.116:41174: Link has been severed
APPSEV 1124479490 2005.08.19 R42-M1-N0-I:J18-U01 2005-08-19-12.24.50.180923 R42-M1-N0-I:J18-U01 RAS APP FATAL ciod: Error reading message prefix after LOGIN_MESSAGE on CioStream socket to 172.16.96.116:41295: Link has been severed
APPSEV 1124479490 2005.08.19 R47-M0-N8-I:J18-U01 2005-08-19-12.24.50.361222 R47-M0-N8-I:J18-U01 RAS APP FATAL ciod: Error reading message prefix after LOGIN_MESSAGE on CioStream socket to 172.16.96.116:40714: Link has been severed
APPSEV 1124479490 2005.08.19 R27-M0-NC-I:J18-U11 2005-08-19-12.24.50.642148 R27-M0-NC-I:J18-U11 RAS APP FATAL ciod: Error reading message prefix after LOGIN_MESSAGE on CioStream socket to 172.16.96.116:40975: Link has been severed
APPSEV 1124479491 2005.08.19 R27-M0-N8-I:J18-U01 2005-08-19-12.24.51.374002 R27-M0-N8-I:J18-U01 RAS APP FATAL ciod: Error reading message prefix after LOGIN_MESSAGE on CioStream socket to 172.16.96.116:40978: Link has been severed
APPSEV 1124479492 2005.08.19 R51-M0-N8-I:J18-U11 2005-08-19-12.24.52.285519 R51-M0-N8-I:J18-U11 RAS APP FATAL ciod: Error reading message prefix after LOGIN_MESSAGE on CioStream socket to 172.16.96.116:40817: Link has been severed
APPSEV 1124479492 2005.08.19 R65-M0-N4-I:J18-U01 2005-08-19-12.24.52.569780 R65-M0-N4-I:J18-U01 RAS APP FATAL ciod: Error reading message prefix after LOGIN_MESSAGE on CioStream socket to 172.16.96.116:40900: Link has been severed
APPSEV 1124479492 2005.08.19 R27-M0-N4-I:J18-U11 2005-08-19-12.24.52.838283 R27-M0-N4-I:J18-U11 RAS APP FATAL ciod: Error reading message prefix after LOGIN_MESSAGE on CioStream socket to 172.16.96.116:40979: Link has been severed
APPSEV 1124479493 2005.08.19 R63-M0-NC-I:J18-U11 2005-08-19-12.24.53.214830 R63-M0-NC-I:J18-U11 RAS APP FATAL ciod: Error reading message prefix after LOGIN_MESSAGE on CioStream socket to 172.16.96.116:41023: Link has been severed
APPSEV 1124479493 2005.08.19 R22-M0-N0-I:J18-U11 2005-08-19-12.24.53.402852 R22-M0-N0-I:J18-U11 RAS APP FATAL ciod: Error reading message prefix after LOGIN_MESSAGE on CioStream socket to 172.16.96.116:41302: Link has been severed
APPSEV 1124479493 2005.08.19 R22-M0-N4-I:J18-U11 2005-08-19-12.24.53.649867 R22-M0-N4-I:J18-U11 RAS APP FATAL ciod: Error reading message prefix after LOGIN_MESSAGE on CioStream socket to 172.16.96.116:41300: Link has been severed
APPSEV 1124479494 2005.08.19 R46-M1-NC-I:J18-U11 2005-08-19-12.24.54.436329 R46-M1-NC-I:J18-U11 RAS APP FATAL ciod: Error reading message prefix after LOGIN_MESSAGE on CioStream socket to 172.16.96.116:41224: Link has been severed
APPSEV 1124479494 2005.08.19 R67-M1-NC-I:J18-U01 2005-08-19-12.24.54.905496 R67-M1-NC-I:J18-U01 RAS APP FATAL ciod: Error reading message prefix after LOGIN_MESSAGE on CioStream socket to 172.16.96.116:40704: Link has been severed
APPSEV 1124479495 2005.08.19 R67-M1-N8-I:J18-U01 2005-08-19-12.24.55.084881 R67-M1-N8-I:J18-U01 RAS APP FATAL ciod: Error reading message prefix after LOGIN_MESSAGE on CioStream socket to 172.16.96.116:40706: Link has been severed
APPSEV 1124479495 2005.08.19 R66-M0-N0-I:J18-U01 2005-08-19-12.24.55.814049 R66-M0-N0-I:J18-U01 RAS APP FATAL ciod: Error reading message prefix after LOGIN_MESSAGE on CioStream socket to 172.16.96.116:41223: Link has been severed
APPSEV 1124479496 2005.08.19 R66-M1-N8-I:J18-U11 2005-08-19-12.24.56.120232 R66-M1-N8-I:J18-U11 RAS APP FATAL ciod: Error reading message prefix after LOGIN_MESSAGE on CioStream socket to 172.16.96.116:40449: Link has been severed
APPSEV 1124479496 2005.08.19 R24-M1-N8-I:J18-U11 2005-08-19-12.24.56.527363 R24-M1-N8-I:J18-U11 RAS APP FATAL ciod: Error reading message prefix after LOGIN_MESSAGE on CioStream socket to 172.16.96.116:40401: Link has been severed
APPSEV 1124479497 2005.08.19 R52-M1-NC-I:J18-U01 2005-08-19-12.24.57.018036 R52-M1-NC-I:J18-U01 RAS APP FATAL ciod: Error reading message prefix after LOGIN_MESSAGE on CioStream socket to 172.16.96.116:40496: Link has been severed
APPSEV 1124479497 2005.08.19 R56-M1-N8-I:J18-U01 2005-08-19-12.24.57.209497 R56-M1-N8-I:J18-U01 RAS APP FATAL ciod: Error reading message prefix after LOGIN_MESSAGE on CioStream socket to 172.16.96.116:40434: Link has been severed
APPSEV 1124479497 2005.08.19 R65-M1-N4-I:J18-U11 2005-08-19-12.24.57.522787 R65-M1-N4-I:J18-U11 RAS APP FATAL ciod: Error reading message prefix after LOGIN_MESSAGE on CioStream socket to 172.16.96.116:40643: Link has been severed
APPSEV 1124479498 2005.08.19 R21-M1-N0-I:J18-U01 2005-08-19-12.24.58.022469 R21-M1-N0-I:J18-U01 RAS APP FATAL ciod: Error reading message prefix after LOGIN_MESSAGE on CioStream socket to 172.16.96.116:40598: Link has been severed
APPSEV 1124479498 2005.08.19 R52-M1-N4-I:J18-U01 2005-08-19-12.24.58.203158 R52-M1-N4-I:J18-U01 RAS APP FATAL ciod: Error reading message prefix after LOGIN_MESSAGE on CioStream socket to 172.16.96.116:40500: Link has been severed
APPSEV 1124479498 2005.08.19 R63-M0-N4-I:J18-U01 2005-08-19-12.24.58.442894 R63-M0-N4-I:J18-U01 RAS APP FATAL ciod: Error reading message prefix after LOGIN_MESSAGE on CioStream socket to 172.16.96.116:41028: Link has been severed
APPSEV 1124479498 2005.08.19 R66-M0-N4-I:J18-U01 2005-08-19-12.24.58.800737 R66-M0-N4-I:J18-U01 RAS APP FATAL ciod: Error reading message prefix after LOGIN_MESSAGE on CioStream socket to 172.16.96.116:41221: Link has been severed
APPSEV 1124479499 2005.08.19 R55-M1-N8-I:J18-U01 2005-08-19-12.24.59.178502 R55-M1-N8-I:J18-U01 RAS APP FATAL ciod: Error reading message prefix after LOGIN_MESSAGE on CioStream socket to 172.16.96.116:40626: Link has been severed
APPSEV 1124721721 2005.08.22 R71-M1-N0-I:J18-U01 2005-08-22-07.42.01.709805 R71-M1-N0-I:J18-U01 RAS APP FATAL ciod: Error reading message prefix after LOGIN_MESSAGE on CioStream socket to 172.16.96.116:44754: Link has been severed
APPSEV 1124721722 2005.08.22 R04-M0-N0-I:J18-U01 2005-08-22-07.42.02.125592 R04-M0-N0-I:J18-U01 RAS APP FATAL ciod: Error reading message prefix after LOGIN_MESSAGE on CioStream socket to 172.16.96.116:44274: Link has been severed
APPSEV 1124721723 2005.08.22 R02-M1-NC-I:J18-U11 2005-08-22-07.42.03.382926 R02-M1-NC-I:J18-U11 RAS APP FATAL ciod: Error reading message prefix after LOGIN_MESSAGE on CioStream socket to 172.16.96.116:45163: Link has been severed
APPSEV 1124721723 2005.08.22 R11-M0-N0-I:J18-U11 2005-08-22-07.42.03.879387 R11-M0-N0-I:J18-U11 RAS APP FATAL ciod: Error reading message prefix after LOGIN_MESSAGE on CioStream socket to 172.16.96.116:44729: Link has been severed
APPSEV 1124721724 2005.08.22 R01-M0-N4-I:J18-U11 2005-08-22-07.42.04.380547 R01-M0-N4-I:J18-U11 RAS APP FATAL ciod: Error reading message prefix after LOGIN_MESSAGE on CioStream socket to 172.16.96.116:44463: Link has been severed
APPSEV 1124721724 2005.08.22 R01-M1-N0-I:J18-U11 2005-08-22-07.42.04.568032 R01-M1-N0-I:J18-U11 RAS APP FATAL ciod: Error reading message prefix after LOGIN_MESSAGE on CioStream socket to 172.16.96.116:44721: Link has been severed
APPSEV 1124721724 2005.08.22 R11-M1-N8-I:J18-U11 2005-08-22-07.42.04.751255 R11-M1-N8-I:J18-U11 RAS APP FATAL ciod: Error reading message prefix after LOGIN_MESSAGE on CioStream socket to 172.16.96.116:44469: Link has been severed
APPSEV 1124721724 2005.08.22 R03-M0-N8-I:J18-U11 2005-08-22-07.42.04.942829 R03-M0-N8-I:J18-U11 RAS APP FATAL ciod: Error reading message prefix after LOGIN_MESSAGE on CioStream socket to 172.16.96.116:44653: Link has been severed
APPSEV 1124721725 2005.08.22 R03-M1-N0-I:J18-U01 2005-08-22-07.42.05.412408 R03-M1-N0-I:J18-U01 RAS APP FATAL ciod: Error reading message prefix after LOGIN_MESSAGE on CioStream socket to 172.16.96.116:44914: Link has been severed
APPSEV 1124721727 2005.08.22 R17-M0-N4-I:J18-U11 2005-08-22-07.42.07.248711 R17-M0-N4-I:J18-U11 RAS APP FATAL ciod: Error reading message prefix after LOGIN_MESSAGE on CioStream socket to 172.16.96.116:44855: Link has been severed
APPSEV 1124721727 2005.08.22 R07-M0-N0-I:J18-U11 2005-08-22-07.42.07.480639 R07-M0-N0-I:J18-U11 RAS APP FATAL ciod: Error reading message prefix after LOGIN_MESSAGE on CioStream socket to 172.16.96.116:44593: Link has been severed
APPSEV 1124721727 2005.08.22 R17-M1-N0-I:J18-U01 2005-08-22-07.42.07.771017 R17-M1-N0-I:J18-U01 RAS APP FATAL ciod: Error reading message prefix after LOGIN_MESSAGE on CioStream socket to 172.16.96.116:44602: Link has been severed
APPSEV 1124721728 2005.08.22 R13-M1-NC-I:J18-U11 2005-08-22-07.42.08.199711 R13-M1-NC-I:J18-U11 RAS APP FATAL ciod: Error reading message prefix after LOGIN_MESSAGE on CioStream socket to 172.16.96.116:44659: Link has been severed
APPSEV 1124721728 2005.08.22 R07-M1-N8-I:J18-U11 2005-08-22-07.42.08.359884 R07-M1-N8-I:J18-U11 RAS APP FATAL ciod: Error reading message prefix after LOGIN_MESSAGE on CioStream socket to 172.16.96.116:44845: Link has been severed
APPSEV 1124721729 2005.08.22 R01-M1-N8-I:J18-U11 2005-08-22-07.42.09.389386 R01-M1-N8-I:J18-U11 RAS APP FATAL ciod: Error reading message prefix after LOGIN_MESSAGE on CioStream socket to 172.16.96.116:44717: Link has been severed
APPSEV 1124721729 2005.08.22 R13-M0-N4-I:J18-U11 2005-08-22-07.42.09.564995 R13-M0-N4-I:J18-U11 RAS APP FATAL ciod: Error reading message prefix after LOGIN_MESSAGE on CioStream socket to 172.16.96.116:44919: Link has been severed
APPSEV 1124721730 2005.08.22 R05-M0-N8-I:J18-U11 2005-08-22-07.42.10.075249 R05-M0-N8-I:J18-U11 RAS APP FATAL ciod: Error reading message prefix after LOGIN_MESSAGE on CioStream socket to 172.16.96.116:44525: Link has been severed
APPSEV 1124721730 2005.08.22 R01-M0-NC-I:J18-U11 2005-08-22-07.42.10.393005 R01-M0-NC-I:J18-U11 RAS APP FATAL ciod: Error reading message prefix after LOGIN_MESSAGE on CioStream socket to 172.16.96.116:44459: Link has been severed
KERNMC 1124750714 2005.08.22 R63-M0-ND-C:J03-U11 2005-08-22-15.45.14.904025 R63-M0-ND-C:J03-U11 RAS KERNEL FATAL machine check interrupt (bit=0x1d): L2 dcache unit data parity error
KERNMC 1124779401 2005.08.22 R50-M0-N5-C:J15-U01 2005-08-22-23.43.21.484248 R50-M0-N5-C:J15-U01 RAS KERNEL FATAL machine check interrupt
APPSEV 1124797812 2005.08.23 R77-M0-NC-I:J18-U11 2005-08-23-04.50.12.934673 R77-M0-NC-I:J18-U11 RAS APP FATAL ciod: Error reading message prefix after LOGIN_MESSAGE on CioStream socket to 172.16.96.116:60280: Link has been severed
APPSEV 1124797813 2005.08.23 R77-M0-N4-I:J18-U01 2005-08-23-04.50.13.729958 R77-M0-N4-I:J18-U01 RAS APP FATAL ciod: Error reading message prefix after LOGIN_MESSAGE on CioStream socket to 172.16.96.116:60285: Link has been severed
APPSEV 1124797815 2005.08.23 R41-M0-N4-I:J18-U01 2005-08-23-04.50.15.495217 R41-M0-N4-I:J18-U01 RAS APP FATAL ciod: Error reading message prefix after LOGIN_MESSAGE on CioStream socket to 172.16.96.116:60173: Link has been severed
APPSEV 1124797815 2005.08.23 R54-M0-N4-I:J18-U11 2005-08-23-04.50.15.800489 R54-M0-N4-I:J18-U11 RAS APP FATAL ciod: Error reading message prefix after LOGIN_MESSAGE on CioStream socket to 172.16.96.116:60728: Link has been severed
APPSEV 1124797816 2005.08.23 R56-M0-N0-I:J18-U01 2005-08-23-04.50.16.315903 R56-M0-N0-I:J18-U01 RAS APP FATAL ciod: Error reading message prefix after LOGIN_MESSAGE on CioStream socket to 172.16.96.116:60797: Link has been severed
APPSEV 1124797818 2005.08.23 R53-M0-N0-I:J18-U01 2005-08-23-04.50.18.954589 R53-M0-N0-I:J18-U01 RAS APP FATAL ciod: Error reading message prefix after LOGIN_MESSAGE on CioStream socket to 172.16.96.116:60600: Link has been severed
APPSEV 1124797820 2005.08.23 R45-M1-N8-I:J18-U01 2005-08-23-04.50.20.515374 R45-M1-N8-I:J18-U01 RAS APP FATAL ciod: Error reading message prefix after LOGIN_MESSAGE on CioStream socket to 172.16.96.116:60491: Link has been severed
APPSEV 1124797820 2005.08.23 R45-M1-N4-I:J18-U01 2005-08-23-04.50.20.905103 R45-M1-N4-I:J18-U01 RAS APP FATAL ciod: Error reading message prefix after LOGIN_MESSAGE on CioStream socket to 172.16.96.116:60493: Link has been severed
APPSEV 1124797821 2005.08.23 R44-M0-N8-I:J18-U11 2005-08-23-04.50.21.382039 R44-M0-N8-I:J18-U11 RAS APP FATAL ciod: Error reading message prefix after LOGIN_MESSAGE on CioStream socket to 172.16.96.116:59977: Link has been severed
APPSEV 1124797821 2005.08.23 R35-M1-N0-I:J18-U01 2005-08-23-04.50.21.688588 R35-M1-N0-I:J18-U01 RAS APP FATAL ciod: Error reading message prefix after LOGIN_MESSAGE on CioStream socket to 172.16.96.116:60463: Link has been severed
APPSEV 1124797822 2005.08.23 R44-M1-N4-I:J18-U11 2005-08-23-04.50.22.387658 R44-M1-N4-I:J18-U11 RAS APP FATAL ciod: Error reading message prefix after LOGIN_MESSAGE on CioStream socket to 172.16.96.116:60753: Link has been severed
APPSEV 1124797822 2005.08.23 R55-M1-N0-I:J18-U11 2005-08-23-04.50.22.869483 R55-M1-N0-I:J18-U11 RAS APP FATAL ciod: Error reading message prefix after LOGIN_MESSAGE on CioStream socket to 172.16.96.116:60214: Link has been severed
APPSEV 1124797823 2005.08.23 R36-M0-N8-I:J18-U11 2005-08-23-04.50.23.207148 R36-M0-N8-I:J18-U11 RAS APP FATAL ciod: Error reading message prefix after LOGIN_MESSAGE on CioStream socket to 172.16.96.116:60010: Link has been severed
APPSEV 1124797823 2005.08.23 R43-M1-NC-I:J18-U11 2005-08-23-04.50.23.795153 R43-M1-NC-I:J18-U11 RAS APP FATAL ciod: Error reading message prefix after LOGIN_MESSAGE on CioStream socket to 172.16.96.116:60617: Link has been severed
APPSEV 1124797823 2005.08.23 R36-M0-N0-I:J18-U11 2005-08-23-04.50.23.997049 R36-M0-N0-I:J18-U11 RAS APP FATAL ciod: Error reading message prefix after LOGIN_MESSAGE on CioStream socket to 172.16.96.116:60014: Link has been severed
APPSEV 1124797824 2005.08.23 R31-M0-N4-I:J18-U11 2005-08-23-04.50.24.195427 R31-M0-N4-I:J18-U11 RAS APP FATAL ciod: Error reading message prefix after LOGIN_MESSAGE on CioStream socket to 172.16.96.116:60140: Link has been severed
APPSEV 1124797824 2005.08.23 R45-M1-NC-I:J18-U01 2005-08-23-04.50.24.870858 R45-M1-NC-I:J18-U01 RAS APP FATAL ciod: Error reading message prefix after LOGIN_MESSAGE on CioStream socket to 172.16.96.116:60489: Link has been severed
APPSEV 1124797825 2005.08.23 R25-M0-N4-I:J18-U11 2005-08-23-04.50.25.759310 R25-M0-N4-I:J18-U11 RAS APP FATAL ciod: Error reading message prefix after LOGIN_MESSAGE on CioStream socket to 172.16.96.116:60500: Link has been severed
APPSEV 1124797826 2005.08.23 R42-M0-N0-I:J18-U01 2005-08-23-04.50.26.644233 R42-M0-N0-I:J18-U01 RAS APP FATAL ciod: Error reading message prefix after LOGIN_MESSAGE on CioStream socket to 172.16.96.116:60111: Link has been severed
APPSEV 1124797828 2005.08.23 R26-M0-N8-I:J18-U01 2005-08-23-04.50.28.252768 R26-M0-N8-I:J18-U01 RAS APP FATAL ciod: Error reading message prefix after LOGIN_MESSAGE on CioStream socket to 172.16.96.116:60827: Link has been severed
APPSEV 1124797828 2005.08.23 R31-M0-N8-I:J18-U11 2005-08-23-04.50.28.549367 R31-M0-N8-I:J18-U11 RAS APP FATAL ciod: Error reading message prefix after LOGIN_MESSAGE on CioStream socket to 172.16.96.116:60138: Link has been severed
APPSEV 1124797828 2005.08.23 R26-M0-N0-I:J18-U11 2005-08-23-04.50.28.754283 R26-M0-N0-I:J18-U11 RAS APP FATAL ciod: Error reading message prefix after LOGIN_MESSAGE on CioStream socket to 172.16.96.116:60830: Link has been severed
APPSEV 1124797830 2005.08.23 R30-M0-N0-I:J18-U01 2005-08-23-04.50.30.223746 R30-M0-N0-I:J18-U01 RAS APP FATAL ciod: Error reading message prefix after LOGIN_MESSAGE on CioStream socket to 172.16.96.116:59886: Link has been severed
APPSEV 1124797830 2005.08.23 R37-M0-NC-I:J18-U11 2005-08-23-04.50.30.432559 R37-M0-NC-I:J18-U11 RAS APP FATAL ciod: Error reading message prefix after LOGIN_MESSAGE on CioStream socket to 172.16.96.116:60264: Link has been severed
APPSEV 1124797830 2005.08.23 R37-M1-N0-I:J18-U11 2005-08-23-04.50.30.617660 R37-M1-N0-I:J18-U11 RAS APP FATAL ciod: Error reading message prefix after LOGIN_MESSAGE on CioStream socket to 172.16.96.116:60526: Link has been severed
APPSEV 1124797831 2005.08.23 R33-M1-NC-I:J18-U11 2005-08-23-04.50.31.084377 R33-M1-NC-I:J18-U11 RAS APP FATAL ciod: Error reading message prefix after LOGIN_MESSAGE on CioStream socket to 172.16.96.116:60585: Link has been severed
APPSEV 1124797831 2005.08.23 R37-M1-N8-I:J18-U11 2005-08-23-04.50.31.448246 R37-M1-N8-I:J18-U11 RAS APP FATAL ciod: Error reading message prefix after LOGIN_MESSAGE on CioStream socket to 172.16.96.116:60522: Link has been severed
APPSEV 1124797831 2005.08.23 R37-M1-NC-I:J18-U11 2005-08-23-04.50.31.652386 R37-M1-NC-I:J18-U11 RAS APP FATAL ciod: Error reading message prefix after LOGIN_MESSAGE on CioStream socket to 172.16.96.116:60520: Link has been severed
APPSEV 1124797832 2005.08.23 R52-M1-N0-I:J18-U01 2005-08-23-04.50.32.125935 R52-M1-N0-I:J18-U01 RAS APP FATAL ciod: Error reading message prefix after LOGIN_MESSAGE on CioStream socket to 172.16.96.116:60087: Link has been severed
APPSEV 1124797832 2005.08.23 R27-M1-N8-I:J18-U11 2005-08-23-04.50.32.406839 R27-M1-N8-I:J18-U11 RAS APP FATAL ciod: Error reading message prefix after LOGIN_MESSAGE on CioStream socket to 172.16.96.116:60306: Link has been severed
APPSEV 1124797833 2005.08.23 R63-M1-NC-I:J18-U11 2005-08-23-04.50.33.524566 R63-M1-NC-I:J18-U11 RAS APP FATAL ciod: Error reading message prefix after LOGIN_MESSAGE on CioStream socket to 172.16.96.116:60352: Link has been severed
APPSEV 1124797833 2005.08.23 R21-M1-N4-I:J18-U11 2005-08-23-04.50.33.859829 R21-M1-N4-I:J18-U11 RAS APP FATAL ciod: Error reading message prefix after LOGIN_MESSAGE on CioStream socket to 172.16.96.116:60180: Link has been severed
APPSEV 1124797834 2005.08.23 R50-M0-NC-I:J18-U01 2005-08-23-04.50.34.045748 R50-M0-NC-I:J18-U01 RAS APP FATAL ciod: Error reading message prefix after LOGIN_MESSAGE on CioStream socket to 172.16.96.116:60658: Link has been severed
APPSEV 1124797835 2005.08.23 R45-M1-N0-I:J18-U11 2005-08-23-04.50.35.195762 R45-M1-N0-I:J18-U11 RAS APP FATAL ciod: Error reading message prefix after LOGIN_MESSAGE on CioStream socket to 172.16.96.116:60494: Link has been severed
APPSEV 1124797835 2005.08.23 R42-M1-N0-I:J18-U01 2005-08-23-04.50.35.650959 R42-M1-N0-I:J18-U01 RAS APP FATAL ciod: Error reading message prefix after LOGIN_MESSAGE on CioStream socket to 172.16.96.116:60890: Link has been severed
APPSEV 1124797835 2005.08.23 R20-M0-NC-I:J18-U11 2005-08-23-04.50.35.835466 R20-M0-NC-I:J18-U11 RAS APP FATAL ciod: Error reading message prefix after LOGIN_MESSAGE on CioStream socket to 172.16.96.116:60690: Link has been severed
APPSEV 1124797836 2005.08.23 R27-M0-NC-I:J18-U11 2005-08-23-04.50.36.021387 R27-M0-NC-I:J18-U11 RAS APP FATAL ciod: Error reading message prefix after LOGIN_MESSAGE on CioStream socket to 172.16.96.116:60560: Link has been severed
APPSEV 1124797836 2005.08.23 R40-M1-N0-I:J18-U01 2005-08-23-04.50.36.995526 R40-M1-N0-I:J18-U01 RAS APP FATAL ciod: Error reading message prefix after LOGIN_MESSAGE on CioStream socket to 172.16.96.116:60689: Link has been severed
KERNMC 1125126685 2005.08.27 R33-M0-N3-C:J09-U11 2005-08-27-00.11.25.435811 R33-M0-N3-C:J09-U11 RAS KERNEL FATAL machine check interrupt
KERNMC 1125183479 2005.08.27 R11-M1-N7-C:J06-U01 2005-08-27-15.57.59.399731 R11-M1-N7-C:J06-U01 RAS KERNEL FATAL machine check interrupt (bit=0x06): L3 major internal error
KERNSOCK 1125193505 2005.08.27 R70-M0-NC-I:J18-U11 2005-08-27-18.45.05.353572 R70-M0-NC-I:J18-U11 RAS KERNEL FATAL MailboxMonitor::serviceMailboxes() lib_ido_error: -1019 socket closed
KERNSOCK 1125193505 2005.08.27 R66-M1-NC-I:J18-U11 2005-08-27-18.45.05.733735 R66-M1-NC-I:J18-U11 RAS KERNEL FATAL MailboxMonitor::serviceMailboxes() lib_ido_error: -1019 socket closed
KERNSOCK 1125193505 2005.08.27 R62-M1-NC-I:J18-U11 2005-08-27-18.45.05.756534 R62-M1-NC-I:J18-U11 RAS KERNEL FATAL MailboxMonitor::serviceMailboxes() lib_ido_error: -1019 socket closed
KERNMC 1125198059 2005.08.27 R11-M1-N8-C:J10-U11 2005-08-27-20.00.59.251407 R11-M1-N8-C:J10-U11 RAS KERNEL FATAL machine check interrupt
KERNMC 1125251135 2005.08.28 R51-M1-N8-C:J16-U01 2005-08-28-10.45.35.167146 R51-M1-N8-C:J16-U01 RAS KERNEL FATAL machine check interrupt (bit=0x06): L3 major internal error
KERNRTSP 1125284361 2005.08.28 R63-M0-N3-C:J14-U01 2005-08-28-19.59.21.072178 R63-M0-N3-C:J14-U01 RAS KERNEL FATAL rts panic! - stopping execution
KERNRTSP 1125284361 2005.08.28 R63-M0-N2-C:J03-U01 2005-08-28-19.59.21.460776 R63-M0-N2-C:J03-U01 RAS KERNEL FATAL rts panic! - stopping execution
KERNRTSP 1125284361 2005.08.28 R63-M0-N2-C:J04-U11 2005-08-28-19.59.21.515755 R63-M0-N2-C:J04-U11 RAS KERNEL FATAL rts panic! - stopping execution
KERNRTSP 1125284362 2005.08.28 R63-M0-N8-C:J03-U01 2005-08-28-19.59.22.734622 R63-M0-N8-C:J03-U01 RAS KERNEL FATAL rts panic! - stopping execution
KERNRTSP 1125284364 2005.08.28 R63-M0-N2-C:J05-U01 2005-08-28-19.59.24.850759 R63-M0-N2-C:J05-U01 RAS KERNEL FATAL rts panic! - stopping execution
KERNRTSP 1125284364 2005.08.28 R63-M0-N2-C:J04-U01 2005-08-28-19.59.24.899548 R63-M0-N2-C:J04-U01 RAS KERNEL FATAL rts panic! - stopping execution
KERNRTSP 1125284364 2005.08.28 R63-M0-N2-C:J02-U11 2005-08-28-19.59.24.934012 R63-M0-N2-C:J02-U11 RAS KERNEL FATAL rts panic! - stopping execution
KERNRTSP 1125284364 2005.08.28 R63-M0-NA-C:J05-U11 2005-08-28-19.59.24.987967 R63-M0-NA-C:J05-U11 RAS KERNEL FATAL rts panic! - stopping execution
KERNRTSP 1125284365 2005.08.28 R63-M0-NA-C:J04-U11 2005-08-28-19.59.25.024089 R63-M0-NA-C:J04-U11 RAS KERNEL FATAL rts panic! - stopping execution
KERNRTSP 1125284365 2005.08.28 R63-M0-N6-C:J03-U01 2005-08-28-19.59.25.128792 R63-M0-N6-C:J03-U01 RAS KERNEL FATAL rts panic! - stopping execution
KERNRTSP 1125284365 2005.08.28 R63-M0-N6-C:J02-U01 2005-08-28-19.59.25.215352 R63-M0-N6-C:J02-U01 RAS KERNEL FATAL rts panic! - stopping execution
KERNRTSP 1125284365 2005.08.28 R63-M0-NE-C:J03-U01 2005-08-28-19.59.25.528745 R63-M0-NE-C:J03-U01 RAS KERNEL FATAL rts panic! - stopping execution
KERNRTSP 1125284365 2005.08.28 R63-M0-NE-C:J03-U11 2005-08-28-19.59.25.571893 R63-M0-NE-C:J03-U11 RAS KERNEL FATAL rts panic! - stopping execution
KERNRTSP 1125284365 2005.08.28 R63-M0-NE-C:J02-U11 2005-08-28-19.59.25.693880 R63-M0-NE-C:J02-U11 RAS KERNEL FATAL rts panic! - stopping execution
KERNRTSP 1125284365 2005.08.28 R63-M0-NC-C:J03-U01 2005-08-28-19.59.25.811380 R63-M0-NC-C:J03-U01 RAS KERNEL FATAL rts panic! - stopping execution
KERNRTSP 1125284365 2005.08.28 R63-M0-NC-C:J03-U11 2005-08-28-19.59.25.864118 R63-M0-NC-C:J03-U11 RAS KERNEL FATAL rts panic! - stopping execution
KERNRTSP 1125284365 2005.08.28 R63-M0-NC-C:J04-U11 2005-08-28-19.59.25.984128 R63-M0-NC-C:J04-U11 RAS KERNEL FATAL rts panic! - stopping execution
KERNRTSP 1125284366 2005.08.28 R63-M0-N8-C:J05-U01 2005-08-28-19.59.26.037522 R63-M0-N8-C:J05-U01 RAS KERNEL FATAL rts panic! - stopping execution
KERNRTSP 1125284366 2005.08.28 R63-M0-N8-C:J04-U11 2005-08-28-19.59.26.265084 R63-M0-N8-C:J04-U11 RAS KERNEL FATAL rts panic! - stopping execution
KERNRTSP 1125284366 2005.08.28 R63-M0-N4-C:J05-U01 2005-08-28-19.59.26.301079 R63-M0-N4-C:J05-U01 RAS KERNEL FATAL rts panic! - stopping execution
KERNRTSP 1125284366 2005.08.28 R63-M0-N4-C:J04-U01 2005-08-28-19.59.26.407979 R63-M0-N4-C:J04-U01 RAS KERNEL FATAL rts panic! - stopping execution
KERNRTSP 1125284366 2005.08.28 R63-M0-N4-C:J02-U01 2005-08-28-19.59.26.515818 R63-M0-N4-C:J02-U01 RAS KERNEL FATAL rts panic! - stopping execution
KERNMNTF 1125575365 2005.09.01 R02-M1-N4-I:J18-U11 2005-09-01-04.49.25.141185 R02-M1-N4-I:J18-U11 RAS KERNEL FATAL Lustre mount FAILED : bglio39 : point /p/gb1
KERNMNTF 1125575365 2005.09.01 R12-M0-N0-I:J18-U11 2005-09-01-04.49.25.147547 R12-M0-N0-I:J18-U11 RAS KERNEL FATAL Lustre mount FAILED : bglio161 : point /p/gb1
KERNMNTF 1125575365 2005.09.01 R45-M1-N8-I:J18-U01 2005-09-01-04.49.25.150166 R45-M1-N8-I:J18-U01 RAS KERNEL FATAL Lustre mount FAILED : bglio606 : point /p/gb1
KERNMNTF 1125575365 2005.09.01 R41-M0-N4-I:J18-U11 2005-09-01-04.49.25.153395 R41-M0-N4-I:J18-U11 RAS KERNEL FATAL Lustre mount FAILED : bglio531 : point /p/gb1
KERNMNTF 1125575365 2005.09.01 R76-M0-NC-I:J18-U11 2005-09-01-04.49.25.175808 R76-M0-NC-I:J18-U11 RAS KERNEL FATAL Lustre mount FAILED : bglio1003 : point /p/gb1
KERNMNTF 1125575365 2005.09.01 R02-M1-N4-I:J18-U01 2005-09-01-04.49.25.237271 R02-M1-N4-I:J18-U01 RAS KERNEL FATAL Lustre mount FAILED : bglio40 : point /p/gb1
KERNMNTF 1125575365 2005.09.01 R60-M0-N0-I:J18-U01 2005-09-01-04.49.25.266746 R60-M0-N0-I:J18-U01 RAS KERNEL FATAL Lustre mount FAILED : bglio770 : point /p/gb1
KERNMNTF 1125575365 2005.09.01 R12-M0-N0-I:J18-U01 2005-09-01-04.49.25.277889 R12-M0-N0-I:J18-U01 RAS KERNEL FATAL Lustre mount FAILED : bglio162 : point /p/gb1
KERNMNTF 1125575365 2005.09.01 R41-M0-N4-I:J18-U01 2005-09-01-04.49.25.280366 R41-M0-N4-I:J18-U01 RAS KERNEL FATAL Lustre mount FAILED : bglio532 : point /p/gb1
KERNMNTF 1125575365 2005.09.01 R65-M1-N0-I:J18-U01 2005-09-01-04.49.25.285103 R65-M1-N0-I:J18-U01 RAS KERNEL FATAL Lustre mount FAILED : bglio854 : point /p/gb1
KERNMNTF 1125575365 2005.09.01 R33-M1-NC-I:J18-U11 2005-09-01-04.49.25.287459 R33-M1-NC-I:J18-U11 RAS KERNEL FATAL Lustre mount FAILED : bglio447 : point /p/gb1
KERNMNTF 1125575365 2005.09.01 R14-M1-NC-I:J18-U01 2005-09-01-04.49.25.294013 R14-M1-NC-I:J18-U01 RAS KERNEL FATAL Lustre mount FAILED : bglio208 : point /p/gb1
KERNMNTF 1125575365 2005.09.01 R12-M0-N8-I:J18-U11 2005-09-01-04.49.25.367499 R12-M0-N8-I:J18-U11 RAS KERNEL FATAL Lustre mount FAILED : bglio169 : point /p/gb1
KERNMNTF 1125575365 2005.09.01 R60-M0-N8-I:J18-U11 2005-09-01-04.49.25.374844 R60-M0-N8-I:J18-U11 RAS KERNEL FATAL Lustre mount FAILED : bglio777 : point /p/gb1
KERNMNTF 1125575365 2005.09.01 R31-M1-NC-I:J18-U01 2005-09-01-04.49.25.382098 R31-M1-NC-I:J18-U01 RAS KERNEL FATAL Lustre mount FAILED : bglio416 : point /p/gb1
KERNMNTF 1125575365 2005.09.01 R14-M1-N8-I:J18-U11 2005-09-01-04.49.25.392121 R14-M1-N8-I:J18-U11 RAS KERNEL FATAL Lustre mount FAILED : bglio205 : point /p/gb1
KERNMNTF 1125575365 2005.09.01 R56-M1-N4-I:J18-U01 2005-09-01-04.49.25.401705 R56-M1-N4-I:J18-U01 RAS KERNEL FATAL Lustre mount FAILED : bglio744 : point /p/gb1
KERNMNTF 1125575365 2005.09.01 R21-M1-NC-I:J18-U01 2005-09-01-04.49.25.406173 R21-M1-NC-I:J18-U01 RAS KERNEL FATAL Lustre mount FAILED : bglio288 : point /p/gb1
KERNMNTF 1125575365 2005.09.01 R20-M0-N4-I:J18-U11 2005-09-01-04.49.25.448751 R20-M0-N4-I:J18-U11 RAS KERNEL FATAL Lustre mount FAILED : bglio259 : point /p/gb1
KERNMNTF 1125575365 2005.09.01 R33-M1-N8-I:J18-U11 2005-09-01-04.49.25.491545 R33-M1-N8-I:J18-U11 RAS KERNEL FATAL Lustre mount FAILED : bglio445 : point /p/gb1
KERNMNTF 1125575365 2005.09.01 R12-M0-N8-I:J18-U01 2005-09-01-04.49.25.515543 R12-M0-N8-I:J18-U01 RAS KERNEL FATAL Lustre mount FAILED : bglio170 : point /p/gb1
KERNMNTF 1125575365 2005.09.01 R41-M0-N0-I:J18-U11 2005-09-01-04.49.25.519988 R41-M0-N0-I:J18-U11 RAS KERNEL FATAL Lustre mount FAILED : bglio529 : point /p/gb1
KERNMNTF 1125575365 2005.09.01 R56-M1-NC-I:J18-U11 2005-09-01-04.49.25.524118 R56-M1-NC-I:J18-U11 RAS KERNEL FATAL Lustre mount FAILED : bglio751 : point /p/gb1
KERNMNTF 1125575365 2005.09.01 R37-M0-N8-I:J18-U01 2005-09-01-04.49.25.530829 R37-M0-N8-I:J18-U01 RAS KERNEL FATAL Lustre mount FAILED : bglio506 : point /p/gb1
KERNMNTF 1125575365 2005.09.01 R21-M1-N8-I:J18-U11 2005-09-01-04.49.25.533859 R21-M1-N8-I:J18-U11 RAS KERNEL FATAL Lustre mount FAILED : bglio285 : point /p/gb1
KERNRTSP 1125734982 2005.09.03 R05-M1-N3-C:J16-U11 2005-09-03-01.09.42.297972 R05-M1-N3-C:J16-U11 RAS KERNEL FATAL rts panic! - stopping execution
KERNMNTF 1125759475 2005.09.03 R66-M1-NC-I:J18-U11 2005-09-03-07.57.55.300309 R66-M1-NC-I:J18-U11 RAS KERNEL FATAL Lustre mount FAILED : bglio879 : point /p/gb1
KERNMNTF 1125759475 2005.09.03 R60-M1-NC-I:J18-U11 2005-09-03-07.57.55.982674 R60-M1-NC-I:J18-U11 RAS KERNEL FATAL Lustre mount FAILED : bglio783 : point /p/gb1
KERNMNTF 1125759476 2005.09.03 R62-M1-N8-I:J18-U01 2005-09-03-07.57.56.476696 R62-M1-N8-I:J18-U01 RAS KERNEL FATAL Lustre mount FAILED : bglio814 : point /p/gb1
KERNMNTF 1125759476 2005.09.03 R66-M1-N8-I:J18-U01 2005-09-03-07.57.56.595265 R66-M1-N8-I:J18-U01 RAS KERNEL FATAL Lustre mount FAILED : bglio878 : point /p/gb1
KERNMNTF 1125759476 2005.09.03 R66-M1-NC-I:J18-U01 2005-09-03-07.57.56.663577 R66-M1-NC-I:J18-U01 RAS KERNEL FATAL Lustre mount FAILED : bglio880 : point /p/gb1
KERNMNTF 1125759476 2005.09.03 R66-M1-N8-I:J18-U11 2005-09-03-07.57.56.943116 R66-M1-N8-I:J18-U11 RAS KERNEL FATAL Lustre mount FAILED : bglio877 : point /p/gb1
KERNMNTF 1125759477 2005.09.03 R66-M1-N4-I:J18-U01 2005-09-03-07.57.57.276776 R66-M1-N4-I:J18-U01 RAS KERNEL FATAL Lustre mount FAILED : bglio872 : point /p/gb1
KERNMNTF 1125759477 2005.09.03 R60-M1-N8-I:J18-U01 2005-09-03-07.57.57.352581 R60-M1-N8-I:J18-U01 RAS KERNEL FATAL Lustre mount FAILED : bglio782 : point /p/gb1
KERNMNTF 1125759477 2005.09.03 R66-M1-N0-I:J18-U01 2005-09-03-07.57.57.477991 R66-M1-N0-I:J18-U01 RAS KERNEL FATAL Lustre mount FAILED : bglio870 : point /p/gb1
KERNMNTF 1126051539 2005.09.06 R74-M1-NC-I:J18-U11 2005-09-06-17.05.39.620977 R74-M1-NC-I:J18-U11 RAS KERNEL FATAL Lustre mount FAILED : bglio975 : point /p/gb1
KERNMNTF 1126051539 2005.09.06 R74-M1-N8-I:J18-U11 2005-09-06-17.05.39.800526 R74-M1-N8-I:J18-U11 RAS KERNEL FATAL Lustre mount FAILED : bglio973 : point /p/gb1
KERNMNTF 1126051539 2005.09.06 R74-M1-N8-I:J18-U01 2005-09-06-17.05.39.895915 R74-M1-N8-I:J18-U01 RAS KERNEL FATAL Lustre mount FAILED : bglio974 : point /p/gb1
KERNMNTF 1126051540 2005.09.06 R72-M1-N8-I:J18-U01 2005-09-06-17.05.40.076441 R72-M1-N8-I:J18-U01 RAS KERNEL FATAL Lustre mount FAILED : bglio942 : point /p/gb1
KERNMNTF 1126051540 2005.09.06 R72-M1-N4-I:J18-U11 2005-09-06-17.05.40.165041 R72-M1-N4-I:J18-U11 RAS KERNEL FATAL Lustre mount FAILED : bglio935 : point /p/gb1
KERNMNTF 1126051540 2005.09.06 R22-M1-NC-I:J18-U11 2005-09-06-17.05.40.208694 R22-M1-NC-I:J18-U11 RAS KERNEL FATAL Lustre mount FAILED : bglio303 : point /p/gb1
KERNMNTF 1126051540 2005.09.06 R72-M1-N0-I:J18-U11 2005-09-06-17.05.40.322467 R72-M1-N0-I:J18-U11 RAS KERNEL FATAL Lustre mount FAILED : bglio933 : point /p/gb1
KERNMNTF 1126051540 2005.09.06 R20-M1-N0-I:J18-U01 2005-09-06-17.05.40.404621 R20-M1-N0-I:J18-U01 RAS KERNEL FATAL Lustre mount FAILED : bglio262 : point /p/gb1
KERNMNTF 1126051540 2005.09.06 R76-M1-NC-I:J18-U01 2005-09-06-17.05.40.505924 R76-M1-NC-I:J18-U01 RAS KERNEL FATAL Lustre mount FAILED : bglio1008 : point /p/gb1
KERNMNTF 1126051540 2005.09.06 R45-M1-N0-I:J18-U11 2005-09-06-17.05.40.570940 R45-M1-N0-I:J18-U11 RAS KERNEL FATAL Lustre mount FAILED : bglio597 : point /p/gb1
KERNMNTF 1126051540 2005.09.06 R30-M0-N0-I:J18-U01 2005-09-06-17.05.40.618314 R30-M0-N0-I:J18-U01 RAS KERNEL FATAL Lustre mount FAILED : bglio386 : point /p/gb1
KERNMNTF 1126051540 2005.09.06 R24-M1-NC-I:J18-U11 2005-09-06-17.05.40.768095 R24-M1-NC-I:J18-U11 RAS KERNEL FATAL Lustre mount FAILED : bglio335 : point /p/gb1
KERNMNTF 1126051540 2005.09.06 R76-M1-N0-I:J18-U01 2005-09-06-17.05.40.840649 R76-M1-N0-I:J18-U01 RAS KERNEL FATAL Lustre mount FAILED : bglio998 : point /p/gb1
KERNMNTF 1126051540 2005.09.06 R41-M1-N8-I:J18-U01 2005-09-06-17.05.40.917423 R41-M1-N8-I:J18-U01 RAS KERNEL FATAL Lustre mount FAILED : bglio542 : point /p/gb1
KERNMNTF 1126051541 2005.09.06 R20-M1-N8-I:J18-U01 2005-09-06-17.05.41.053359 R20-M1-N8-I:J18-U01 RAS KERNEL FATAL Lustre mount FAILED : bglio270 : point /p/gb1
KERNMNTF 1126051541 2005.09.06 R20-M1-NC-I:J18-U01 2005-09-06-17.05.41.147923 R20-M1-NC-I:J18-U01 RAS KERNEL FATAL Lustre mount FAILED : bglio272 : point /p/gb1
KERNMNTF 1126051543 2005.09.06 R51-M1-N8-I:J18-U11 2005-09-06-17.05.43.263527 R51-M1-N8-I:J18-U11 RAS KERNEL FATAL Lustre mount FAILED : bglio669 : point /p/gb1
KERNMNTF 1126051543 2005.09.06 R55-M1-N0-I:J18-U01 2005-09-06-17.05.43.467660 R55-M1-N0-I:J18-U01 RAS KERNEL FATAL Lustre mount FAILED : bglio726 : point /p/gb1
KERNMNTF 1126051543 2005.09.06 R40-M1-N4-I:J18-U01 2005-09-06-17.05.43.630361 R40-M1-N4-I:J18-U01 RAS KERNEL FATAL Lustre mount FAILED : bglio520 : point /p/gb1
KERNMNTF 1126051544 2005.09.06 R42-M0-N4-I:J18-U01 2005-09-06-17.05.44.109580 R42-M0-N4-I:J18-U01 RAS KERNEL FATAL Lustre mount FAILED : bglio548 : point /p/gb1
KERNMNTF 1126051544 2005.09.06 R42-M0-N0-I:J18-U11 2005-09-06-17.05.44.275670 R42-M0-N0-I:J18-U11 RAS KERNEL FATAL Lustre mount FAILED : bglio545 : point /p/gb1
KERNMNTF 1126051544 2005.09.06 R52-M1-N0-I:J18-U11 2005-09-06-17.05.44.402124 R52-M1-N0-I:J18-U11 RAS KERNEL FATAL Lustre mount FAILED : bglio677 : point /p/gb1
KERNMNTF 1126051544 2005.09.06 R50-M1-NC-I:J18-U11 2005-09-06-17.05.44.738410 R50-M1-NC-I:J18-U11 RAS KERNEL FATAL Lustre mount FAILED : bglio655 : point /p/gb1
KERNMNTF 1126051544 2005.09.06 R47-M0-N0-I:J18-U01 2005-09-06-17.05.44.881924 R47-M0-N0-I:J18-U01 RAS KERNEL FATAL Lustre mount FAILED : bglio626 : point /p/gb1
KERNMNTF 1126051545 2005.09.06 R52-M1-N4-I:J18-U01 2005-09-06-17.05.45.049562 R52-M1-N4-I:J18-U01 RAS KERNEL FATAL Lustre mount FAILED : bglio680 : point /p/gb1
KERNMC 1126336393 2005.09.10 R73-M0-N9-C:J07-U01 2005-09-10-00.13.13.426931 R73-M0-N9-C:J07-U01 RAS KERNEL FATAL machine check interrupt (bit=0x1d): L2 dcache unit data parity error
KERNMC 1126347832 2005.09.10 R70-M1-N4-C:J09-U11 2005-09-10-03.23.52.372493 R70-M1-N4-C:J09-U11 RAS KERNEL FATAL machine check interrupt (bit=0x1d): L2 dcache unit data parity error
KERNRTSP 1126347896 2005.09.10 R70-M1-N4-C:J09-U11 2005-09-10-03.24.56.427239 R70-M1-N4-C:J09-U11 RAS KERNEL FATAL rts panic! - stopping execution
APPSEV 1126351008 2005.09.10 R22-M1-NC-I:J18-U01 2005-09-10-04.16.48.782196 R22-M1-NC-I:J18-U01 RAS APP FATAL ciod: Error reading message prefix after LOGIN_MESSAGE on CioStream socket to 172.16.96.116:42832: Link has been severed
APPSEV 1126351060 2005.09.10 R77-M0-N0-I:J18-U01 2005-09-10-04.17.40.970251 R77-M0-N0-I:J18-U01 RAS APP FATAL ciod: Error reading message prefix after LOGIN_MESSAGE on CioStream socket to 172.16.96.116:43006: Link has been severed
APPSEV 1126351061 2005.09.10 R77-M0-NC-I:J18-U01 2005-09-10-04.17.41.262118 R77-M0-NC-I:J18-U01 RAS APP FATAL ciod: Error reading message prefix after LOGIN_MESSAGE on CioStream socket to 172.16.96.116:43000: Link has been severed
APPSEV 1126351061 2005.09.10 R77-M1-N4-I:J18-U01 2005-09-10-04.17.41.500561 R77-M1-N4-I:J18-U01 RAS APP FATAL ciod: Error reading message prefix after LOGIN_MESSAGE on CioStream socket to 172.16.96.116:43260: Link has been severed
APPSEV 1126351061 2005.09.10 R77-M0-N8-I:J18-U01 2005-09-10-04.17.41.691960 R77-M0-N8-I:J18-U01 RAS APP FATAL ciod: Error reading message prefix after LOGIN_MESSAGE on CioStream socket to 172.16.96.116:43002: Link has been severed
APPSEV 1126351061 2005.09.10 R77-M1-N0-I:J18-U01 2005-09-10-04.17.41.878554 R77-M1-N0-I:J18-U01 RAS APP FATAL ciod: Error reading message prefix after LOGIN_MESSAGE on CioStream socket to 172.16.96.116:43262: Link has been severed
APPSEV 1126351062 2005.09.10 R77-M0-N4-I:J18-U01 2005-09-10-04.17.42.072915 R77-M0-N4-I:J18-U01 RAS APP FATAL ciod: Error reading message prefix after LOGIN_MESSAGE on CioStream socket to 172.16.96.116:43004: Link has been severed
APPSEV 1126351062 2005.09.10 R77-M1-NC-I:J18-U01 2005-09-10-04.17.42.254641 R77-M1-NC-I:J18-U01 RAS APP FATAL ciod: Error reading message prefix after LOGIN_MESSAGE on CioStream socket to 172.16.96.116:43256: Link has been severed
APPSEV 1126351062 2005.09.10 R77-M1-N8-I:J18-U01 2005-09-10-04.17.42.458532 R77-M1-N8-I:J18-U01 RAS APP FATAL ciod: Error reading message prefix after LOGIN_MESSAGE on CioStream socket to 172.16.96.116:43258: Link has been severed
APPSEV 1126351062 2005.09.10 R40-M1-NC-I:J18-U01 2005-09-10-04.17.42.637574 R40-M1-NC-I:J18-U01 RAS APP FATAL ciod: Error reading message prefix after LOGIN_MESSAGE on CioStream socket to 172.16.96.116:43400: Link has been severed
APPSEV 1126351062 2005.09.10 R41-M1-N0-I:J18-U01 2005-09-10-04.17.42.817954 R41-M1-N0-I:J18-U01 RAS APP FATAL ciod: Error reading message prefix after LOGIN_MESSAGE on CioStream socket to 172.16.96.116:43150: Link has been severed
APPSEV 1126351063 2005.09.10 R41-M0-NC-I:J18-U01 2005-09-10-04.17.43.008622 R41-M0-NC-I:J18-U01 RAS APP FATAL ciod: Error reading message prefix after LOGIN_MESSAGE on CioStream socket to 172.16.96.116:42888: Link has been severed
APPSEV 1126351063 2005.09.10 R41-M1-N4-I:J18-U01 2005-09-10-04.17.43.188639 R41-M1-N4-I:J18-U01 RAS APP FATAL ciod: Error reading message prefix after LOGIN_MESSAGE on CioStream socket to 172.16.96.116:43148: Link has been severed
APPSEV 1126351063 2005.09.10 R54-M1-N0-I:J18-U01 2005-09-10-04.17.43.373477 R54-M1-N0-I:J18-U01 RAS APP FATAL ciod: Error reading message prefix after LOGIN_MESSAGE on CioStream socket to 172.16.96.116:42678: Link has been severed
APPSEV 1126351063 2005.09.10 R54-M1-N8-I:J18-U01 2005-09-10-04.17.43.568575 R54-M1-N8-I:J18-U01 RAS APP FATAL ciod: Error reading message prefix after LOGIN_MESSAGE on CioStream socket to 172.16.96.116:42674: Link has been severed
APPSEV 1126351063 2005.09.10 R53-M0-N4-I:J18-U01 2005-09-10-04.17.43.764142 R53-M0-N4-I:J18-U01 RAS APP FATAL ciod: Error reading message prefix after LOGIN_MESSAGE on CioStream socket to 172.16.96.116:43316: Link has been severed
APPSEV 1126351063 2005.09.10 R41-M0-N8-I:J18-U01 2005-09-10-04.17.43.943210 R41-M0-N8-I:J18-U01 RAS APP FATAL ciod: Error reading message prefix after LOGIN_MESSAGE on CioStream socket to 172.16.96.116:42890: Link has been severed
APPSEV 1126351064 2005.09.10 R41-M0-N4-I:J18-U01 2005-09-10-04.17.44.122719 R41-M0-N4-I:J18-U01 RAS APP FATAL ciod: Error reading message prefix after LOGIN_MESSAGE on CioStream socket to 172.16.96.116:42892: Link has been severed
APPSEV 1126351064 2005.09.10 R53-M0-NC-I:J18-U01 2005-09-10-04.17.44.319219 R53-M0-NC-I:J18-U01 RAS APP FATAL ciod: Error reading message prefix after LOGIN_MESSAGE on CioStream socket to 172.16.96.116:43312: Link has been severed
APPSEV 1126351064 2005.09.10 R54-M0-N4-I:J18-U01 2005-09-10-04.17.44.522660 R54-M0-N4-I:J18-U01 RAS APP FATAL ciod: Error reading message prefix after LOGIN_MESSAGE on CioStream socket to 172.16.96.116:43444: Link has been severed
APPSEV 1126351064 2005.09.10 R54-M0-N0-I:J18-U01 2005-09-10-04.17.44.713696 R54-M0-N0-I:J18-U01 RAS APP FATAL ciod: Error reading message prefix after LOGIN_MESSAGE on CioStream socket to 172.16.96.116:43446: Link has been severed
APPSEV 1126351064 2005.09.10 R56-M0-N0-I:J18-U01 2005-09-10-04.17.44.904879 R56-M0-N0-I:J18-U01 RAS APP FATAL ciod: Error reading message prefix after LOGIN_MESSAGE on CioStream socket to 172.16.96.116:43510: Link has been severed
APPSEV 1126351065 2005.09.10 R55-M1-NC-I:J18-U01 2005-09-10-04.17.45.115297 R55-M1-NC-I:J18-U01 RAS APP FATAL ciod: Error reading message prefix after LOGIN_MESSAGE on CioStream socket to 172.16.96.116:42928: Link has been severed
APPSEV 1126351065 2005.09.10 R53-M1-N8-I:J18-U01 2005-09-10-04.17.45.337441 R53-M1-N8-I:J18-U01 RAS APP FATAL ciod: Error reading message prefix after LOGIN_MESSAGE on CioStream socket to 172.16.96.116:43058: Link has been severed
APPSEV 1126351065 2005.09.10 R56-M1-N0-I:J18-U01 2005-09-10-04.17.45.570129 R56-M1-N0-I:J18-U01 RAS APP FATAL ciod: Error reading message prefix after LOGIN_MESSAGE on CioStream socket to 172.16.96.116:42742: Link has been severed
APPSEV 1126351065 2005.09.10 R56-M1-N4-I:J18-U01 2005-09-10-04.17.45.778706 R56-M1-N4-I:J18-U01 RAS APP FATAL ciod: Error reading message prefix after LOGIN_MESSAGE on CioStream socket to 172.16.96.116:42740: Link has been severed
APPSEV 1126351066 2005.09.10 R56-M0-N8-I:J18-U01 2005-09-10-04.17.46.163853 R56-M0-N8-I:J18-U01 RAS APP FATAL ciod: Error reading message prefix after LOGIN_MESSAGE on CioStream socket to 172.16.96.116:43506: Link has been severed
APPSEV 1126351066 2005.09.10 R56-M0-N4-I:J18-U01 2005-09-10-04.17.46.460514 R56-M0-N4-I:J18-U01 RAS APP FATAL ciod: Error reading message prefix after LOGIN_MESSAGE on CioStream socket to 172.16.96.116:43508: Link has been severed
APPSEV 1126351066 2005.09.10 R55-M1-N4-I:J18-U01 2005-09-10-04.17.46.677187 R55-M1-N4-I:J18-U01 RAS APP FATAL ciod: Error reading message prefix after LOGIN_MESSAGE on CioStream socket to 172.16.96.116:42932: Link has been severed
APPSEV 1126351066 2005.09.10 R51-M1-N0-I:J18-U01 2005-09-10-04.17.46.881430 R51-M1-N0-I:J18-U01 RAS APP FATAL ciod: Error reading message prefix after LOGIN_MESSAGE on CioStream socket to 172.16.96.116:42870: Link has been severed
APPSEV 1126351067 2005.09.10 R55-M0-N0-I:J18-U01 2005-09-10-04.17.47.083643 R55-M0-N0-I:J18-U01 RAS APP FATAL ciod: Error reading message prefix after LOGIN_MESSAGE on CioStream socket to 172.16.96.116:43190: Link has been severed
APPSEV 1126351067 2005.09.10 R51-M1-NC-I:J18-U01 2005-09-10-04.17.47.293530 R51-M1-NC-I:J18-U01 RAS APP FATAL ciod: Error reading message prefix after LOGIN_MESSAGE on CioStream socket to 172.16.96.116:42864: Link has been severed
APPSEV 1126351067 2005.09.10 R54-M1-NC-I:J18-U01 2005-09-10-04.17.47.503430 R54-M1-NC-I:J18-U01 RAS APP FATAL ciod: Error reading message prefix after LOGIN_MESSAGE on CioStream socket to 172.16.96.116:42672: Link has been severed
APPSEV 1126351067 2005.09.10 R54-M1-N4-I:J18-U01 2005-09-10-04.17.47.724184 R54-M1-N4-I:J18-U01 RAS APP FATAL ciod: Error reading message prefix after LOGIN_MESSAGE on CioStream socket to 172.16.96.116:42676: Link has been severed
APPSEV 1126351067 2005.09.10 R53-M0-N8-I:J18-U01 2005-09-10-04.17.47.945212 R53-M0-N8-I:J18-U01 RAS APP FATAL ciod: Error reading message prefix after LOGIN_MESSAGE on CioStream socket to 172.16.96.116:43314: Link has been severed
APPSEV 1126351068 2005.09.10 R53-M0-N0-I:J18-U01 2005-09-10-04.17.48.160146 R53-M0-N0-I:J18-U01 RAS APP FATAL ciod: Error reading message prefix after LOGIN_MESSAGE on CioStream socket to 172.16.96.116:43318: Link has been severed
APPSEV 1126351068 2005.09.10 R56-M0-NC-I:J18-U01 2005-09-10-04.17.48.387585 R56-M0-NC-I:J18-U01 RAS APP FATAL ciod: Error reading message prefix after LOGIN_MESSAGE on CioStream socket to 172.16.96.116:43504: Link has been severed
APPSEV 1126351068 2005.09.10 R51-M1-N4-I:J18-U01 2005-09-10-04.17.48.609937 R51-M1-N4-I:J18-U01 RAS APP FATAL ciod: Error reading message prefix after LOGIN_MESSAGE on CioStream socket to 172.16.96.116:42868: Link has been severed
APPSEV 1126351068 2005.09.10 R53-M1-N4-I:J18-U01 2005-09-10-04.17.48.826015 R53-M1-N4-I:J18-U01 RAS APP FATAL ciod: Error reading message prefix after LOGIN_MESSAGE on CioStream socket to 172.16.96.116:43060: Link has been severed
APPSEV 1126351069 2005.09.10 R53-M1-N0-I:J18-U01 2005-09-10-04.17.49.023056 R53-M1-N0-I:J18-U01 RAS APP FATAL ciod: Error reading message prefix after LOGIN_MESSAGE on CioStream socket to 172.16.96.116:43062: Link has been severed
APPSEV 1126351069 2005.09.10 R53-M1-NC-I:J18-U01 2005-09-10-04.17.49.202587 R53-M1-NC-I:J18-U01 RAS APP FATAL ciod: Error reading message prefix after LOGIN_MESSAGE on CioStream socket to 172.16.96.116:43056: Link has been severed
APPSEV 1126351069 2005.09.10 R55-M0-N4-I:J18-U01 2005-09-10-04.17.49.393786 R55-M0-N4-I:J18-U01 RAS APP FATAL ciod: Error reading message prefix after LOGIN_MESSAGE on CioStream socket to 172.16.96.116:43188: Link has been severed
APPSEV 1126351069 2005.09.10 R55-M0-N8-I:J18-U01 2005-09-10-04.17.49.583609 R55-M0-N8-I:J18-U01 RAS APP FATAL ciod: Error reading message prefix after LOGIN_MESSAGE on CioStream socket to 172.16.96.116:43186: Link has been severed
APPSEV 1126351069 2005.09.10 R45-M1-N8-I:J18-U01 2005-09-10-04.17.49.781046 R45-M1-N8-I:J18-U01 RAS APP FATAL ciod: Error reading message prefix after LOGIN_MESSAGE on CioStream socket to 172.16.96.116:43210: Link has been severed
APPSEV 1126351069 2005.09.10 R45-M0-N8-I:J18-U01 2005-09-10-04.17.49.961685 R45-M0-N8-I:J18-U01 RAS APP FATAL ciod: Error reading message prefix after LOGIN_MESSAGE on CioStream socket to 172.16.96.116:42954: Link has been severed
APPSEV 1126351070 2005.09.10 R45-M1-N4-I:J18-U01 2005-09-10-04.17.50.151899 R45-M1-N4-I:J18-U01 RAS APP FATAL ciod: Error reading message prefix after LOGIN_MESSAGE on CioStream socket to 172.16.96.116:43212: Link has been severed
APPSEV 1126351070 2005.09.10 R44-M1-N8-I:J18-U01 2005-09-10-04.17.50.339146 R44-M1-N8-I:J18-U01 RAS APP FATAL ciod: Error reading message prefix after LOGIN_MESSAGE on CioStream socket to 172.16.96.116:43466: Link has been severed
APPSEV 1126351070 2005.09.10 R41-M1-NC-I:J18-U01 2005-09-10-04.17.50.517128 R41-M1-NC-I:J18-U01 RAS APP FATAL ciod: Error reading message prefix after LOGIN_MESSAGE on CioStream socket to 172.16.96.116:43144: Link has been severed
APPSEV 1126351070 2005.09.10 R44-M0-N8-I:J18-U01 2005-09-10-04.17.50.704114 R44-M0-N8-I:J18-U01 RAS APP FATAL ciod: Error reading message prefix after LOGIN_MESSAGE on CioStream socket to 172.16.96.116:42698: Link has been severed
APPSEV 1126351070 2005.09.10 R44-M0-NC-I:J18-U01 2005-09-10-04.17.50.913822 R44-M0-NC-I:J18-U01 RAS APP FATAL ciod: Error reading message prefix after LOGIN_MESSAGE on CioStream socket to 172.16.96.116:42696: Link has been severed
APPSEV 1126351071 2005.09.10 R35-M1-N0-I:J18-U01 2005-09-10-04.17.51.161849 R35-M1-N0-I:J18-U01 RAS APP FATAL ciod: Error reading message prefix after LOGIN_MESSAGE on CioStream socket to 172.16.96.116:43182: Link has been severed
APPSEV 1126351071 2005.09.10 R44-M0-N0-I:J18-U01 2005-09-10-04.17.51.470151 R44-M0-N0-I:J18-U01 RAS APP FATAL ciod: Error reading message prefix after LOGIN_MESSAGE on CioStream socket to 172.16.96.116:42702: Link has been severed
APPSEV 1126351071 2005.09.10 R44-M1-NC-I:J18-U01 2005-09-10-04.17.51.659552 R44-M1-NC-I:J18-U01 RAS APP FATAL ciod: Error reading message prefix after LOGIN_MESSAGE on CioStream socket to 172.16.96.116:43464: Link has been severed
APPSEV 1126351071 2005.09.10 R55-M0-NC-I:J18-U01 2005-09-10-04.17.51.869781 R55-M0-NC-I:J18-U01 RAS APP FATAL ciod: Error reading message prefix after LOGIN_MESSAGE on CioStream socket to 172.16.96.116:43184: Link has been severed
APPSEV 1126351072 2005.09.10 R51-M1-N8-I:J18-U01 2005-09-10-04.17.52.050351 R51-M1-N8-I:J18-U01 RAS APP FATAL ciod: Error reading message prefix after LOGIN_MESSAGE on CioStream socket to 172.16.96.116:42866: Link has been severed
APPSEV 1126351072 2005.09.10 R44-M1-N4-I:J18-U01 2005-09-10-04.17.52.229838 R44-M1-N4-I:J18-U01 RAS APP FATAL ciod: Error reading message prefix after LOGIN_MESSAGE on CioStream socket to 172.16.96.116:43468: Link has been severed
APPSEV 1126351072 2005.09.10 R44-M1-N0-I:J18-U01 2005-09-10-04.17.52.420719 R44-M1-N0-I:J18-U01 RAS APP FATAL ciod: Error reading message prefix after LOGIN_MESSAGE on CioStream socket to 172.16.96.116:43470: Link has been severed
APPSEV 1126351072 2005.09.10 R55-M1-N0-I:J18-U01 2005-09-10-04.17.52.587509 R55-M1-N0-I:J18-U01 RAS APP FATAL ciod: Error reading message prefix after LOGIN_MESSAGE on CioStream socket to 172.16.96.116:42934: Link has been severed
APPSEV 1126351072 2005.09.10 R36-M0-N8-I:J18-U01 2005-09-10-04.17.52.755052 R36-M0-N8-I:J18-U01 RAS APP FATAL ciod: Error reading message prefix after LOGIN_MESSAGE on CioStream socket to 172.16.96.116:42730: Link has been severed
APPSEV 1126351072 2005.09.10 R40-M1-N4-I:J18-U01 2005-09-10-04.17.52.935952 R40-M1-N4-I:J18-U01 RAS APP FATAL ciod: Error reading message prefix after LOGIN_MESSAGE on CioStream socket to 172.16.96.116:43404: Link has been severed
APPSEV 1126351073 2005.09.10 R42-M0-N4-I:J18-U01 2005-09-10-04.17.53.114334 R42-M0-N4-I:J18-U01 RAS APP FATAL ciod: Error reading message prefix after LOGIN_MESSAGE on CioStream socket to 172.16.96.116:42828: Link has been severed
APPSEV 1126351073 2005.09.10 R36-M0-NC-I:J18-U01 2005-09-10-04.17.53.287771 R36-M0-NC-I:J18-U01 RAS APP FATAL ciod: Error reading message prefix after LOGIN_MESSAGE on CioStream socket to 172.16.96.116:42728: Link has been severed
APPSEV 1126351073 2005.09.10 R43-M1-NC-I:J18-U01 2005-09-10-04.17.53.475364 R43-M1-NC-I:J18-U01 RAS APP FATAL ciod: Error reading message prefix after LOGIN_MESSAGE on CioStream socket to 172.16.96.116:43336: Link has been severed
APPSEV 1126351073 2005.09.10 R36-M0-N0-I:J18-U01 2005-09-10-04.17.53.648297 R36-M0-N0-I:J18-U01 RAS APP FATAL ciod: Error reading message prefix after LOGIN_MESSAGE on CioStream socket to 172.16.96.116:42734: Link has been severed
APPSEV 1126351073 2005.09.10 R31-M0-N4-I:J18-U01 2005-09-10-04.17.53.814752 R31-M0-N4-I:J18-U01 RAS APP FATAL ciod: Error reading message prefix after LOGIN_MESSAGE on CioStream socket to 172.16.96.116:42860: Link has been severed
APPSEV 1126351073 2005.09.10 R42-M1-N8-I:J18-U01 2005-09-10-04.17.53.988544 R42-M1-N8-I:J18-U01 RAS APP FATAL ciod: Error reading message prefix after LOGIN_MESSAGE on CioStream socket to 172.16.96.116:43594: Link has been severed
APPSEV 1126351074 2005.09.10 R44-M0-N4-I:J18-U01 2005-09-10-04.17.54.161657 R44-M0-N4-I:J18-U01 RAS APP FATAL ciod: Error reading message prefix after LOGIN_MESSAGE on CioStream socket to 172.16.96.116:42700: Link has been severed
APPSEV 1126351074 2005.09.10 R36-M0-N4-I:J18-U01 2005-09-10-04.17.54.520454 R36-M0-N4-I:J18-U01 RAS APP FATAL ciod: Error reading message prefix after LOGIN_MESSAGE on CioStream socket to 172.16.96.116:42732: Link has been severed
APPSEV 1126351074 2005.09.10 R45-M1-NC-I:J18-U01 2005-09-10-04.17.54.687756 R45-M1-NC-I:J18-U01 RAS APP FATAL ciod: Error reading message prefix after LOGIN_MESSAGE on CioStream socket to 172.16.96.116:43208: Link has been severed
APPSEV 1126351074 2005.09.10 R36-M1-NC-I:J18-U01 2005-09-10-04.17.54.875508 R36-M1-NC-I:J18-U01 RAS APP FATAL ciod: Error reading message prefix after LOGIN_MESSAGE on CioStream socket to 172.16.96.116:43496: Link has been severed
APPSEV 1126351075 2005.09.10 R22-M1-N8-I:J18-U01 2005-09-10-04.17.55.065142 R22-M1-N8-I:J18-U01 RAS APP FATAL ciod: Error reading message prefix after LOGIN_MESSAGE on CioStream socket to 172.16.96.116:42834: Link has been severed
APPSEV 1126351075 2005.09.10 R40-M1-N8-I:J18-U01 2005-09-10-04.17.55.256224 R40-M1-N8-I:J18-U01 RAS APP FATAL ciod: Error reading message prefix after LOGIN_MESSAGE on CioStream socket to 172.16.96.116:43402: Link has been severed
APPSEV 1126351075 2005.09.10 R33-M1-N0-I:J18-U01 2005-09-10-04.17.55.449677 R33-M1-N0-I:J18-U01 RAS APP FATAL ciod: Error reading message prefix after LOGIN_MESSAGE on CioStream socket to 172.16.96.116:43310: Link has been severed
APPSEV 1126351075 2005.09.10 R25-M0-N4-I:J18-U01 2005-09-10-04.17.55.641595 R25-M0-N4-I:J18-U01 RAS APP FATAL ciod: Error reading message prefix after LOGIN_MESSAGE on CioStream socket to 172.16.96.116:43220: Link has been severed
APPSEV 1126351075 2005.09.10 R40-M0-N4-I:J18-U01 2005-09-10-04.17.55.832612 R40-M0-N4-I:J18-U01 RAS APP FATAL ciod: Error reading message prefix after LOGIN_MESSAGE on CioStream socket to 172.16.96.116:42636: Link has been severed
APPSEV 1126351076 2005.09.10 R33-M0-NC-I:J18-U01 2005-09-10-04.17.56.015901 R33-M0-NC-I:J18-U01 RAS APP FATAL ciod: Error reading message prefix after LOGIN_MESSAGE on CioStream socket to 172.16.96.116:43048: Link has been severed
APPSEV 1126351076 2005.09.10 R40-M0-N8-I:J18-U01 2005-09-10-04.17.56.489083 R40-M0-N8-I:J18-U01 RAS APP FATAL ciod: Error reading message prefix after LOGIN_MESSAGE on CioStream socket to 172.16.96.116:42634: Link has been severed
APPSEV 1126351076 2005.09.10 R42-M0-N0-I:J18-U01 2005-09-10-04.17.56.674890 R42-M0-N0-I:J18-U01 RAS APP FATAL ciod: Error reading message prefix after LOGIN_MESSAGE on CioStream socket to 172.16.96.116:42830: Link has been severed
APPSEV 1126351076 2005.09.10 R40-M0-N0-I:J18-U01 2005-09-10-04.17.56.850447 R40-M0-N0-I:J18-U01 RAS APP FATAL ciod: Error reading message prefix after LOGIN_MESSAGE on CioStream socket to 172.16.96.116:42638: Link has been severed
APPSEV 1126351077 2005.09.10 R31-M0-N0-I:J18-U01 2005-09-10-04.17.57.031368 R31-M0-N0-I:J18-U01 RAS APP FATAL ciod: Error reading message prefix after LOGIN_MESSAGE on CioStream socket to 172.16.96.116:42862: Link has been severed
APPSEV 1126351077 2005.09.10 R43-M1-N0-I:J18-U01 2005-09-10-04.17.57.227013 R43-M1-N0-I:J18-U01 RAS APP FATAL ciod: Error reading message prefix after LOGIN_MESSAGE on CioStream socket to 172.16.96.116:43342: Link has been severed
APPSEV 1126351077 2005.09.10 R36-M1-N8-I:J18-U01 2005-09-10-04.17.57.413323 R36-M1-N8-I:J18-U01 RAS APP FATAL ciod: Error reading message prefix after LOGIN_MESSAGE on CioStream socket to 172.16.96.116:43498: Link has been severed
APPSEV 1126351077 2005.09.10 R22-M1-N0-I:J18-U01 2005-09-10-04.17.57.593429 R22-M1-N0-I:J18-U01 RAS APP FATAL ciod: Error reading message prefix after LOGIN_MESSAGE on CioStream socket to 172.16.96.116:42838: Link has been severed
APPSEV 1126351077 2005.09.10 R26-M0-NC-I:J18-U01 2005-09-10-04.17.57.776910 R26-M0-NC-I:J18-U01 RAS APP FATAL ciod: Error reading message prefix after LOGIN_MESSAGE on CioStream socket to 172.16.96.116:43536: Link has been severed
APPSEV 1126351077 2005.09.10 R26-M0-N8-I:J18-U01 2005-09-10-04.17.57.931902 R26-M0-N8-I:J18-U01 RAS APP FATAL ciod: Error reading message prefix after LOGIN_MESSAGE on CioStream socket to 172.16.96.116:43538: Link has been severed
APPSEV 1126351078 2005.09.10 R26-M0-N4-I:J18-U01 2005-09-10-04.17.58.051755 R26-M0-N4-I:J18-U01 RAS APP FATAL ciod: Error reading message prefix after LOGIN_MESSAGE on CioStream socket to 172.16.96.116:43540: Link has been severed
APPSEV 1126351078 2005.09.10 R31-M0-N8-I:J18-U01 2005-09-10-04.17.58.246273 R31-M0-N8-I:J18-U01 RAS APP FATAL ciod: Error reading message prefix after LOGIN_MESSAGE on CioStream socket to 172.16.96.116:42858: Link has been severed
APPSEV 1126351078 2005.09.10 R26-M0-N0-I:J18-U01 2005-09-10-04.17.58.429954 R26-M0-N0-I:J18-U01 RAS APP FATAL ciod: Error reading message prefix after LOGIN_MESSAGE on CioStream socket to 172.16.96.116:43542: Link has been severed
APPSEV 1126351078 2005.09.10 R51-M0-N4-I:J18-U11 2005-09-10-04.17.58.597999 R51-M0-N4-I:J18-U11 RAS APP FATAL ciod: Error reading message prefix after LOGIN_MESSAGE on CioStream socket to 172.16.96.116:43123: Link has been severed
APPSEV 1126351078 2005.09.10 R20-M1-N0-I:J18-U11 2005-09-10-04.17.58.784084 R20-M1-N0-I:J18-U11 RAS APP FATAL ciod: Error reading message prefix after LOGIN_MESSAGE on CioStream socket to 172.16.96.116:42645: Link has been severed
APPSEV 1126351078 2005.09.10 R20-M0-N8-I:J18-U11 2005-09-10-04.17.58.951516 R20-M0-N8-I:J18-U11 RAS APP FATAL ciod: Error reading message prefix after LOGIN_MESSAGE on CioStream socket to 172.16.96.116:43409: Link has been severed
APPSEV 1126351079 2005.09.10 R31-M0-NC-I:J18-U11 2005-09-10-04.17.59.118902 R31-M0-NC-I:J18-U11 RAS APP FATAL ciod: Error reading message prefix after LOGIN_MESSAGE on CioStream socket to 172.16.96.116:42855: Link has been severed
APPSEV 1126351079 2005.09.10 R51-M0-N0-I:J18-U11 2005-09-10-04.17.59.297806 R51-M0-N0-I:J18-U11 RAS APP FATAL ciod: Error reading message prefix after LOGIN_MESSAGE on CioStream socket to 172.16.96.116:43125: Link has been severed
APPSEV 1126351079 2005.09.10 R30-M0-N0-I:J18-U11 2005-09-10-04.17.59.459716 R30-M0-N0-I:J18-U11 RAS APP FATAL ciod: Error reading message prefix after LOGIN_MESSAGE on CioStream socket to 172.16.96.116:42605: Link has been severed
APPSEV 1126351079 2005.09.10 R37-M0-N0-I:J18-U11 2005-09-10-04.17.59.633272 R37-M0-N0-I:J18-U11 RAS APP FATAL ciod: Error reading message prefix after LOGIN_MESSAGE on CioStream socket to 172.16.96.116:42989: Link has been severed
APPSEV 1126351079 2005.09.10 R37-M0-NC-I:J18-U11 2005-09-10-04.17.59.812725 R37-M0-NC-I:J18-U11 RAS APP FATAL ciod: Error reading message prefix after LOGIN_MESSAGE on CioStream socket to 172.16.96.116:42983: Link has been severed
APPSEV 1126351079 2005.09.10 R37-M1-N0-I:J18-U11 2005-09-10-04.17.59.998207 R37-M1-N0-I:J18-U11 RAS APP FATAL ciod: Error reading message prefix after LOGIN_MESSAGE on CioStream socket to 172.16.96.116:43245: Link has been severed
APPSEV 1126351080 2005.09.10 R50-M1-N0-I:J18-U11 2005-09-10-04.18.00.178345 R50-M1-N0-I:J18-U11 RAS APP FATAL ciod: Error reading message prefix after LOGIN_MESSAGE on CioStream socket to 172.16.96.116:42613: Link has been severed
APPSEV 1126351080 2005.09.10 R37-M0-N8-I:J18-U11 2005-09-10-04.18.00.307166 R37-M0-N8-I:J18-U11 RAS APP FATAL ciod: Error reading message prefix after LOGIN_MESSAGE on CioStream socket to 172.16.96.116:42985: Link has been severed
APPSEV 1126351080 2005.09.10 R33-M1-NC-I:J18-U11 2005-09-10-04.18.00.459573 R33-M1-NC-I:J18-U11 RAS APP FATAL ciod: Error reading message prefix after LOGIN_MESSAGE on CioStream socket to 172.16.96.116:43303: Link has been severed
APPSEV 1126351080 2005.09.10 R37-M1-N4-I:J18-U11 2005-09-10-04.18.00.651898 R37-M1-N4-I:J18-U11 RAS APP FATAL ciod: Error reading message prefix after LOGIN_MESSAGE on CioStream socket to 172.16.96.116:43243: Link has been severed
APPSEV 1126351080 2005.09.10 R24-M1-NC-I:J18-U11 2005-09-10-04.18.00.832590 R24-M1-NC-I:J18-U11 RAS APP FATAL ciod: Error reading message prefix after LOGIN_MESSAGE on CioStream socket to 172.16.96.116:42703: Link has been severed
APPSEV 1126351081 2005.09.10 R37-M1-N8-I:J18-U11 2005-09-10-04.18.01.017035 R37-M1-N8-I:J18-U11 RAS APP FATAL ciod: Error reading message prefix after LOGIN_MESSAGE on CioStream socket to 172.16.96.116:43241: Link has been severed
APPSEV 1126351081 2005.09.10 R37-M1-NC-I:J18-U11 2005-09-10-04.18.01.513606 R37-M1-NC-I:J18-U11 RAS APP FATAL ciod: Error reading message prefix after LOGIN_MESSAGE on CioStream socket to 172.16.96.116:43239: Link has been severed
APPSEV 1126351081 2005.09.10 R20-M1-N8-I:J18-U11 2005-09-10-04.18.01.694939 R20-M1-N8-I:J18-U11 RAS APP FATAL ciod: Error reading message prefix after LOGIN_MESSAGE on CioStream socket to 172.16.96.116:42641: Link has been severed
APPSEV 1126351081 2005.09.10 R20-M1-NC-I:J18-U11 2005-09-10-04.18.01.879156 R20-M1-NC-I:J18-U11 RAS APP FATAL ciod: Error reading message prefix after LOGIN_MESSAGE on CioStream socket to 172.16.96.116:42639: Link has been severed
APPSEV 1126351082 2005.09.10 R52-M1-N0-I:J18-U11 2005-09-10-04.18.02.059174 R52-M1-N0-I:J18-U11 RAS APP FATAL ciod: Error reading message prefix after LOGIN_MESSAGE on CioStream socket to 172.16.96.116:42805: Link has been severed
APPSEV 1126351082 2005.09.10 R27-M1-NC-I:J18-U11 2005-09-10-04.18.02.248863 R27-M1-NC-I:J18-U11 RAS APP FATAL ciod: Error reading message prefix after LOGIN_MESSAGE on CioStream socket to 172.16.96.116:43023: Link has been severed
APPSEV 1126351082 2005.09.10 R27-M1-N8-I:J18-U11 2005-09-10-04.18.02.434583 R27-M1-N8-I:J18-U11 RAS APP FATAL ciod: Error reading message prefix after LOGIN_MESSAGE on CioStream socket to 172.16.96.116:43025: Link has been severed
APPSEV 1126351082 2005.09.10 R40-M0-NC-I:J18-U11 2005-09-10-04.18.02.615292 R40-M0-NC-I:J18-U11 RAS APP FATAL ciod: Error reading message prefix after LOGIN_MESSAGE on CioStream socket to 172.16.96.116:42631: Link has been severed
APPSEV 1126351082 2005.09.10 R26-M1-N4-I:J18-U11 2005-09-10-04.18.02.793271 R26-M1-N4-I:J18-U11 RAS APP FATAL ciod: Error reading message prefix after LOGIN_MESSAGE on CioStream socket to 172.16.96.116:42771: Link has been severed
APPSEV 1126351082 2005.09.10 R27-M0-N0-I:J18-U11 2005-09-10-04.18.02.984765 R27-M0-N0-I:J18-U11 RAS APP FATAL ciod: Error reading message prefix after LOGIN_MESSAGE on CioStream socket to 172.16.96.116:43285: Link has been severed
APPSEV 1126351083 2005.09.10 R33-M1-N8-I:J18-U11 2005-09-10-04.18.03.163853 R33-M1-N8-I:J18-U11 RAS APP FATAL ciod: Error reading message prefix after LOGIN_MESSAGE on CioStream socket to 172.16.96.116:43305: Link has been severed
APPSEV 1126351083 2005.09.10 R25-M0-N0-I:J18-U11 2005-09-10-04.18.03.351634 R25-M0-N0-I:J18-U11 RAS APP FATAL ciod: Error reading message prefix after LOGIN_MESSAGE on CioStream socket to 172.16.96.116:43221: Link has been severed
APPSEV 1126351083 2005.09.10 R63-M1-NC-I:J18-U11 2005-09-10-04.18.03.562088 R63-M1-NC-I:J18-U11 RAS APP FATAL ciod: Error reading message prefix after LOGIN_MESSAGE on CioStream socket to 172.16.96.116:43071: Link has been severed
APPSEV 1126351083 2005.09.10 R22-M0-N8-I:J18-U11 2005-09-10-04.18.03.761538 R22-M0-N8-I:J18-U11 RAS APP FATAL ciod: Error reading message prefix after LOGIN_MESSAGE on CioStream socket to 172.16.96.116:43601: Link has been severed
APPSEV 1126351083 2005.09.10 R21-M1-N4-I:J18-U11 2005-09-10-04.18.03.966868 R21-M1-N4-I:J18-U11 RAS APP FATAL ciod: Error reading message prefix after LOGIN_MESSAGE on CioStream socket to 172.16.96.116:42899: Link has been severed
APPSEV 1126351084 2005.09.10 R50-M0-NC-I:J18-U11 2005-09-10-04.18.04.180000 R50-M0-NC-I:J18-U11 RAS APP FATAL ciod: Error reading message prefix after LOGIN_MESSAGE on CioStream socket to 172.16.96.116:43375: Link has been severed
APPSEV 1126351084 2005.09.10 R27-M1-N4-I:J18-U11 2005-09-10-04.18.04.372672 R27-M1-N4-I:J18-U11 RAS APP FATAL ciod: Error reading message prefix after LOGIN_MESSAGE on CioStream socket to 172.16.96.116:43027: Link has been severed
APPSEV 1126351084 2005.09.10 R24-M0-N8-I:J18-U11 2005-09-10-04.18.04.557355 R24-M0-N8-I:J18-U11 RAS APP FATAL ciod: Error reading message prefix after LOGIN_MESSAGE on CioStream socket to 172.16.96.116:43473: Link has been severed
APPSEV 1126351084 2005.09.10 R24-M0-N4-I:J18-U11 2005-09-10-04.18.04.763800 R24-M0-N4-I:J18-U11 RAS APP FATAL ciod: Error reading message prefix after LOGIN_MESSAGE on CioStream socket to 172.16.96.116:43475: Link has been severed
APPSEV 1126351084 2005.09.10 R45-M0-N4-I:J18-U11 2005-09-10-04.18.04.972334 R45-M0-N4-I:J18-U11 RAS APP FATAL ciod: Error reading message prefix after LOGIN_MESSAGE on CioStream socket to 172.16.96.116:42955: Link has been severed
APPSEV 1126351085 2005.09.10 R66-M0-N8-I:J18-U11 2005-09-10-04.18.05.187067 R66-M0-N8-I:J18-U11 RAS APP FATAL ciod: Error reading message prefix after LOGIN_MESSAGE on CioStream socket to 172.16.96.116:43521: Link has been severed
APPSEV 1126351085 2005.09.10 R24-M0-N0-I:J18-U11 2005-09-10-04.18.05.423265 R24-M0-N0-I:J18-U11 RAS APP FATAL ciod: Error reading message prefix after LOGIN_MESSAGE on CioStream socket to 172.16.96.116:43477: Link has been severed
APPSEV 1126351085 2005.09.10 R45-M1-N0-I:J18-U11 2005-09-10-04.18.05.636601 R45-M1-N0-I:J18-U11 RAS APP FATAL ciod: Error reading message prefix after LOGIN_MESSAGE on CioStream socket to 172.16.96.116:43213: Link has been severed
APPSEV 1126351085 2005.09.10 R45-M0-N0-I:J18-U11 2005-09-10-04.18.05.865222 R45-M0-N0-I:J18-U11 RAS APP FATAL ciod: Error reading message prefix after LOGIN_MESSAGE on CioStream socket to 172.16.96.116:42957: Link has been severed
APPSEV 1126351086 2005.09.10 R42-M1-N0-I:J18-U11 2005-09-10-04.18.06.250527 R42-M1-N0-I:J18-U11 RAS APP FATAL ciod: Error reading message prefix after LOGIN_MESSAGE on CioStream socket to 172.16.96.116:43597: Link has been severed
APPSEV 1126351086 2005.09.10 R47-M0-N8-I:J18-U11 2005-09-10-04.18.06.474350 R47-M0-N8-I:J18-U11 RAS APP FATAL ciod: Error reading message prefix after LOGIN_MESSAGE on CioStream socket to 172.16.96.116:43017: Link has been severed
APPSEV 1126351086 2005.09.10 R20-M0-NC-I:J18-U11 2005-09-10-04.18.06.608537 R20-M0-NC-I:J18-U11 RAS APP FATAL ciod: Error reading message prefix after LOGIN_MESSAGE on CioStream socket to 172.16.96.116:43407: Link has been severed
APPSEV 1126351086 2005.09.10 R27-M0-NC-I:J18-U11 2005-09-10-04.18.06.739975 R27-M0-NC-I:J18-U11 RAS APP FATAL ciod: Error reading message prefix after LOGIN_MESSAGE on CioStream socket to 172.16.96.116:43279: Link has been severed
APPSEV 1126351086 2005.09.10 R26-M1-N8-I:J18-U11 2005-09-10-04.18.06.940941 R26-M1-N8-I:J18-U11 RAS APP FATAL ciod: Error reading message prefix after LOGIN_MESSAGE on CioStream socket to 172.16.96.116:42769: Link has been severed
APPSEV 1126351087 2005.09.10 R27-M0-N8-I:J18-U11 2005-09-10-04.18.07.173021 R27-M0-N8-I:J18-U11 RAS APP FATAL ciod: Error reading message prefix after LOGIN_MESSAGE on CioStream socket to 172.16.96.116:43281: Link has been severed
APPSEV 1126351087 2005.09.10 R20-M0-N0-I:J18-U11 2005-09-10-04.18.07.385029 R20-M0-N0-I:J18-U11 RAS APP FATAL ciod: Error reading message prefix after LOGIN_MESSAGE on CioStream socket to 172.16.96.116:43413: Link has been severed
APPSEV 1126351087 2005.09.10 R20-M0-N4-I:J18-U11 2005-09-10-04.18.07.580541 R20-M0-N4-I:J18-U11 RAS APP FATAL ciod: Error reading message prefix after LOGIN_MESSAGE on CioStream socket to 172.16.96.116:43411: Link has been severed
APPSEV 1126351087 2005.09.10 R40-M1-N0-I:J18-U11 2005-09-10-04.18.07.784054 R40-M1-N0-I:J18-U11 RAS APP FATAL ciod: Error reading message prefix after LOGIN_MESSAGE on CioStream socket to 172.16.96.116:43405: Link has been severed
APPSEV 1126351087 2005.09.10 R72-M1-NC-I:J18-U11 2005-09-10-04.18.07.974618 R72-M1-NC-I:J18-U11 RAS APP FATAL ciod: Error reading message prefix after LOGIN_MESSAGE on CioStream socket to 172.16.96.116:43575: Link has been severed
APPSEV 1126351088 2005.09.10 R63-M0-N0-I:J18-U11 2005-09-10-04.18.08.141773 R63-M0-N0-I:J18-U11 RAS APP FATAL ciod: Error reading message prefix after LOGIN_MESSAGE on CioStream socket to 172.16.96.116:43333: Link has been severed
APPSEV 1126351088 2005.09.10 R67-M0-N4-I:J18-U11 2005-09-10-04.18.08.310657 R67-M0-N4-I:J18-U11 RAS APP FATAL ciod: Error reading message prefix after LOGIN_MESSAGE on CioStream socket to 172.16.96.116:43267: Link has been severed
APPSEV 1126351088 2005.09.10 R51-M0-N8-I:J18-U11 2005-09-10-04.18.08.490328 R51-M0-N8-I:J18-U11 RAS APP FATAL ciod: Error reading message prefix after LOGIN_MESSAGE on CioStream socket to 172.16.96.116:43121: Link has been severed
APPSEV 1126351088 2005.09.10 R65-M0-N4-I:J18-U11 2005-09-10-04.18.08.657590 R65-M0-N4-I:J18-U11 RAS APP FATAL ciod: Error reading message prefix after LOGIN_MESSAGE on CioStream socket to 172.16.96.116:43203: Link has been severed
APPSEV 1126351088 2005.09.10 R27-M1-N0-I:J18-U11 2005-09-10-04.18.08.825786 R27-M1-N0-I:J18-U11 RAS APP FATAL ciod: Error reading message prefix after LOGIN_MESSAGE on CioStream socket to 172.16.96.116:43029: Link has been severed
APPSEV 1126351089 2005.09.10 R27-M0-N4-I:J18-U11 2005-09-10-04.18.09.005428 R27-M0-N4-I:J18-U11 RAS APP FATAL ciod: Error reading message prefix after LOGIN_MESSAGE on CioStream socket to 172.16.96.116:43283: Link has been severed
APPSEV 1126351089 2005.09.10 R26-M1-N0-I:J18-U11 2005-09-10-04.18.09.167677 R26-M1-N0-I:J18-U11 RAS APP FATAL ciod: Error reading message prefix after LOGIN_MESSAGE on CioStream socket to 172.16.96.116:42773: Link has been severed
APPSEV 1126351089 2005.09.10 R63-M0-NC-I:J18-U11 2005-09-10-04.18.09.350270 R63-M0-NC-I:J18-U11 RAS APP FATAL ciod: Error reading message prefix after LOGIN_MESSAGE on CioStream socket to 172.16.96.116:43327: Link has been severed
APPSEV 1126351089 2005.09.10 R22-M0-N0-I:J18-U11 2005-09-10-04.18.09.511965 R22-M0-N0-I:J18-U11 RAS APP FATAL ciod: Error reading message prefix after LOGIN_MESSAGE on CioStream socket to 172.16.96.116:43605: Link has been severed
APPSEV 1126351089 2005.09.10 R63-M1-N4-I:J18-U11 2005-09-10-04.18.09.667137 R63-M1-N4-I:J18-U11 RAS APP FATAL ciod: Error reading message prefix after LOGIN_MESSAGE on CioStream socket to 172.16.96.116:43075: Link has been severed
APPSEV 1126351089 2005.09.10 R67-M0-N0-I:J18-U11 2005-09-10-04.18.09.841712 R67-M0-N0-I:J18-U11 RAS APP FATAL ciod: Error reading message prefix after LOGIN_MESSAGE on CioStream socket to 172.16.96.116:43269: Link has been severed
APPSEV 1126351090 2005.09.10 R63-M1-N0-I:J18-U11 2005-09-10-04.18.10.008714 R63-M1-N0-I:J18-U11 RAS APP FATAL ciod: Error reading message prefix after LOGIN_MESSAGE on CioStream socket to 172.16.96.116:43077: Link has been severed
APPSEV 1126351090 2005.09.10 R22-M0-N4-I:J18-U11 2005-09-10-04.18.10.175597 R22-M0-N4-I:J18-U11 RAS APP FATAL ciod: Error reading message prefix after LOGIN_MESSAGE on CioStream socket to 172.16.96.116:43603: Link has been severed
APPSEV 1126351090 2005.09.10 R47-M0-N4-I:J18-U11 2005-09-10-04.18.10.354932 R47-M0-N4-I:J18-U11 RAS APP FATAL ciod: Error reading message prefix after LOGIN_MESSAGE on CioStream socket to 172.16.96.116:43019: Link has been severed
APPSEV 1126351090 2005.09.10 R67-M0-N8-I:J18-U11 2005-09-10-04.18.10.522491 R67-M0-N8-I:J18-U11 RAS APP FATAL ciod: Error reading message prefix after LOGIN_MESSAGE on CioStream socket to 172.16.96.116:43265: Link has been severed
APPSEV 1126351090 2005.09.10 R56-M1-NC-I:J18-U11 2005-09-10-04.18.10.689864 R56-M1-NC-I:J18-U11 RAS APP FATAL ciod: Error reading message prefix after LOGIN_MESSAGE on CioStream socket to 172.16.96.116:42735: Link has been severed
APPSEV 1126351090 2005.09.10 R67-M0-NC-I:J18-U11 2005-09-10-04.18.10.845171 R67-M0-NC-I:J18-U11 RAS APP FATAL ciod: Error reading message prefix after LOGIN_MESSAGE on CioStream socket to 172.16.96.116:43263: Link has been severed
APPSEV 1126351091 2005.09.10 R51-M0-NC-I:J18-U11 2005-09-10-04.18.11.024519 R51-M0-NC-I:J18-U11 RAS APP FATAL ciod: Error reading message prefix after LOGIN_MESSAGE on CioStream socket to 172.16.96.116:43119: Link has been severed
APPSEV 1126351091 2005.09.10 R41-M0-N0-I:J18-U11 2005-09-10-04.18.11.438615 R41-M0-N0-I:J18-U11 RAS APP FATAL ciod: Error reading message prefix after LOGIN_MESSAGE on CioStream socket to 172.16.96.116:42893: Link has been severed
APPSEV 1126351091 2005.09.10 R46-M1-NC-I:J18-U11 2005-09-10-04.18.11.645822 R46-M1-NC-I:J18-U11 RAS APP FATAL ciod: Error reading message prefix after LOGIN_MESSAGE on CioStream socket to 172.16.96.116:43527: Link has been severed
APPSEV 1126351091 2005.09.10 R63-M0-N8-I:J18-U11 2005-09-10-04.18.11.825935 R63-M0-N8-I:J18-U11 RAS APP FATAL ciod: Error reading message prefix after LOGIN_MESSAGE on CioStream socket to 172.16.96.116:43329: Link has been severed
APPSEV 1126351091 2005.09.10 R67-M1-NC-I:J18-U11 2005-09-10-04.18.11.993675 R67-M1-NC-I:J18-U11 RAS APP FATAL ciod: Error reading message prefix after LOGIN_MESSAGE on CioStream socket to 172.16.96.116:43007: Link has been severed
APPSEV 1126351092 2005.09.10 R67-M1-N8-I:J18-U11 2005-09-10-04.18.12.161679 R67-M1-N8-I:J18-U11 RAS APP FATAL ciod: Error reading message prefix after LOGIN_MESSAGE on CioStream socket to 172.16.96.116:43009: Link has been severed
APPSEV 1126351092 2005.09.10 R24-M1-N0-I:J18-U11 2005-09-10-04.18.12.337063 R24-M1-N0-I:J18-U11 RAS APP FATAL ciod: Error reading message prefix after LOGIN_MESSAGE on CioStream socket to 172.16.96.116:42709: Link has been severed
APPSEV 1126351092 2005.09.10 R35-M1-N4-I:J18-U11 2005-09-10-04.18.12.502832 R35-M1-N4-I:J18-U11 RAS APP FATAL ciod: Error reading message prefix after LOGIN_MESSAGE on CioStream socket to 172.16.96.116:43179: Link has been severed
APPSEV 1126351092 2005.09.10 R66-M1-N4-I:J18-U11 2005-09-10-04.18.12.684354 R66-M1-N4-I:J18-U11 RAS APP FATAL ciod: Error reading message prefix after LOGIN_MESSAGE on CioStream socket to 172.16.96.116:42755: Link has been severed
APPSEV 1126351092 2005.09.10 R66-M0-N0-I:J18-U11 2005-09-10-04.18.12.851609 R66-M0-N0-I:J18-U11 RAS APP FATAL ciod: Error reading message prefix after LOGIN_MESSAGE on CioStream socket to 172.16.96.116:43525: Link has been severed
APPSEV 1126351093 2005.09.10 R24-M1-N4-I:J18-U11 2005-09-10-04.18.13.028568 R24-M1-N4-I:J18-U11 RAS APP FATAL ciod: Error reading message prefix after LOGIN_MESSAGE on CioStream socket to 172.16.96.116:42707: Link has been severed
APPSEV 1126351093 2005.09.10 R66-M1-N8-I:J18-U11 2005-09-10-04.18.13.209128 R66-M1-N8-I:J18-U11 RAS APP FATAL ciod: Error reading message prefix after LOGIN_MESSAGE on CioStream socket to 172.16.96.116:42753: Link has been severed
APPSEV 1126351093 2005.09.10 R24-M1-N8-I:J18-U11 2005-09-10-04.18.13.377486 R24-M1-N8-I:J18-U11 RAS APP FATAL ciod: Error reading message prefix after LOGIN_MESSAGE on CioStream socket to 172.16.96.116:42705: Link has been severed
APPSEV 1126351093 2005.09.10 R52-M1-N8-I:J18-U11 2005-09-10-04.18.13.564334 R52-M1-N8-I:J18-U11 RAS APP FATAL ciod: Error reading message prefix after LOGIN_MESSAGE on CioStream socket to 172.16.96.116:42801: Link has been severed
APPSEV 1126351093 2005.09.10 R52-M1-NC-I:J18-U11 2005-09-10-04.18.13.731056 R52-M1-NC-I:J18-U11 RAS APP FATAL ciod: Error reading message prefix after LOGIN_MESSAGE on CioStream socket to 172.16.96.116:42799: Link has been severed
APPSEV 1126351093 2005.09.10 R56-M1-N8-I:J18-U11 2005-09-10-04.18.13.884833 R56-M1-N8-I:J18-U11 RAS APP FATAL ciod: Error reading message prefix after LOGIN_MESSAGE on CioStream socket to 172.16.96.116:42737: Link has been severed
APPSEV 1126351094 2005.09.10 R50-M1-NC-I:J18-U11 2005-09-10-04.18.14.046669 R50-M1-NC-I:J18-U11 RAS APP FATAL ciod: Error reading message prefix after LOGIN_MESSAGE on CioStream socket to 172.16.96.116:42607: Link has been severed
APPSEV 1126351094 2005.09.10 R63-M1-N8-I:J18-U11 2005-09-10-04.18.14.294261 R63-M1-N8-I:J18-U11 RAS APP FATAL ciod: Error reading message prefix after LOGIN_MESSAGE on CioStream socket to 172.16.96.116:43073: Link has been severed
APPSEV 1126351094 2005.09.10 R65-M1-N4-I:J18-U11 2005-09-10-04.18.14.522453 R65-M1-N4-I:J18-U11 RAS APP FATAL ciod: Error reading message prefix after LOGIN_MESSAGE on CioStream socket to 172.16.96.116:42947: Link has been severed
APPSEV 1126351094 2005.09.10 R47-M0-N0-I:J18-U11 2005-09-10-04.18.14.702404 R47-M0-N0-I:J18-U11 RAS APP FATAL ciod: Error reading message prefix after LOGIN_MESSAGE on CioStream socket to 172.16.96.116:43021: Link has been severed
APPSEV 1126351094 2005.09.10 R33-M1-N4-I:J18-U11 2005-09-10-04.18.14.887750 R33-M1-N4-I:J18-U11 RAS APP FATAL ciod: Error reading message prefix after LOGIN_MESSAGE on CioStream socket to 172.16.96.116:43307: Link has been severed
APPSEV 1126351095 2005.09.10 R21-M1-N0-I:J18-U11 2005-09-10-04.18.15.086297 R21-M1-N0-I:J18-U11 RAS APP FATAL ciod: Error reading message prefix after LOGIN_MESSAGE on CioStream socket to 172.16.96.116:42901: Link has been severed
APPSEV 1126351095 2005.09.10 R52-M1-N4-I:J18-U11 2005-09-10-04.18.15.275295 R52-M1-N4-I:J18-U11 RAS APP FATAL ciod: Error reading message prefix after LOGIN_MESSAGE on CioStream socket to 172.16.96.116:42803: Link has been severed
APPSEV 1126351095 2005.09.10 R36-M1-N0-I:J18-U11 2005-09-10-04.18.15.468057 R36-M1-N0-I:J18-U11 RAS APP FATAL ciod: Error reading message prefix after LOGIN_MESSAGE on CioStream socket to 172.16.96.116:43501: Link has been severed
APPSEV 1126351095 2005.09.10 R36-M1-N4-I:J18-U11 2005-09-10-04.18.15.670716 R36-M1-N4-I:J18-U11 RAS APP FATAL ciod: Error reading message prefix after LOGIN_MESSAGE on CioStream socket to 172.16.96.116:43499: Link has been severed
APPSEV 1126351095 2005.09.10 R41-M1-N8-I:J18-U11 2005-09-10-04.18.15.863260 R41-M1-N8-I:J18-U11 RAS APP FATAL ciod: Error reading message prefix after LOGIN_MESSAGE on CioStream socket to 172.16.96.116:43145: Link has been severed
APPSEV 1126351096 2005.09.10 R63-M0-N4-I:J18-U11 2005-09-10-04.18.16.067240 R63-M0-N4-I:J18-U11 RAS APP FATAL ciod: Error reading message prefix after LOGIN_MESSAGE on CioStream socket to 172.16.96.116:43331: Link has been severed
APPSEV 1126351096 2005.09.10 R66-M0-NC-I:J18-U11 2005-09-10-04.18.16.417676 R66-M0-NC-I:J18-U11 RAS APP FATAL ciod: Error reading message prefix after LOGIN_MESSAGE on CioStream socket to 172.16.96.116:43519: Link has been severed
APPSEV 1126351096 2005.09.10 R66-M0-N4-I:J18-U11 2005-09-10-04.18.16.653161 R66-M0-N4-I:J18-U11 RAS APP FATAL ciod: Error reading message prefix after LOGIN_MESSAGE on CioStream socket to 172.16.96.116:43523: Link has been severed
APPSEV 1126351096 2005.09.10 R66-M1-N0-I:J18-U11 2005-09-10-04.18.16.850673 R66-M1-N0-I:J18-U11 RAS APP FATAL ciod: Error reading message prefix after LOGIN_MESSAGE on CioStream socket to 172.16.96.116:42757: Link has been severed
APPSEV 1126351097 2005.09.10 R55-M1-N8-I:J18-U11 2005-09-10-04.18.17.041974 R55-M1-N8-I:J18-U11 RAS APP FATAL ciod: Error reading message prefix after LOGIN_MESSAGE on CioStream socket to 172.16.96.116:42929: Link has been severed
APPSEV 1126351097 2005.09.10 R43-M0-N8-I:J18-U11 2005-09-10-04.18.17.235705 R43-M0-N8-I:J18-U11 RAS APP FATAL ciod: Error reading message prefix after LOGIN_MESSAGE on CioStream socket to 172.16.96.116:43081: Link has been severed
APPSEV 1126351097 2005.09.10 R43-M1-N8-I:J18-U11 2005-09-10-04.18.17.426944 R43-M1-N8-I:J18-U11 RAS APP FATAL ciod: Error reading message prefix after LOGIN_MESSAGE on CioStream socket to 172.16.96.116:43337: Link has been severed
APPSEV 1126351097 2005.09.10 R64-M1-NC-I:J18-U11 2005-09-10-04.18.17.605158 R64-M1-NC-I:J18-U11 RAS APP FATAL ciod: Error reading message prefix after LOGIN_MESSAGE on CioStream socket to 172.16.96.116:42687: Link has been severed
APPSEV 1126351097 2005.09.10 R31-M1-N8-I:J18-U11 2005-09-10-04.18.17.796965 R31-M1-N8-I:J18-U11 RAS APP FATAL ciod: Error reading message prefix after LOGIN_MESSAGE on CioStream socket to 172.16.96.116:43113: Link has been severed
APPSEV 1126351097 2005.09.10 R43-M0-N4-I:J18-U11 2005-09-10-04.18.17.965522 R43-M0-N4-I:J18-U11 RAS APP FATAL ciod: Error reading message prefix after LOGIN_MESSAGE on CioStream socket to 172.16.96.116:43083: Link has been severed
APPSEV 1126351098 2005.09.10 R66-M1-NC-I:J18-U11 2005-09-10-04.18.18.137845 R66-M1-NC-I:J18-U11 RAS APP FATAL ciod: Error reading message prefix after LOGIN_MESSAGE on CioStream socket to 172.16.96.116:42751: Link has been severed
APPSEV 1126351098 2005.09.10 R31-M1-N4-I:J18-U11 2005-09-10-04.18.18.318804 R31-M1-N4-I:J18-U11 RAS APP FATAL ciod: Error reading message prefix after LOGIN_MESSAGE on CioStream socket to 172.16.96.116:43115: Link has been severed
APPSEV 1126351098 2005.09.10 R57-M0-N4-I:J18-U11 2005-09-10-04.18.18.503327 R57-M0-N4-I:J18-U11 RAS APP FATAL ciod: Error reading message prefix after LOGIN_MESSAGE on CioStream socket to 172.16.96.116:43251: Link has been severed
APPSEV 1126351098 2005.09.10 R33-M0-N4-I:J18-U11 2005-09-10-04.18.18.676906 R33-M0-N4-I:J18-U11 RAS APP FATAL ciod: Error reading message prefix after LOGIN_MESSAGE on CioStream socket to 172.16.96.116:43051: Link has been severed
APPSEV 1126351098 2005.09.10 R34-M0-N4-I:J18-U11 2005-09-10-04.18.18.845328 R34-M0-N4-I:J18-U11 RAS APP FATAL ciod: Error reading message prefix after LOGIN_MESSAGE on CioStream socket to 172.16.96.116:42667: Link has been severed
APPSEV 1126351099 2005.09.10 R34-M0-N0-I:J18-U11 2005-09-10-04.18.19.006481 R34-M0-N0-I:J18-U11 RAS APP FATAL ciod: Error reading message prefix after LOGIN_MESSAGE on CioStream socket to 172.16.96.116:42669: Link has been severed
APPSEV 1126351099 2005.09.10 R34-M0-N8-I:J18-U11 2005-09-10-04.18.19.167304 R34-M0-N8-I:J18-U11 RAS APP FATAL ciod: Error reading message prefix after LOGIN_MESSAGE on CioStream socket to 172.16.96.116:42665: Link has been severed
APPSEV 1126351099 2005.09.10 R33-M0-N8-I:J18-U11 2005-09-10-04.18.19.323634 R33-M0-N8-I:J18-U11 RAS APP FATAL ciod: Error reading message prefix after LOGIN_MESSAGE on CioStream socket to 172.16.96.116:43049: Link has been severed
APPSEV 1126351099 2005.09.10 R34-M1-N8-I:J18-U11 2005-09-10-04.18.19.489756 R34-M1-N8-I:J18-U11 RAS APP FATAL ciod: Error reading message prefix after LOGIN_MESSAGE on CioStream socket to 172.16.96.116:43433: Link has been severed
APPSEV 1126351099 2005.09.10 R30-M1-NC-I:J18-U11 2005-09-10-04.18.19.676461 R30-M1-NC-I:J18-U11 RAS APP FATAL ciod: Error reading message prefix after LOGIN_MESSAGE on CioStream socket to 172.16.96.116:43367: Link has been severed
APPSEV 1126351099 2005.09.10 R22-M0-NC-I:J18-U11 2005-09-10-04.18.19.844311 R22-M0-NC-I:J18-U11 RAS APP FATAL ciod: Error reading message prefix after LOGIN_MESSAGE on CioStream socket to 172.16.96.116:43599: Link has been severed
APPSEV 1126351100 2005.09.10 R23-M1-NC-I:J18-U11 2005-09-10-04.18.20.028788 R23-M1-NC-I:J18-U11 RAS APP FATAL ciod: Error reading message prefix after LOGIN_MESSAGE on CioStream socket to 172.16.96.116:43087: Link has been severed
APPSEV 1126351100 2005.09.10 R57-M1-N4-I:J18-U11 2005-09-10-04.18.20.190162 R57-M1-N4-I:J18-U11 RAS APP FATAL ciod: Error reading message prefix after LOGIN_MESSAGE on CioStream socket to 172.16.96.116:42995: Link has been severed
APPSEV 1126351100 2005.09.10 R57-M0-N0-I:J18-U11 2005-09-10-04.18.20.347020 R57-M0-N0-I:J18-U11 RAS APP FATAL ciod: Error reading message prefix after LOGIN_MESSAGE on CioStream socket to 172.16.96.116:43253: Link has been severed
APPSEV 1126351100 2005.09.10 R25-M0-N8-I:J18-U11 2005-09-10-04.18.20.513948 R25-M0-N8-I:J18-U11 RAS APP FATAL ciod: Error reading message prefix after LOGIN_MESSAGE on CioStream socket to 172.16.96.116:43217: Link has been severed
APPSEV 1126351100 2005.09.10 R34-M1-N4-I:J18-U11 2005-09-10-04.18.20.693903 R34-M1-N4-I:J18-U11 RAS APP FATAL ciod: Error reading message prefix after LOGIN_MESSAGE on CioStream socket to 172.16.96.116:43435: Link has been severed
APPSEV 1126351100 2005.09.10 R30-M1-N8-I:J18-U11 2005-09-10-04.18.20.862042 R30-M1-N8-I:J18-U11 RAS APP FATAL ciod: Error reading message prefix after LOGIN_MESSAGE on CioStream socket to 172.16.96.116:43369: Link has been severed
APPSEV 1126351101 2005.09.10 R57-M0-NC-I:J18-U11 2005-09-10-04.18.21.030006 R57-M0-NC-I:J18-U11 RAS APP FATAL ciod: Error reading message prefix after LOGIN_MESSAGE on CioStream socket to 172.16.96.116:43247: Link has been severed
APPSEV 1126351101 2005.09.10 R42-M1-NC-I:J18-U11 2005-09-10-04.18.21.449010 R42-M1-NC-I:J18-U11 RAS APP FATAL ciod: Error reading message prefix after LOGIN_MESSAGE on CioStream socket to 172.16.96.116:43591: Link has been severed
APPSEV 1126351101 2005.09.10 R57-M1-N0-I:J18-U11 2005-09-10-04.18.21.652787 R57-M1-N0-I:J18-U11 RAS APP FATAL ciod: Error reading message prefix after LOGIN_MESSAGE on CioStream socket to 172.16.96.116:42997: Link has been severed
APPSEV 1126351101 2005.09.10 R42-M0-N8-I:J18-U11 2005-09-10-04.18.21.824488 R42-M0-N8-I:J18-U11 RAS APP FATAL ciod: Error reading message prefix after LOGIN_MESSAGE on CioStream socket to 172.16.96.116:42825: Link has been severed
APPSEV 1126351102 2005.09.10 R52-M0-NC-I:J18-U11 2005-09-10-04.18.22.011054 R52-M0-NC-I:J18-U11 RAS APP FATAL ciod: Error reading message prefix after LOGIN_MESSAGE on CioStream socket to 172.16.96.116:43567: Link has been severed
APPSEV 1126351102 2005.09.10 R25-M0-NC-I:J18-U11 2005-09-10-04.18.22.201090 R25-M0-NC-I:J18-U11 RAS APP FATAL ciod: Error reading message prefix after LOGIN_MESSAGE on CioStream socket to 172.16.96.116:43215: Link has been severed
APPSEV 1126351102 2005.09.10 R52-M0-N4-I:J18-U11 2005-09-10-04.18.22.357553 R52-M0-N4-I:J18-U11 RAS APP FATAL ciod: Error reading message prefix after LOGIN_MESSAGE on CioStream socket to 172.16.96.116:43571: Link has been severed
APPSEV 1126351102 2005.09.10 R25-M1-N4-I:J18-U11 2005-09-10-04.18.22.531207 R25-M1-N4-I:J18-U11 RAS APP FATAL ciod: Error reading message prefix after LOGIN_MESSAGE on CioStream socket to 172.16.96.116:42963: Link has been severed
APPSEV 1126351102 2005.09.10 R57-M1-NC-I:J18-U11 2005-09-10-04.18.22.704478 R57-M1-NC-I:J18-U11 RAS APP FATAL ciod: Error reading message prefix after LOGIN_MESSAGE on CioStream socket to 172.16.96.116:42991: Link has been severed
APPSEV 1126351102 2005.09.10 R34-M1-NC-I:J18-U11 2005-09-10-04.18.22.870403 R34-M1-NC-I:J18-U11 RAS APP FATAL ciod: Error reading message prefix after LOGIN_MESSAGE on CioStream socket to 172.16.96.116:43431: Link has been severed
APPSEV 1126351103 2005.09.10 R42-M1-N4-I:J18-U11 2005-09-10-04.18.23.036349 R42-M1-N4-I:J18-U11 RAS APP FATAL ciod: Error reading message prefix after LOGIN_MESSAGE on CioStream socket to 172.16.96.116:43595: Link has been severed
APPSEV 1126351103 2005.09.10 R43-M0-N0-I:J18-U11 2005-09-10-04.18.23.223130 R43-M0-N0-I:J18-U11 RAS APP FATAL ciod: Error reading message prefix after LOGIN_MESSAGE on CioStream socket to 172.16.96.116:43085: Link has been severed
APPSEV 1126351103 2005.09.10 R47-M1-N4-I:J18-U11 2005-09-10-04.18.23.378763 R47-M1-N4-I:J18-U11 RAS APP FATAL ciod: Error reading message prefix after LOGIN_MESSAGE on CioStream socket to 172.16.96.116:43275: Link has been severed
APPSEV 1126351103 2005.09.10 R47-M1-NC-I:J18-U11 2005-09-10-04.18.23.535187 R47-M1-NC-I:J18-U11 RAS APP FATAL ciod: Error reading message prefix after LOGIN_MESSAGE on CioStream socket to 172.16.96.116:43271: Link has been severed
APPSEV 1126351103 2005.09.10 R43-M1-N4-I:J18-U11 2005-09-10-04.18.23.709121 R43-M1-N4-I:J18-U11 RAS APP FATAL ciod: Error reading message prefix after LOGIN_MESSAGE on CioStream socket to 172.16.96.116:43339: Link has been severed
APPSEV 1126351103 2005.09.10 R52-M0-N8-I:J18-U11 2005-09-10-04.18.23.874693 R52-M0-N8-I:J18-U11 RAS APP FATAL ciod: Error reading message prefix after LOGIN_MESSAGE on CioStream socket to 172.16.96.116:43569: Link has been severed
APPSEV 1126351104 2005.09.10 R47-M0-NC-I:J18-U11 2005-09-10-04.18.24.042323 R47-M0-NC-I:J18-U11 RAS APP FATAL ciod: Error reading message prefix after LOGIN_MESSAGE on CioStream socket to 172.16.96.116:43015: Link has been severed
APPSEV 1126351104 2005.09.10 R34-M1-N0-I:J18-U11 2005-09-10-04.18.24.225878 R34-M1-N0-I:J18-U11 RAS APP FATAL ciod: Error reading message prefix after LOGIN_MESSAGE on CioStream socket to 172.16.96.116:43437: Link has been severed
APPSEV 1126351104 2005.09.10 R21-M0-N0-I:J18-U11 2005-09-10-04.18.24.401626 R21-M0-N0-I:J18-U11 RAS APP FATAL ciod: Error reading message prefix after LOGIN_MESSAGE on CioStream socket to 172.16.96.116:43157: Link has been severed
APPSEV 1126351104 2005.09.10 R64-M1-N8-I:J18-U11 2005-09-10-04.18.24.570223 R64-M1-N8-I:J18-U11 RAS APP FATAL ciod: Error reading message prefix after LOGIN_MESSAGE on CioStream socket to 172.16.96.116:42689: Link has been severed
APPSEV 1126351104 2005.09.10 R62-M1-N0-I:J18-U11 2005-09-10-04.18.24.735445 R62-M1-N0-I:J18-U11 RAS APP FATAL ciod: Error reading message prefix after LOGIN_MESSAGE on CioStream socket to 172.16.96.116:42821: Link has been severed
APPSEV 1126351104 2005.09.10 R25-M1-N0-I:J18-U11 2005-09-10-04.18.24.947164 R25-M1-N0-I:J18-U11 RAS APP FATAL ciod: Error reading message prefix after LOGIN_MESSAGE on CioStream socket to 172.16.96.116:42965: Link has been severed
APPSEV 1126351105 2005.09.10 R31-M1-N0-I:J18-U11 2005-09-10-04.18.25.150724 R31-M1-N0-I:J18-U11 RAS APP FATAL ciod: Error reading message prefix after LOGIN_MESSAGE on CioStream socket to 172.16.96.116:43117: Link has been severed
APPSEV 1126351105 2005.09.10 R52-M0-N0-I:J18-U11 2005-09-10-04.18.25.365416 R52-M0-N0-I:J18-U11 RAS APP FATAL ciod: Error reading message prefix after LOGIN_MESSAGE on CioStream socket to 172.16.96.116:43573: Link has been severed
APPSEV 1126351105 2005.09.10 R21-M1-NC-I:J18-U11 2005-09-10-04.18.25.551783 R21-M1-NC-I:J18-U11 RAS APP FATAL ciod: Error reading message prefix after LOGIN_MESSAGE on CioStream socket to 172.16.96.116:42895: Link has been severed
APPSEV 1126351105 2005.09.10 R21-M0-N8-I:J18-U11 2005-09-10-04.18.25.743619 R21-M0-N8-I:J18-U11 RAS APP FATAL ciod: Error reading message prefix after LOGIN_MESSAGE on CioStream socket to 172.16.96.116:43153: Link has been severed
APPSEV 1126351105 2005.09.10 R22-M1-N4-I:J18-U11 2005-09-10-04.18.25.939354 R22-M1-N4-I:J18-U11 RAS APP FATAL ciod: Error reading message prefix after LOGIN_MESSAGE on CioStream socket to 172.16.96.116:42835: Link has been severed
APPSEV 1126351106 2005.09.10 R32-M0-N0-I:J18-U11 2005-09-10-04.18.26.255278 R32-M0-N0-I:J18-U11 RAS APP FATAL ciod: Error reading message prefix after LOGIN_MESSAGE on CioStream socket to 172.16.96.116:42797: Link has been severed
APPSEV 1126351106 2005.09.10 R64-M1-N4-I:J18-U11 2005-09-10-04.18.26.574441 R64-M1-N4-I:J18-U11 RAS APP FATAL ciod: Error reading message prefix after LOGIN_MESSAGE on CioStream socket to 172.16.96.116:42691: Link has been severed
APPSEV 1126351106 2005.09.10 R20-M1-N4-I:J18-U11 2005-09-10-04.18.26.765593 R20-M1-N4-I:J18-U11 RAS APP FATAL ciod: Error reading message prefix after LOGIN_MESSAGE on CioStream socket to 172.16.96.116:42643: Link has been severed
APPSEV 1126351106 2005.09.10 R60-M1-NC-I:J18-U11 2005-09-10-04.18.26.950190 R60-M1-NC-I:J18-U11 RAS APP FATAL ciod: Error reading message prefix after LOGIN_MESSAGE on CioStream socket to 172.16.96.116:42623: Link has been severed
APPSEV 1126351107 2005.09.10 R45-M0-NC-I:J18-U11 2005-09-10-04.18.27.131536 R45-M0-NC-I:J18-U11 RAS APP FATAL ciod: Error reading message prefix after LOGIN_MESSAGE on CioStream socket to 172.16.96.116:42951: Link has been severed
APPSEV 1126351107 2005.09.10 R47-M1-N8-I:J18-U11 2005-09-10-04.18.27.311074 R47-M1-N8-I:J18-U11 RAS APP FATAL ciod: Error reading message prefix after LOGIN_MESSAGE on CioStream socket to 172.16.96.116:43273: Link has been severed
APPSEV 1126351107 2005.09.10 R21-M0-NC-I:J18-U11 2005-09-10-04.18.27.494242 R21-M0-NC-I:J18-U11 RAS APP FATAL ciod: Error reading message prefix after LOGIN_MESSAGE on CioStream socket to 172.16.96.116:43151: Link has been severed
APPSEV 1126351107 2005.09.10 R21-M0-N4-I:J18-U11 2005-09-10-04.18.27.681031 R21-M0-N4-I:J18-U11 RAS APP FATAL ciod: Error reading message prefix after LOGIN_MESSAGE on CioStream socket to 172.16.96.116:43155: Link has been severed
APPSEV 1126351107 2005.09.10 R26-M1-NC-I:J18-U11 2005-09-10-04.18.27.878097 R26-M1-NC-I:J18-U11 RAS APP FATAL ciod: Error reading message prefix after LOGIN_MESSAGE on CioStream socket to 172.16.96.116:42767: Link has been severed
APPSEV 1126351108 2005.09.10 R43-M0-NC-I:J18-U11 2005-09-10-04.18.28.058014 R43-M0-NC-I:J18-U11 RAS APP FATAL ciod: Error reading message prefix after LOGIN_MESSAGE on CioStream socket to 172.16.96.116:43079: Link has been severed
APPSEV 1126351108 2005.09.10 R47-M1-N0-I:J18-U11 2005-09-10-04.18.28.243843 R47-M1-N0-I:J18-U11 RAS APP FATAL ciod: Error reading message prefix after LOGIN_MESSAGE on CioStream socket to 172.16.96.116:43277: Link has been severed
APPSEV 1126351108 2005.09.10 R34-M0-NC-I:J18-U11 2005-09-10-04.18.28.428069 R34-M0-NC-I:J18-U11 RAS APP FATAL ciod: Error reading message prefix after LOGIN_MESSAGE on CioStream socket to 172.16.96.116:42663: Link has been severed
APPSEV 1126351108 2005.09.10 R10-M0-NC-I:J18-U11 2005-09-10-04.18.28.615037 R10-M0-NC-I:J18-U11 RAS APP FATAL ciod: Error reading message prefix after LOGIN_MESSAGE on CioStream socket to 172.16.96.116:43359: Link has been severed
APPSEV 1126351108 2005.09.10 R64-M0-NC-I:J18-U11 2005-09-10-04.18.28.811373 R64-M0-NC-I:J18-U11 RAS APP FATAL ciod: Error reading message prefix after LOGIN_MESSAGE on CioStream socket to 172.16.96.116:43455: Link has been severed
APPSEV 1126351108 2005.09.10 R64-M1-N0-I:J18-U11 2005-09-10-04.18.28.998493 R64-M1-N0-I:J18-U11 RAS APP FATAL ciod: Error reading message prefix after LOGIN_MESSAGE on CioStream socket to 172.16.96.116:42693: Link has been severed
APPSEV 1126351109 2005.09.10 R64-M0-N8-I:J18-U11 2005-09-10-04.18.29.176332 R64-M0-N8-I:J18-U11 RAS APP FATAL ciod: Error reading message prefix after LOGIN_MESSAGE on CioStream socket to 172.16.96.116:43457: Link has been severed
APPSEV 1126351109 2005.09.10 R25-M1-N8-I:J18-U11 2005-09-10-04.18.29.597229 R25-M1-N8-I:J18-U11 RAS APP FATAL ciod: Error reading message prefix after LOGIN_MESSAGE on CioStream socket to 172.16.96.116:42961: Link has been severed
APPSEV 1126351109 2005.09.10 R25-M1-NC-I:J18-U11 2005-09-10-04.18.29.762815 R25-M1-NC-I:J18-U11 RAS APP FATAL ciod: Error reading message prefix after LOGIN_MESSAGE on CioStream socket to 172.16.96.116:42959: Link has been severed
APPSEV 1126351109 2005.09.10 R30-M1-N4-I:J18-U11 2005-09-10-04.18.29.974784 R30-M1-N4-I:J18-U11 RAS APP FATAL ciod: Error reading message prefix after LOGIN_MESSAGE on CioStream socket to 172.16.96.116:43371: Link has been severed
APPSEV 1126351110 2005.09.10 R21-M1-N8-I:J18-U11 2005-09-10-04.18.30.128350 R21-M1-N8-I:J18-U11 RAS APP FATAL ciod: Error reading message prefix after LOGIN_MESSAGE on CioStream socket to 172.16.96.116:42897: Link has been severed
APPSEV 1126351110 2005.09.10 R65-M1-N0-I:J18-U11 2005-09-10-04.18.30.325389 R65-M1-N0-I:J18-U11 RAS APP FATAL ciod: Error reading message prefix after LOGIN_MESSAGE on CioStream socket to 172.16.96.116:42949: Link has been severed
APPSEV 1126351110 2005.09.10 R67-M1-N4-I:J18-U11 2005-09-10-04.18.30.505025 R67-M1-N4-I:J18-U11 RAS APP FATAL ciod: Error reading message prefix after LOGIN_MESSAGE on CioStream socket to 172.16.96.116:43011: Link has been severed
APPSEV 1126351110 2005.09.10 R30-M0-N4-I:J18-U11 2005-09-10-04.18.30.686334 R30-M0-N4-I:J18-U11 RAS APP FATAL ciod: Error reading message prefix after LOGIN_MESSAGE on CioStream socket to 172.16.96.116:42603: Link has been severed
APPSEV 1126351110 2005.09.10 R67-M1-N0-I:J18-U11 2005-09-10-04.18.30.882405 R67-M1-N0-I:J18-U11 RAS APP FATAL ciod: Error reading message prefix after LOGIN_MESSAGE on CioStream socket to 172.16.96.116:43013: Link has been severed
APPSEV 1126351111 2005.09.10 R30-M1-N0-I:J18-U11 2005-09-10-04.18.31.061371 R30-M1-N0-I:J18-U11 RAS APP FATAL ciod: Error reading message prefix after LOGIN_MESSAGE on CioStream socket to 172.16.96.116:43373: Link has been severed
APPSEV 1126351111 2005.09.10 R23-M0-N0-I:J18-U11 2005-09-10-04.18.31.463932 R23-M0-N0-I:J18-U11 RAS APP FATAL ciod: Error reading message prefix after LOGIN_MESSAGE on CioStream socket to 172.16.96.116:43349: Link has been severed
APPSEV 1126351111 2005.09.10 R30-M0-N8-I:J18-U11 2005-09-10-04.18.31.720667 R30-M0-N8-I:J18-U11 RAS APP FATAL ciod: Error reading message prefix after LOGIN_MESSAGE on CioStream socket to 172.16.96.116:42601: Link has been severed
APPSEV 1126351111 2005.09.10 R37-M0-N4-I:J18-U11 2005-09-10-04.18.31.911980 R37-M0-N4-I:J18-U11 RAS APP FATAL ciod: Error reading message prefix after LOGIN_MESSAGE on CioStream socket to 172.16.96.116:42987: Link has been severed
APPSEV 1126351112 2005.09.10 R23-M1-N4-I:J18-U11 2005-09-10-04.18.32.103206 R23-M1-N4-I:J18-U11 RAS APP FATAL ciod: Error reading message prefix after LOGIN_MESSAGE on CioStream socket to 172.16.96.116:43091: Link has been severed
APPSEV 1126351112 2005.09.10 R65-M1-N8-I:J18-U11 2005-09-10-04.18.32.289113 R65-M1-N8-I:J18-U11 RAS APP FATAL ciod: Error reading message prefix after LOGIN_MESSAGE on CioStream socket to 172.16.96.116:42945: Link has been severed
APPSEV 1126351112 2005.09.10 R65-M0-N8-I:J18-U11 2005-09-10-04.18.32.485949 R65-M0-N8-I:J18-U11 RAS APP FATAL ciod: Error reading message prefix after LOGIN_MESSAGE on CioStream socket to 172.16.96.116:43201: Link has been severed
APPSEV 1126351112 2005.09.10 R64-M0-N0-I:J18-U11 2005-09-10-04.18.32.682789 R64-M0-N0-I:J18-U11 RAS APP FATAL ciod: Error reading message prefix after LOGIN_MESSAGE on CioStream socket to 172.16.96.116:43461: Link has been severed
APPSEV 1126351112 2005.09.10 R64-M0-N4-I:J18-U11 2005-09-10-04.18.32.864369 R64-M0-N4-I:J18-U11 RAS APP FATAL ciod: Error reading message prefix after LOGIN_MESSAGE on CioStream socket to 172.16.96.116:43459: Link has been severed
APPSEV 1126351113 2005.09.10 R23-M1-N0-I:J18-U11 2005-09-10-04.18.33.042764 R23-M1-N0-I:J18-U11 RAS APP FATAL ciod: Error reading message prefix after LOGIN_MESSAGE on CioStream socket to 172.16.96.116:43093: Link has been severed
APPSEV 1126351113 2005.09.10 R60-M1-N8-I:J18-U11 2005-09-10-04.18.33.209122 R60-M1-N8-I:J18-U11 RAS APP FATAL ciod: Error reading message prefix after LOGIN_MESSAGE on CioStream socket to 172.16.96.116:42625: Link has been severed
APPSEV 1126351113 2005.09.10 R60-M1-N0-I:J18-U11 2005-09-10-04.18.33.385020 R60-M1-N0-I:J18-U11 RAS APP FATAL ciod: Error reading message prefix after LOGIN_MESSAGE on CioStream socket to 172.16.96.116:42629: Link has been severed
APPSEV 1126351113 2005.09.10 R30-M0-NC-I:J18-U11 2005-09-10-04.18.33.577575 R30-M0-NC-I:J18-U11 RAS APP FATAL ciod: Error reading message prefix after LOGIN_MESSAGE on CioStream socket to 172.16.96.116:42599: Link has been severed
APPSEV 1126351113 2005.09.10 R23-M0-N4-I:J18-U11 2005-09-10-04.18.33.773848 R23-M0-N4-I:J18-U11 RAS APP FATAL ciod: Error reading message prefix after LOGIN_MESSAGE on CioStream socket to 172.16.96.116:43347: Link has been severed
APPSEV 1126351113 2005.09.10 R57-M1-N8-I:J18-U11 2005-09-10-04.18.33.960429 R57-M1-N8-I:J18-U11 RAS APP FATAL ciod: Error reading message prefix after LOGIN_MESSAGE on CioStream socket to 172.16.96.116:42993: Link has been severed
APPSEV 1126351114 2005.09.10 R32-M1-N8-I:J18-U11 2005-09-10-04.18.34.140132 R32-M1-N8-I:J18-U11 RAS APP FATAL ciod: Error reading message prefix after LOGIN_MESSAGE on CioStream socket to 172.16.96.116:43561: Link has been severed
APPSEV 1126351114 2005.09.10 R65-M0-NC-I:J18-U11 2005-09-10-04.18.34.325511 R65-M0-NC-I:J18-U11 RAS APP FATAL ciod: Error reading message prefix after LOGIN_MESSAGE on CioStream socket to 172.16.96.116:43199: Link has been severed
APPSEV 1126351114 2005.09.10 R65-M1-NC-I:J18-U11 2005-09-10-04.18.34.516577 R65-M1-NC-I:J18-U11 RAS APP FATAL ciod: Error reading message prefix after LOGIN_MESSAGE on CioStream socket to 172.16.96.116:42943: Link has been severed
APPSEV 1126351114 2005.09.10 R60-M1-N4-I:J18-U11 2005-09-10-04.18.34.701961 R60-M1-N4-I:J18-U11 RAS APP FATAL ciod: Error reading message prefix after LOGIN_MESSAGE on CioStream socket to 172.16.96.116:42627: Link has been severed
APPSEV 1126351114 2005.09.10 R23-M1-N8-I:J18-U11 2005-09-10-04.18.34.893922 R23-M1-N8-I:J18-U11 RAS APP FATAL ciod: Error reading message prefix after LOGIN_MESSAGE on CioStream socket to 172.16.96.116:43089: Link has been severed
APPSEV 1126351115 2005.09.10 R23-M0-NC-I:J18-U11 2005-09-10-04.18.35.096185 R23-M0-NC-I:J18-U11 RAS APP FATAL ciod: Error reading message prefix after LOGIN_MESSAGE on CioStream socket to 172.16.96.116:43343: Link has been severed
APPSEV 1126351115 2005.09.10 R74-M1-N0-I:J18-U11 2005-09-10-04.18.35.295680 R74-M1-N0-I:J18-U11 RAS APP FATAL ciod: Error reading message prefix after LOGIN_MESSAGE on CioStream socket to 172.16.96.116:43453: Link has been severed
APPSEV 1126351115 2005.09.10 R74-M0-NC-I:J18-U11 2005-09-10-04.18.35.497425 R74-M0-NC-I:J18-U11 RAS APP FATAL ciod: Error reading message prefix after LOGIN_MESSAGE on CioStream socket to 172.16.96.116:42679: Link has been severed
APPSEV 1126351115 2005.09.10 R74-M1-N4-I:J18-U11 2005-09-10-04.18.35.718332 R74-M1-N4-I:J18-U11 RAS APP FATAL ciod: Error reading message prefix after LOGIN_MESSAGE on CioStream socket to 172.16.96.116:43451: Link has been severed
APPSEV 1126351115 2005.09.10 R74-M1-NC-I:J18-U11 2005-09-10-04.18.35.915674 R74-M1-NC-I:J18-U11 RAS APP FATAL ciod: Error reading message prefix after LOGIN_MESSAGE on CioStream socket to 172.16.96.116:43447: Link has been severed
APPSEV 1126351116 2005.09.10 R32-M1-N0-I:J18-U11 2005-09-10-04.18.36.119369 R32-M1-N0-I:J18-U11 RAS APP FATAL ciod: Error reading message prefix after LOGIN_MESSAGE on CioStream socket to 172.16.96.116:43565: Link has been severed
APPSEV 1126351116 2005.09.10 R32-M1-NC-I:J18-U11 2005-09-10-04.18.36.598506 R32-M1-NC-I:J18-U11 RAS APP FATAL ciod: Error reading message prefix after LOGIN_MESSAGE on CioStream socket to 172.16.96.116:43559: Link has been severed
APPSEV 1126351116 2005.09.10 R74-M1-N8-I:J18-U11 2005-09-10-04.18.36.784247 R74-M1-N8-I:J18-U11 RAS APP FATAL ciod: Error reading message prefix after LOGIN_MESSAGE on CioStream socket to 172.16.96.116:43449: Link has been severed
APPSEV 1126351116 2005.09.10 R74-M0-N8-I:J18-U11 2005-09-10-04.18.36.984090 R74-M0-N8-I:J18-U11 RAS APP FATAL ciod: Error reading message prefix after LOGIN_MESSAGE on CioStream socket to 172.16.96.116:42681: Link has been severed
APPSEV 1126351117 2005.09.10 R32-M0-NC-I:J18-U11 2005-09-10-04.18.37.162168 R32-M0-NC-I:J18-U11 RAS APP FATAL ciod: Error reading message prefix after LOGIN_MESSAGE on CioStream socket to 172.16.96.116:42791: Link has been severed
APPSEV 1126351117 2005.09.10 R72-M1-N8-I:J18-U11 2005-09-10-04.18.37.342905 R72-M1-N8-I:J18-U11 RAS APP FATAL ciod: Error reading message prefix after LOGIN_MESSAGE on CioStream socket to 172.16.96.116:43577: Link has been severed
APPSEV 1126351117 2005.09.10 R72-M1-N4-I:J18-U11 2005-09-10-04.18.37.532086 R72-M1-N4-I:J18-U11 RAS APP FATAL ciod: Error reading message prefix after LOGIN_MESSAGE on CioStream socket to 172.16.96.116:43579: Link has been severed
APPSEV 1126351117 2005.09.10 R72-M0-N4-I:J18-U11 2005-09-10-04.18.37.707784 R72-M0-N4-I:J18-U11 RAS APP FATAL ciod: Error reading message prefix after LOGIN_MESSAGE on CioStream socket to 172.16.96.116:42811: Link has been severed
APPSEV 1126351117 2005.09.10 R32-M0-N4-I:J18-U11 2005-09-10-04.18.37.881610 R32-M0-N4-I:J18-U11 RAS APP FATAL ciod: Error reading message prefix after LOGIN_MESSAGE on CioStream socket to 172.16.96.116:42795: Link has been severed
APPSEV 1126351118 2005.09.10 R42-M0-NC-I:J18-U11 2005-09-10-04.18.38.067325 R42-M0-NC-I:J18-U11 RAS APP FATAL ciod: Error reading message prefix after LOGIN_MESSAGE on CioStream socket to 172.16.96.116:42823: Link has been severed
APPSEV 1126351118 2005.09.10 R61-M0-N8-I:J18-U11 2005-09-10-04.18.38.240423 R61-M0-N8-I:J18-U11 RAS APP FATAL ciod: Error reading message prefix after LOGIN_MESSAGE on CioStream socket to 172.16.96.116:43137: Link has been severed
APPSEV 1126351118 2005.09.10 R73-M0-NC-I:J18-U11 2005-09-10-04.18.38.413080 R73-M0-NC-I:J18-U11 RAS APP FATAL ciod: Error reading message prefix after LOGIN_MESSAGE on CioStream socket to 172.16.96.116:43063: Link has been severed
APPSEV 1126351118 2005.09.10 R65-M0-N0-I:J18-U11 2005-09-10-04.18.38.585707 R65-M0-N0-I:J18-U11 RAS APP FATAL ciod: Error reading message prefix after LOGIN_MESSAGE on CioStream socket to 172.16.96.116:43205: Link has been severed
APPSEV 1126351118 2005.09.10 R73-M1-NC-I:J18-U11 2005-09-10-04.18.38.777194 R73-M1-NC-I:J18-U11 RAS APP FATAL ciod: Error reading message prefix after LOGIN_MESSAGE on CioStream socket to 172.16.96.116:43319: Link has been severed
APPSEV 1126351118 2005.09.10 R73-M1-N8-I:J18-U11 2005-09-10-04.18.38.957107 R73-M1-N8-I:J18-U11 RAS APP FATAL ciod: Error reading message prefix after LOGIN_MESSAGE on CioStream socket to 172.16.96.116:43321: Link has been severed
APPSEV 1126351119 2005.09.10 R70-M0-N4-I:J18-U11 2005-09-10-04.18.39.126331 R70-M0-N4-I:J18-U11 RAS APP FATAL ciod: Error reading message prefix after LOGIN_MESSAGE on CioStream socket to 172.16.96.116:42619: Link has been severed
APPSEV 1126351119 2005.09.10 R74-M0-N0-I:J18-U11 2005-09-10-04.18.39.305655 R74-M0-N0-I:J18-U11 RAS APP FATAL ciod: Error reading message prefix after LOGIN_MESSAGE on CioStream socket to 172.16.96.116:42685: Link has been severed
APPSEV 1126351119 2005.09.10 R72-M1-N0-I:J18-U11 2005-09-10-04.18.39.476515 R72-M1-N0-I:J18-U11 RAS APP FATAL ciod: Error reading message prefix after LOGIN_MESSAGE on CioStream socket to 172.16.96.116:43581: Link has been severed
APPSEV 1126351119 2005.09.10 R74-M0-N4-I:J18-U11 2005-09-10-04.18.39.644989 R74-M0-N4-I:J18-U11 RAS APP FATAL ciod: Error reading message prefix after LOGIN_MESSAGE on CioStream socket to 172.16.96.116:42683: Link has been severed
APPSEV 1126351119 2005.09.10 R31-M1-NC-I:J18-U11 2005-09-10-04.18.39.826206 R31-M1-NC-I:J18-U11 RAS APP FATAL ciod: Error reading message prefix after LOGIN_MESSAGE on CioStream socket to 172.16.96.116:43111: Link has been severed
APPSEV 1126351120 2005.09.10 R76-M0-NC-I:J18-U11 2005-09-10-04.18.40.022884 R76-M0-NC-I:J18-U11 RAS APP FATAL ciod: Error reading message prefix after LOGIN_MESSAGE on CioStream socket to 172.16.96.116:42743: Link has been severed
APPSEV 1126351120 2005.09.10 R76-M1-NC-I:J18-U11 2005-09-10-04.18.40.206896 R76-M1-NC-I:J18-U11 RAS APP FATAL ciod: Error reading message prefix after LOGIN_MESSAGE on CioStream socket to 172.16.96.116:43511: Link has been severed
APPSEV 1126351120 2005.09.10 R76-M1-N8-I:J18-U11 2005-09-10-04.18.40.386077 R76-M1-N8-I:J18-U11 RAS APP FATAL ciod: Error reading message prefix after LOGIN_MESSAGE on CioStream socket to 172.16.96.116:43513: Link has been severed
APPSEV 1126351120 2005.09.10 R72-M0-NC-I:J18-U11 2005-09-10-04.18.40.585353 R72-M0-NC-I:J18-U11 RAS APP FATAL ciod: Error reading message prefix after LOGIN_MESSAGE on CioStream socket to 172.16.96.116:42807: Link has been severed
APPSEV 1126351120 2005.09.10 R70-M1-N0-I:J18-U11 2005-09-10-04.18.40.777041 R70-M1-N0-I:J18-U11 RAS APP FATAL ciod: Error reading message prefix after LOGIN_MESSAGE on CioStream socket to 172.16.96.116:43389: Link has been severed
APPSEV 1126351120 2005.09.10 R24-M0-NC-I:J18-U11 2005-09-10-04.18.40.955528 R24-M0-NC-I:J18-U11 RAS APP FATAL ciod: Error reading message prefix after LOGIN_MESSAGE on CioStream socket to 172.16.96.116:43471: Link has been severed
APPSEV 1126351121 2005.09.10 R70-M1-N8-I:J18-U11 2005-09-10-04.18.41.279508 R70-M1-N8-I:J18-U11 RAS APP FATAL ciod: Error reading message prefix after LOGIN_MESSAGE on CioStream socket to 172.16.96.116:43385: Link has been severed
APPSEV 1126351121 2005.09.10 R73-M1-N0-I:J18-U11 2005-09-10-04.18.41.596197 R73-M1-N0-I:J18-U11 RAS APP FATAL ciod: Error reading message prefix after LOGIN_MESSAGE on CioStream socket to 172.16.96.116:43325: Link has been severed
APPSEV 1126351121 2005.09.10 R70-M0-NC-I:J18-U11 2005-09-10-04.18.41.801339 R70-M0-NC-I:J18-U11 RAS APP FATAL ciod: Error reading message prefix after LOGIN_MESSAGE on CioStream socket to 172.16.96.116:42615: Link has been severed
APPSEV 1126351121 2005.09.10 R70-M1-N4-I:J18-U11 2005-09-10-04.18.41.990884 R70-M1-N4-I:J18-U11 RAS APP FATAL ciod: Error reading message prefix after LOGIN_MESSAGE on CioStream socket to 172.16.96.116:43387: Link has been severed
APPSEV 1126351122 2005.09.10 R70-M1-NC-I:J18-U11 2005-09-10-04.18.42.175965 R70-M1-NC-I:J18-U11 RAS APP FATAL ciod: Error reading message prefix after LOGIN_MESSAGE on CioStream socket to 172.16.96.116:43383: Link has been severed
APPSEV 1126351122 2005.09.10 R70-M0-N0-I:J18-U11 2005-09-10-04.18.42.380730 R70-M0-N0-I:J18-U11 RAS APP FATAL ciod: Error reading message prefix after LOGIN_MESSAGE on CioStream socket to 172.16.96.116:42621: Link has been severed
APPSEV 1126351122 2005.09.10 R70-M0-N8-I:J18-U11 2005-09-10-04.18.42.560496 R70-M0-N8-I:J18-U11 RAS APP FATAL ciod: Error reading message prefix after LOGIN_MESSAGE on CioStream socket to 172.16.96.116:42617: Link has been severed
APPSEV 1126351122 2005.09.10 R46-M0-N0-I:J18-U11 2005-09-10-04.18.42.740385 R46-M0-N0-I:J18-U11 RAS APP FATAL ciod: Error reading message prefix after LOGIN_MESSAGE on CioStream socket to 172.16.96.116:42765: Link has been severed
APPSEV 1126351122 2005.09.10 R60-M0-NC-I:J18-U11 2005-09-10-04.18.42.937942 R60-M0-NC-I:J18-U11 RAS APP FATAL ciod: Error reading message prefix after LOGIN_MESSAGE on CioStream socket to 172.16.96.116:43391: Link has been severed
APPSEV 1126351123 2005.09.10 R72-M0-N8-I:J18-U11 2005-09-10-04.18.43.133936 R72-M0-N8-I:J18-U11 RAS APP FATAL ciod: Error reading message prefix after LOGIN_MESSAGE on CioStream socket to 172.16.96.116:42809: Link has been severed
APPSEV 1126351123 2005.09.10 R46-M1-N4-I:J18-U11 2005-09-10-04.18.43.325475 R46-M1-N4-I:J18-U11 RAS APP FATAL ciod: Error reading message prefix after LOGIN_MESSAGE on CioStream socket to 172.16.96.116:43531: Link has been severed
APPSEV 1126351123 2005.09.10 R60-M0-N0-I:J18-U11 2005-09-10-04.18.43.516103 R60-M0-N0-I:J18-U11 RAS APP FATAL ciod: Error reading message prefix after LOGIN_MESSAGE on CioStream socket to 172.16.96.116:43397: Link has been severed
APPSEV 1126351123 2005.09.10 R61-M0-N0-I:J18-U11 2005-09-10-04.18.43.726855 R61-M0-N0-I:J18-U11 RAS APP FATAL ciod: Error reading message prefix after LOGIN_MESSAGE on CioStream socket to 172.16.96.116:43141: Link has been severed
APPSEV 1126351123 2005.09.10 R61-M1-NC-I:J18-U11 2005-09-10-04.18.43.918104 R61-M1-NC-I:J18-U11 RAS APP FATAL ciod: Error reading message prefix after LOGIN_MESSAGE on CioStream socket to 172.16.96.116:42879: Link has been severed
APPSEV 1126351124 2005.09.10 R76-M0-N8-I:J18-U11 2005-09-10-04.18.44.109652 R76-M0-N8-I:J18-U11 RAS APP FATAL ciod: Error reading message prefix after LOGIN_MESSAGE on CioStream socket to 172.16.96.116:42745: Link has been severed
APPSEV 1126351124 2005.09.10 R73-M0-N4-I:J18-U11 2005-09-10-04.18.44.325160 R73-M0-N4-I:J18-U11 RAS APP FATAL ciod: Error reading message prefix after LOGIN_MESSAGE on CioStream socket to 172.16.96.116:43067: Link has been severed
APPSEV 1126351124 2005.09.10 R71-M1-NC-I:J18-U11 2005-09-10-04.18.44.516439 R71-M1-NC-I:J18-U11 RAS APP FATAL ciod: Error reading message prefix after LOGIN_MESSAGE on CioStream socket to 172.16.96.116:43127: Link has been severed
APPSEV 1126351124 2005.09.10 R73-M1-N4-I:J18-U11 2005-09-10-04.18.44.707406 R73-M1-N4-I:J18-U11 RAS APP FATAL ciod: Error reading message prefix after LOGIN_MESSAGE on CioStream socket to 172.16.96.116:43323: Link has been severed
APPSEV 1126351124 2005.09.10 R76-M1-N4-I:J18-U11 2005-09-10-04.18.44.910241 R76-M1-N4-I:J18-U11 RAS APP FATAL ciod: Error reading message prefix after LOGIN_MESSAGE on CioStream socket to 172.16.96.116:43515: Link has been severed
APPSEV 1126351125 2005.09.10 R73-M0-N8-I:J18-U11 2005-09-10-04.18.45.120895 R73-M0-N8-I:J18-U11 RAS APP FATAL ciod: Error reading message prefix after LOGIN_MESSAGE on CioStream socket to 172.16.96.116:43065: Link has been severed
APPSEV 1126351125 2005.09.10 R72-M0-N0-I:J18-U11 2005-09-10-04.18.45.319368 R72-M0-N0-I:J18-U11 RAS APP FATAL ciod: Error reading message prefix after LOGIN_MESSAGE on CioStream socket to 172.16.96.116:42813: Link has been severed
APPSEV 1126351125 2005.09.10 R62-M1-N4-I:J18-U11 2005-09-10-04.18.45.509622 R62-M1-N4-I:J18-U11 RAS APP FATAL ciod: Error reading message prefix after LOGIN_MESSAGE on CioStream socket to 172.16.96.116:42819: Link has been severed
APPSEV 1126351125 2005.09.10 R61-M1-N4-I:J18-U11 2005-09-10-04.18.45.720634 R61-M1-N4-I:J18-U11 RAS APP FATAL ciod: Error reading message prefix after LOGIN_MESSAGE on CioStream socket to 172.16.96.116:42883: Link has been severed
APPSEV 1126351125 2005.09.10 R61-M0-NC-I:J18-U11 2005-09-10-04.18.45.910388 R61-M0-NC-I:J18-U11 RAS APP FATAL ciod: Error reading message prefix after LOGIN_MESSAGE on CioStream socket to 172.16.96.116:43135: Link has been severed
APPSEV 1126351126 2005.09.10 R61-M1-N8-I:J18-U11 2005-09-10-04.18.46.111213 R61-M1-N8-I:J18-U11 RAS APP FATAL ciod: Error reading message prefix after LOGIN_MESSAGE on CioStream socket to 172.16.96.116:42881: Link has been severed
APPSEV 1126351126 2005.09.10 R61-M1-N0-I:J18-U11 2005-09-10-04.18.46.498435 R61-M1-N0-I:J18-U11 RAS APP FATAL ciod: Error reading message prefix after LOGIN_MESSAGE on CioStream socket to 172.16.96.116:42885: Link has been severed
APPSEV 1126351126 2005.09.10 R61-M0-N4-I:J18-U11 2005-09-10-04.18.46.749066 R61-M0-N4-I:J18-U11 RAS APP FATAL ciod: Error reading message prefix after LOGIN_MESSAGE on CioStream socket to 172.16.96.116:43139: Link has been severed
APPSEV 1126351126 2005.09.10 R50-M0-N8-I:J18-U11 2005-09-10-04.18.46.927433 R50-M0-N8-I:J18-U11 RAS APP FATAL ciod: Error reading message prefix after LOGIN_MESSAGE on CioStream socket to 172.16.96.116:43377: Link has been severed
APPSEV 1126351127 2005.09.10 R71-M1-N8-I:J18-U11 2005-09-10-04.18.47.119890 R71-M1-N8-I:J18-U11 RAS APP FATAL ciod: Error reading message prefix after LOGIN_MESSAGE on CioStream socket to 172.16.96.116:43129: Link has been severed
APPSEV 1126351127 2005.09.10 R50-M1-N4-I:J18-U11 2005-09-10-04.18.47.302862 R50-M1-N4-I:J18-U11 RAS APP FATAL ciod: Error reading message prefix after LOGIN_MESSAGE on CioStream socket to 172.16.96.116:42611: Link has been severed
APPSEV 1126351127 2005.09.10 R50-M0-N4-I:J18-U11 2005-09-10-04.18.47.485761 R50-M0-N4-I:J18-U11 RAS APP FATAL ciod: Error reading message prefix after LOGIN_MESSAGE on CioStream socket to 172.16.96.116:43379: Link has been severed
APPSEV 1126351127 2005.09.10 R23-M0-N8-I:J18-U11 2005-09-10-04.18.47.677306 R23-M0-N8-I:J18-U11 RAS APP FATAL ciod: Error reading message prefix after LOGIN_MESSAGE on CioStream socket to 172.16.96.116:43345: Link has been severed
APPSEV 1126351127 2005.09.10 R50-M0-N0-I:J18-U11 2005-09-10-04.18.47.855701 R50-M0-N0-I:J18-U11 RAS APP FATAL ciod: Error reading message prefix after LOGIN_MESSAGE on CioStream socket to 172.16.96.116:43381: Link has been severed
APPSEV 1126351128 2005.09.10 R46-M1-N0-I:J18-U11 2005-09-10-04.18.48.033542 R46-M1-N0-I:J18-U11 RAS APP FATAL ciod: Error reading message prefix after LOGIN_MESSAGE on CioStream socket to 172.16.96.116:43533: Link has been severed
APPSEV 1126351128 2005.09.10 R46-M0-NC-I:J18-U11 2005-09-10-04.18.48.214343 R46-M0-NC-I:J18-U11 RAS APP FATAL ciod: Error reading message prefix after LOGIN_MESSAGE on CioStream socket to 172.16.96.116:42759: Link has been severed
APPSEV 1126351128 2005.09.10 R73-M0-N0-I:J18-U11 2005-09-10-04.18.48.411874 R73-M0-N0-I:J18-U11 RAS APP FATAL ciod: Error reading message prefix after LOGIN_MESSAGE on CioStream socket to 172.16.96.116:43069: Link has been severed
APPSEV 1126351128 2005.09.10 R76-M0-N0-I:J18-U11 2005-09-10-04.18.48.579626 R76-M0-N0-I:J18-U11 RAS APP FATAL ciod: Error reading message prefix after LOGIN_MESSAGE on CioStream socket to 172.16.96.116:42749: Link has been severed
APPSEV 1126351128 2005.09.10 R71-M1-N4-I:J18-U11 2005-09-10-04.18.48.746316 R71-M1-N4-I:J18-U11 RAS APP FATAL ciod: Error reading message prefix after LOGIN_MESSAGE on CioStream socket to 172.16.96.116:43131: Link has been severed
APPSEV 1126351128 2005.09.10 R32-M1-N4-I:J18-U11 2005-09-10-04.18.48.921284 R32-M1-N4-I:J18-U11 RAS APP FATAL ciod: Error reading message prefix after LOGIN_MESSAGE on CioStream socket to 172.16.96.116:43563: Link has been severed
APPSEV 1126351129 2005.09.10 R60-M0-N8-I:J18-U11 2005-09-10-04.18.49.099708 R60-M0-N8-I:J18-U11 RAS APP FATAL ciod: Error reading message prefix after LOGIN_MESSAGE on CioStream socket to 172.16.96.116:43393: Link has been severed
APPSEV 1126351129 2005.09.10 R32-M0-N8-I:J18-U11 2005-09-10-04.18.49.357839 R32-M0-N8-I:J18-U11 RAS APP FATAL ciod: Error reading message prefix after LOGIN_MESSAGE on CioStream socket to 172.16.96.116:42793: Link has been severed
APPSEV 1126351129 2005.09.10 R50-M1-N8-I:J18-U11 2005-09-10-04.18.49.580696 R50-M1-N8-I:J18-U11 RAS APP FATAL ciod: Error reading message prefix after LOGIN_MESSAGE on CioStream socket to 172.16.96.116:42609: Link has been severed
APPSEV 1126351129 2005.09.10 R76-M1-N0-I:J18-U11 2005-09-10-04.18.49.757836 R76-M1-N0-I:J18-U11 RAS APP FATAL ciod: Error reading message prefix after LOGIN_MESSAGE on CioStream socket to 172.16.96.116:43517: Link has been severed
APPSEV 1126351129 2005.09.10 R60-M0-N4-I:J18-U11 2005-09-10-04.18.49.950280 R60-M0-N4-I:J18-U11 RAS APP FATAL ciod: Error reading message prefix after LOGIN_MESSAGE on CioStream socket to 172.16.96.116:43395: Link has been severed
APPSEV 1126351130 2005.09.10 R62-M0-NC-I:J18-U11 2005-09-10-04.18.50.124549 R62-M0-NC-I:J18-U11 RAS APP FATAL ciod: Error reading message prefix after LOGIN_MESSAGE on CioStream socket to 172.16.96.116:43583: Link has been severed
APPSEV 1126351130 2005.09.10 R62-M0-N0-I:J18-U11 2005-09-10-04.18.50.307571 R62-M0-N0-I:J18-U11 RAS APP FATAL ciod: Error reading message prefix after LOGIN_MESSAGE on CioStream socket to 172.16.96.116:43589: Link has been severed
APPSEV 1126351130 2005.09.10 R62-M0-N4-I:J18-U11 2005-09-10-04.18.50.487037 R62-M0-N4-I:J18-U11 RAS APP FATAL ciod: Error reading message prefix after LOGIN_MESSAGE on CioStream socket to 172.16.96.116:43587: Link has been severed
APPSEV 1126351130 2005.09.10 R62-M0-N8-I:J18-U11 2005-09-10-04.18.50.663114 R62-M0-N8-I:J18-U11 RAS APP FATAL ciod: Error reading message prefix after LOGIN_MESSAGE on CioStream socket to 172.16.96.116:43585: Link has been severed
APPSEV 1126351130 2005.09.10 R62-M1-N8-I:J18-U11 2005-09-10-04.18.50.848961 R62-M1-N8-I:J18-U11 RAS APP FATAL ciod: Error reading message prefix after LOGIN_MESSAGE on CioStream socket to 172.16.96.116:42817: Link has been severed
APPSEV 1126351131 2005.09.10 R71-M0-NC-I:J18-U11 2005-09-10-04.18.51.016509 R71-M0-NC-I:J18-U11 RAS APP FATAL ciod: Error reading message prefix after LOGIN_MESSAGE on CioStream socket to 172.16.96.116:42871: Link has been severed
APPSEV 1126351131 2005.09.10 R75-M0-N4-I:J18-U11 2005-09-10-04.18.51.263241 R75-M0-N4-I:J18-U11 RAS APP FATAL ciod: Error reading message prefix after LOGIN_MESSAGE on CioStream socket to 172.16.96.116:42939: Link has been severed
APPSEV 1126351131 2005.09.10 R46-M0-N8-I:J18-U11 2005-09-10-04.18.51.591259 R46-M0-N8-I:J18-U11 RAS APP FATAL ciod: Error reading message prefix after LOGIN_MESSAGE on CioStream socket to 172.16.96.116:42761: Link has been severed
APPSEV 1126351131 2005.09.10 R62-M1-NC-I:J18-U11 2005-09-10-04.18.51.806859 R62-M1-NC-I:J18-U11 RAS APP FATAL ciod: Error reading message prefix after LOGIN_MESSAGE on CioStream socket to 172.16.96.116:42815: Link has been severed
APPSEV 1126351131 2005.09.10 R35-M0-N0-I:J18-U11 2005-09-10-04.18.51.975482 R35-M0-N0-I:J18-U11 RAS APP FATAL ciod: Error reading message prefix after LOGIN_MESSAGE on CioStream socket to 172.16.96.116:42925: Link has been severed
APPSEV 1126351132 2005.09.10 R75-M0-N0-I:J18-U11 2005-09-10-04.18.52.142758 R75-M0-N0-I:J18-U11 RAS APP FATAL ciod: Error reading message prefix after LOGIN_MESSAGE on CioStream socket to 172.16.96.116:42941: Link has been severed
APPSEV 1126351132 2005.09.10 R75-M0-N8-I:J18-U11 2005-09-10-04.18.52.316283 R75-M0-N8-I:J18-U11 RAS APP FATAL ciod: Error reading message prefix after LOGIN_MESSAGE on CioStream socket to 172.16.96.116:42937: Link has been severed
APPSEV 1126351132 2005.09.10 R33-M0-N0-I:J18-U11 2005-09-10-04.18.52.488998 R33-M0-N0-I:J18-U11 RAS APP FATAL ciod: Error reading message prefix after LOGIN_MESSAGE on CioStream socket to 172.16.96.116:43053: Link has been severed
APPSEV 1126351132 2005.09.10 R75-M1-N8-I:J18-U11 2005-09-10-04.18.52.669529 R75-M1-N8-I:J18-U11 RAS APP FATAL ciod: Error reading message prefix after LOGIN_MESSAGE on CioStream socket to 172.16.96.116:43193: Link has been severed
APPSEV 1126351132 2005.09.10 R35-M1-N8-I:J18-U11 2005-09-10-04.18.52.850100 R35-M1-N8-I:J18-U11 RAS APP FATAL ciod: Error reading message prefix after LOGIN_MESSAGE on CioStream socket to 172.16.96.116:43177: Link has been severed
APPSEV 1126351133 2005.09.10 R35-M1-NC-I:J18-U11 2005-09-10-04.18.53.033276 R35-M1-NC-I:J18-U11 RAS APP FATAL ciod: Error reading message prefix after LOGIN_MESSAGE on CioStream socket to 172.16.96.116:43175: Link has been severed
APPSEV 1126351133 2005.09.10 R35-M0-NC-I:J18-U11 2005-09-10-04.18.53.206752 R35-M0-NC-I:J18-U11 RAS APP FATAL ciod: Error reading message prefix after LOGIN_MESSAGE on CioStream socket to 172.16.96.116:42919: Link has been severed
APPSEV 1126351133 2005.09.10 R10-M0-N0-I:J18-U11 2005-09-10-04.18.53.380203 R10-M0-N0-I:J18-U11 RAS APP FATAL ciod: Error reading message prefix after LOGIN_MESSAGE on CioStream socket to 172.16.96.116:43365: Link has been severed
APPSEV 1126351133 2005.09.10 R10-M1-NC-I:J18-U11 2005-09-10-04.18.53.549627 R10-M1-NC-I:J18-U11 RAS APP FATAL ciod: Error reading message prefix after LOGIN_MESSAGE on CioStream socket to 172.16.96.116:42591: Link has been severed
APPSEV 1126351133 2005.09.10 R10-M1-N8-I:J18-U11 2005-09-10-04.18.53.735613 R10-M1-N8-I:J18-U11 RAS APP FATAL ciod: Error reading message prefix after LOGIN_MESSAGE on CioStream socket to 172.16.96.116:42593: Link has been severed
APPSEV 1126351133 2005.09.10 R76-M0-N4-I:J18-U11 2005-09-10-04.18.53.912117 R76-M0-N4-I:J18-U11 RAS APP FATAL ciod: Error reading message prefix after LOGIN_MESSAGE on CioStream socket to 172.16.96.116:42747: Link has been severed
APPSEV 1126351134 2005.09.10 R17-M1-NC-I:J18-U11 2005-09-10-04.18.54.087034 R17-M1-NC-I:J18-U11 RAS APP FATAL ciod: Error reading message prefix after LOGIN_MESSAGE on CioStream socket to 172.16.96.116:42975: Link has been severed
APPSEV 1126351134 2005.09.10 R10-M1-N4-I:J18-U11 2005-09-10-04.18.54.268595 R10-M1-N4-I:J18-U11 RAS APP FATAL ciod: Error reading message prefix after LOGIN_MESSAGE on CioStream socket to 172.16.96.116:42595: Link has been severed
APPSEV 1126351134 2005.09.10 R16-M0-N8-I:J18-U11 2005-09-10-04.18.54.433987 R16-M0-N8-I:J18-U11 RAS APP FATAL ciod: Error reading message prefix after LOGIN_MESSAGE on CioStream socket to 172.16.96.116:43489: Link has been severed
APPSEV 1126351134 2005.09.10 R35-M0-N8-I:J18-U11 2005-09-10-04.18.54.608139 R35-M0-N8-I:J18-U11 RAS APP FATAL ciod: Error reading message prefix after LOGIN_MESSAGE on CioStream socket to 172.16.96.116:42921: Link has been severed
APPSEV 1126351134 2005.09.10 R16-M1-N4-I:J18-U11 2005-09-10-04.18.54.793547 R16-M1-N4-I:J18-U11 RAS APP FATAL ciod: Error reading message prefix after LOGIN_MESSAGE on CioStream socket to 172.16.96.116:42723: Link has been severed
APPSEV 1126351134 2005.09.10 R16-M0-N4-I:J18-U11 2005-09-10-04.18.54.961346 R16-M0-N4-I:J18-U11 RAS APP FATAL ciod: Error reading message prefix after LOGIN_MESSAGE on CioStream socket to 172.16.96.116:43491: Link has been severed
APPSEV 1126351135 2005.09.10 R12-M1-N4-I:J18-U11 2005-09-10-04.18.55.128794 R12-M1-N4-I:J18-U11 RAS APP FATAL ciod: Error reading message prefix after LOGIN_MESSAGE on CioStream socket to 172.16.96.116:42787: Link has been severed
APPSEV 1126351135 2005.09.10 R57-M0-N8-I:J18-U11 2005-09-10-04.18.55.296051 R57-M0-N8-I:J18-U11 RAS APP FATAL ciod: Error reading message prefix after LOGIN_MESSAGE on CioStream socket to 172.16.96.116:43249: Link has been severed
APPSEV 1126351135 2005.09.10 R15-M1-N0-I:J18-U11 2005-09-10-04.18.55.499957 R15-M1-N0-I:J18-U11 RAS APP FATAL ciod: Error reading message prefix after LOGIN_MESSAGE on CioStream socket to 172.16.96.116:42917: Link has been severed
APPSEV 1126351135 2005.09.10 R13-M1-N8-I:J18-U11 2005-09-10-04.18.55.686889 R13-M1-N8-I:J18-U11 RAS APP FATAL ciod: Error reading message prefix after LOGIN_MESSAGE on CioStream socket to 172.16.96.116:43041: Link has been severed
APPSEV 1126351135 2005.09.10 R10-M0-N4-I:J18-U11 2005-09-10-04.18.55.882920 R10-M0-N4-I:J18-U11 RAS APP FATAL ciod: Error reading message prefix after LOGIN_MESSAGE on CioStream socket to 172.16.96.116:43363: Link has been severed
APPSEV 1126351136 2005.09.10 R10-M0-N8-I:J18-U11 2005-09-10-04.18.56.081032 R10-M0-N8-I:J18-U11 RAS APP FATAL ciod: Error reading message prefix after LOGIN_MESSAGE on CioStream socket to 172.16.96.116:43361: Link has been severed
APPSEV 1126351136 2005.09.10 R12-M0-N4-I:J18-U11 2005-09-10-04.18.56.481350 R12-M0-N4-I:J18-U11 RAS APP FATAL ciod: Error reading message prefix after LOGIN_MESSAGE on CioStream socket to 172.16.96.116:43555: Link has been severed
APPSEV 1126351136 2005.09.10 R75-M1-N0-I:J18-U11 2005-09-10-04.18.56.693988 R75-M1-N0-I:J18-U11 RAS APP FATAL ciod: Error reading message prefix after LOGIN_MESSAGE on CioStream socket to 172.16.96.116:43197: Link has been severed
APPSEV 1126351136 2005.09.10 R75-M0-NC-I:J18-U11 2005-09-10-04.18.56.894537 R75-M0-NC-I:J18-U11 RAS APP FATAL ciod: Error reading message prefix after LOGIN_MESSAGE on CioStream socket to 172.16.96.116:42935: Link has been severed
APPSEV 1126351137 2005.09.10 R15-M0-NC-I:J18-U11 2005-09-10-04.18.57.078089 R15-M0-NC-I:J18-U11 RAS APP FATAL ciod: Error reading message prefix after LOGIN_MESSAGE on CioStream socket to 172.16.96.116:43167: Link has been severed
APPSEV 1126351137 2005.09.10 R15-M1-N4-I:J18-U11 2005-09-10-04.18.57.259585 R15-M1-N4-I:J18-U11 RAS APP FATAL ciod: Error reading message prefix after LOGIN_MESSAGE on CioStream socket to 172.16.96.116:42915: Link has been severed
APPSEV 1126351137 2005.09.10 R15-M1-NC-I:J18-U11 2005-09-10-04.18.57.449930 R15-M1-NC-I:J18-U11 RAS APP FATAL ciod: Error reading message prefix after LOGIN_MESSAGE on CioStream socket to 172.16.96.116:42911: Link has been severed
APPSEV 1126351137 2005.09.10 R15-M1-N8-I:J18-U11 2005-09-10-04.18.57.631058 R15-M1-N8-I:J18-U11 RAS APP FATAL ciod: Error reading message prefix after LOGIN_MESSAGE on CioStream socket to 172.16.96.116:42913: Link has been severed
APPSEV 1126351137 2005.09.10 R16-M1-N0-I:J18-U11 2005-09-10-04.18.57.827864 R16-M1-N0-I:J18-U11 RAS APP FATAL ciod: Error reading message prefix after LOGIN_MESSAGE on CioStream socket to 172.16.96.116:42725: Link has been severed
APPSEV 1126351138 2005.09.10 R10-M1-N0-I:J18-U11 2005-09-10-04.18.58.012865 R10-M1-N0-I:J18-U11 RAS APP FATAL ciod: Error reading message prefix after LOGIN_MESSAGE on CioStream socket to 172.16.96.116:42597: Link has been severed
APPSEV 1126351138 2005.09.10 R07-M1-N4-I:J18-U11 2005-09-10-04.18.58.192249 R07-M1-N4-I:J18-U11 RAS APP FATAL ciod: Error reading message prefix after LOGIN_MESSAGE on CioStream socket to 172.16.96.116:43227: Link has been severed
APPSEV 1126351138 2005.09.10 R16-M0-NC-I:J18-U11 2005-09-10-04.18.58.378283 R16-M0-NC-I:J18-U11 RAS APP FATAL ciod: Error reading message prefix after LOGIN_MESSAGE on CioStream socket to 172.16.96.116:43487: Link has been severed
APPSEV 1126351138 2005.09.10 R00-M0-NC-I:J18-U11 2005-09-10-04.18.58.558644 R00-M0-NC-I:J18-U11 RAS APP FATAL ciod: Error reading message prefix after LOGIN_MESSAGE on CioStream socket to 172.16.96.116:42583: Link has been severed
APPSEV 1126351138 2005.09.10 R14-M1-N4-I:J18-U11 2005-09-10-04.18.58.739256 R14-M1-N4-I:J18-U11 RAS APP FATAL ciod: Error reading message prefix after LOGIN_MESSAGE on CioStream socket to 172.16.96.116:42659: Link has been severed
APPSEV 1126351138 2005.09.10 R00-M1-N8-I:J18-U11 2005-09-10-04.18.58.921423 R00-M1-N8-I:J18-U11 RAS APP FATAL ciod: Error reading message prefix after LOGIN_MESSAGE on CioStream socket to 172.16.96.116:43353: Link has been severed
APPSEV 1126351139 2005.09.10 R14-M0-NC-I:J18-U11 2005-09-10-04.18.59.124874 R14-M0-NC-I:J18-U11 RAS APP FATAL ciod: Error reading message prefix after LOGIN_MESSAGE on CioStream socket to 172.16.96.116:43423: Link has been severed
APPSEV 1126351139 2005.09.10 R14-M1-N0-I:J18-U11 2005-09-10-04.18.59.306474 R14-M1-N0-I:J18-U11 RAS APP FATAL ciod: Error reading message prefix after LOGIN_MESSAGE on CioStream socket to 172.16.96.116:42661: Link has been severed
APPSEV 1126351139 2005.09.10 R05-M0-N4-I:J18-U11 2005-09-10-04.18.59.485680 R05-M0-N4-I:J18-U11 RAS APP FATAL ciod: Error reading message prefix after LOGIN_MESSAGE on CioStream socket to 172.16.96.116:42907: Link has been severed
APPSEV 1126351139 2005.09.10 R00-M1-N0-I:J18-U11 2005-09-10-04.18.59.675737 R00-M1-N0-I:J18-U11 RAS APP FATAL ciod: Error reading message prefix after LOGIN_MESSAGE on CioStream socket to 172.16.96.116:43357: Link has been severed
APPSEV 1126351139 2005.09.10 R00-M1-N4-I:J18-U11 2005-09-10-04.18.59.860898 R00-M1-N4-I:J18-U11 RAS APP FATAL ciod: Error reading message prefix after LOGIN_MESSAGE on CioStream socket to 172.16.96.116:43355: Link has been severed
APPSEV 1126351140 2005.09.10 R14-M0-N0-I:J18-U11 2005-09-10-04.19.00.041778 R14-M0-N0-I:J18-U11 RAS APP FATAL ciod: Error reading message prefix after LOGIN_MESSAGE on CioStream socket to 172.16.96.116:43429: Link has been severed
APPSEV 1126351140 2005.09.10 R12-M0-NC-I:J18-U11 2005-09-10-04.19.00.233255 R12-M0-NC-I:J18-U11 RAS APP FATAL ciod: Error reading message prefix after LOGIN_MESSAGE on CioStream socket to 172.16.96.116:43551: Link has been severed
APPSEV 1126351140 2005.09.10 R12-M0-N0-I:J18-U11 2005-09-10-04.19.00.411287 R12-M0-N0-I:J18-U11 RAS APP FATAL ciod: Error reading message prefix after LOGIN_MESSAGE on CioStream socket to 172.16.96.116:43557: Link has been severed
APPSEV 1126351140 2005.09.10 R12-M1-N8-I:J18-U11 2005-09-10-04.19.00.586733 R12-M1-N8-I:J18-U11 RAS APP FATAL ciod: Error reading message prefix after LOGIN_MESSAGE on CioStream socket to 172.16.96.116:42785: Link has been severed
APPSEV 1126351140 2005.09.10 R12-M0-N8-I:J18-U11 2005-09-10-04.19.00.753563 R12-M0-N8-I:J18-U11 RAS APP FATAL ciod: Error reading message prefix after LOGIN_MESSAGE on CioStream socket to 172.16.96.116:43553: Link has been severed
APPSEV 1126351140 2005.09.10 R16-M1-N8-I:J18-U11 2005-09-10-04.19.00.938662 R16-M1-N8-I:J18-U11 RAS APP FATAL ciod: Error reading message prefix after LOGIN_MESSAGE on CioStream socket to 172.16.96.116:42721: Link has been severed
APPSEV 1126351141 2005.09.10 R14-M1-NC-I:J18-U11 2005-09-10-04.19.01.105342 R14-M1-NC-I:J18-U11 RAS APP FATAL ciod: Error reading message prefix after LOGIN_MESSAGE on CioStream socket to 172.16.96.116:42655: Link has been severed
APPSEV 1126351141 2005.09.10 R00-M0-N4-I:J18-U11 2005-09-10-04.19.01.472108 R00-M0-N4-I:J18-U11 RAS APP FATAL ciod: Error reading message prefix after LOGIN_MESSAGE on CioStream socket to 172.16.96.116:42587: Link has been severed
APPSEV 1126351141 2005.09.10 R05-M1-NC-I:J18-U11 2005-09-10-04.19.01.694290 R05-M1-NC-I:J18-U11 RAS APP FATAL ciod: Error reading message prefix after LOGIN_MESSAGE on CioStream socket to 172.16.96.116:43159: Link has been severed
APPSEV 1126351141 2005.09.10 R03-M0-N4-I:J18-U11 2005-09-10-04.19.01.909638 R03-M0-N4-I:J18-U11 RAS APP FATAL ciod: Error reading message prefix after LOGIN_MESSAGE on CioStream socket to 172.16.96.116:43035: Link has been severed
APPSEV 1126351142 2005.09.10 R00-M0-N0-I:J18-U11 2005-09-10-04.19.02.090100 R00-M0-N0-I:J18-U11 RAS APP FATAL ciod: Error reading message prefix after LOGIN_MESSAGE on CioStream socket to 172.16.96.116:42589: Link has been severed
APPSEV 1126351142 2005.09.10 R54-M0-NC-I:J18-U11 2005-09-10-04.19.02.268930 R54-M0-NC-I:J18-U11 RAS APP FATAL ciod: Error reading message prefix after LOGIN_MESSAGE on CioStream socket to 172.16.96.116:43439: Link has been severed
APPSEV 1126351142 2005.09.10 R03-M1-N8-I:J18-U11 2005-09-10-04.19.02.459521 R03-M1-N8-I:J18-U11 RAS APP FATAL ciod: Error reading message prefix after LOGIN_MESSAGE on CioStream socket to 172.16.96.116:43289: Link has been severed
APPSEV 1126351142 2005.09.10 R46-M1-N8-I:J18-U11 2005-09-10-04.19.02.637632 R46-M1-N8-I:J18-U11 RAS APP FATAL ciod: Error reading message prefix after LOGIN_MESSAGE on CioStream socket to 172.16.96.116:43529: Link has been severed
APPSEV 1126351142 2005.09.10 R14-M1-N8-I:J18-U11 2005-09-10-04.19.02.819558 R14-M1-N8-I:J18-U11 RAS APP FATAL ciod: Error reading message prefix after LOGIN_MESSAGE on CioStream socket to 172.16.96.116:42657: Link has been severed
APPSEV 1126351143 2005.09.10 R16-M1-NC-I:J18-U11 2005-09-10-04.19.03.011926 R16-M1-NC-I:J18-U11 RAS APP FATAL ciod: Error reading message prefix after LOGIN_MESSAGE on CioStream socket to 172.16.96.116:42719: Link has been severed
APPSEV 1126351143 2005.09.10 R15-M0-N8-I:J18-U11 2005-09-10-04.19.03.190181 R15-M0-N8-I:J18-U11 RAS APP FATAL ciod: Error reading message prefix after LOGIN_MESSAGE on CioStream socket to 172.16.96.116:43169: Link has been severed
APPSEV 1126351143 2005.09.10 R71-M0-N0-I:J18-U11 2005-09-10-04.19.03.369728 R71-M0-N0-I:J18-U11 RAS APP FATAL ciod: Error reading message prefix after LOGIN_MESSAGE on CioStream socket to 172.16.96.116:42877: Link has been severed
APPSEV 1126351143 2005.09.10 R46-M0-N4-I:J18-U11 2005-09-10-04.19.03.554466 R46-M0-N4-I:J18-U11 RAS APP FATAL ciod: Error reading message prefix after LOGIN_MESSAGE on CioStream socket to 172.16.96.116:42763: Link has been severed
APPSEV 1126351143 2005.09.10 R02-M1-N0-I:J18-U11 2005-09-10-04.19.03.738440 R02-M1-N0-I:J18-U11 RAS APP FATAL ciod: Error reading message prefix after LOGIN_MESSAGE on CioStream socket to 172.16.96.116:43549: Link has been severed
APPSEV 1126351143 2005.09.10 R11-M0-NC-I:J18-U11 2005-09-10-04.19.03.931240 R11-M0-NC-I:J18-U11 RAS APP FATAL ciod: Error reading message prefix after LOGIN_MESSAGE on CioStream socket to 172.16.96.116:43103: Link has been severed
APPSEV 1126351144 2005.09.10 R54-M0-N8-I:J18-U11 2005-09-10-04.19.04.105752 R54-M0-N8-I:J18-U11 RAS APP FATAL ciod: Error reading message prefix after LOGIN_MESSAGE on CioStream socket to 172.16.96.116:43441: Link has been severed
APPSEV 1126351144 2005.09.10 R03-M0-N0-I:J18-U11 2005-09-10-04.19.04.474900 R03-M0-N0-I:J18-U11 RAS APP FATAL ciod: Error reading message prefix after LOGIN_MESSAGE on CioStream socket to 172.16.96.116:43037: Link has been severed
APPSEV 1126351144 2005.09.10 R15-M0-N4-I:J18-U11 2005-09-10-04.19.04.714694 R15-M0-N4-I:J18-U11 RAS APP FATAL ciod: Error reading message prefix after LOGIN_MESSAGE on CioStream socket to 172.16.96.116:43171: Link has been severed
APPSEV 1126351144 2005.09.10 R03-M1-N4-I:J18-U11 2005-09-10-04.19.04.912302 R03-M1-N4-I:J18-U11 RAS APP FATAL ciod: Error reading message prefix after LOGIN_MESSAGE on CioStream socket to 172.16.96.116:43291: Link has been severed
APPSEV 1126351145 2005.09.10 R11-M0-N8-I:J18-U11 2005-09-10-04.19.05.104224 R11-M0-N8-I:J18-U11 RAS APP FATAL ciod: Error reading message prefix after LOGIN_MESSAGE on CioStream socket to 172.16.96.116:43105: Link has been severed
APPSEV 1126351145 2005.09.10 R15-M0-N0-I:J18-U11 2005-09-10-04.19.05.295558 R15-M0-N0-I:J18-U11 RAS APP FATAL ciod: Error reading message prefix after LOGIN_MESSAGE on CioStream socket to 172.16.96.116:43173: Link has been severed
APPSEV 1126351145 2005.09.10 R12-M1-N0-I:J18-U11 2005-09-10-04.19.05.500243 R12-M1-N0-I:J18-U11 RAS APP FATAL ciod: Error reading message prefix after LOGIN_MESSAGE on CioStream socket to 172.16.96.116:42789: Link has been severed
APPSEV 1126351145 2005.09.10 R03-M0-NC-I:J18-U11 2005-09-10-04.19.05.687244 R03-M0-NC-I:J18-U11 RAS APP FATAL ciod: Error reading message prefix after LOGIN_MESSAGE on CioStream socket to 172.16.96.116:43031: Link has been severed
APPSEV 1126351145 2005.09.10 R06-M0-N4-I:J18-U11 2005-09-10-04.19.05.891519 R06-M0-N4-I:J18-U11 RAS APP FATAL ciod: Error reading message prefix after LOGIN_MESSAGE on CioStream socket to 172.16.96.116:42715: Link has been severed
APPSEV 1126351146 2005.09.10 R35-M0-N4-I:J18-U11 2005-09-10-04.19.06.081698 R35-M0-N4-I:J18-U11 RAS APP FATAL ciod: Error reading message prefix after LOGIN_MESSAGE on CioStream socket to 172.16.96.116:42923: Link has been severed
APPSEV 1126351146 2005.09.10 R11-M1-NC-I:J18-U11 2005-09-10-04.19.06.521403 R11-M1-NC-I:J18-U11 RAS APP FATAL ciod: Error reading message prefix after LOGIN_MESSAGE on CioStream socket to 172.16.96.116:42847: Link has been severed
APPSEV 1126351146 2005.09.10 R14-M0-N4-I:J18-U11 2005-09-10-04.19.06.752056 R14-M0-N4-I:J18-U11 RAS APP FATAL ciod: Error reading message prefix after LOGIN_MESSAGE on CioStream socket to 172.16.96.116:43427: Link has been severed
APPSEV 1126351146 2005.09.10 R14-M0-N8-I:J18-U11 2005-09-10-04.19.06.908085 R14-M0-N8-I:J18-U11 RAS APP FATAL ciod: Error reading message prefix after LOGIN_MESSAGE on CioStream socket to 172.16.96.116:43425: Link has been severed
APPSEV 1126351147 2005.09.10 R02-M0-N8-I:J18-U11 2005-09-10-04.19.07.099832 R02-M0-N8-I:J18-U11 RAS APP FATAL ciod: Error reading message prefix after LOGIN_MESSAGE on CioStream socket to 172.16.96.116:42777: Link has been severed
APPSEV 1126351147 2005.09.10 R71-M0-N4-I:J18-U11 2005-09-10-04.19.07.279569 R71-M0-N4-I:J18-U11 RAS APP FATAL ciod: Error reading message prefix after LOGIN_MESSAGE on CioStream socket to 172.16.96.116:42875: Link has been severed
APPSEV 1126351147 2005.09.10 R17-M1-N8-I:J18-U11 2005-09-10-04.19.07.465188 R17-M1-N8-I:J18-U11 RAS APP FATAL ciod: Error reading message prefix after LOGIN_MESSAGE on CioStream socket to 172.16.96.116:42977: Link has been severed
APPSEV 1126351147 2005.09.10 R71-M1-N0-I:J18-U11 2005-09-10-04.19.07.645332 R71-M1-N0-I:J18-U11 RAS APP FATAL ciod: Error reading message prefix after LOGIN_MESSAGE on CioStream socket to 172.16.96.116:43133: Link has been severed
APPSEV 1126351147 2005.09.10 R04-M0-N0-I:J18-U11 2005-09-10-04.19.07.824669 R04-M0-N0-I:J18-U11 RAS APP FATAL ciod: Error reading message prefix after LOGIN_MESSAGE on CioStream socket to 172.16.96.116:42653: Link has been severed
APPSEV 1126351148 2005.09.10 R04-M0-NC-I:J18-U11 2005-09-10-04.19.08.022406 R04-M0-NC-I:J18-U11 RAS APP FATAL ciod: Error reading message prefix after LOGIN_MESSAGE on CioStream socket to 172.16.96.116:42647: Link has been severed
APPSEV 1126351148 2005.09.10 R04-M0-N4-I:J18-U11 2005-09-10-04.19.08.202836 R04-M0-N4-I:J18-U11 RAS APP FATAL ciod: Error reading message prefix after LOGIN_MESSAGE on CioStream socket to 172.16.96.116:42651: Link has been severed
APPSEV 1126351148 2005.09.10 R16-M0-N0-I:J18-U11 2005-09-10-04.19.08.392823 R16-M0-N0-I:J18-U11 RAS APP FATAL ciod: Error reading message prefix after LOGIN_MESSAGE on CioStream socket to 172.16.96.116:43493: Link has been severed
APPSEV 1126351148 2005.09.10 R02-M0-NC-I:J18-U11 2005-09-10-04.19.08.578530 R02-M0-NC-I:J18-U11 RAS APP FATAL ciod: Error reading message prefix after LOGIN_MESSAGE on CioStream socket to 172.16.96.116:42775: Link has been severed
APPSEV 1126351148 2005.09.10 R03-M1-NC-I:J18-U11 2005-09-10-04.19.08.770060 R03-M1-NC-I:J18-U11 RAS APP FATAL ciod: Error reading message prefix after LOGIN_MESSAGE on CioStream socket to 172.16.96.116:43287: Link has been severed
APPSEV 1126351148 2005.09.10 R01-M0-N0-I:J18-U11 2005-09-10-04.19.08.969029 R01-M0-N0-I:J18-U11 RAS APP FATAL ciod: Error reading message prefix after LOGIN_MESSAGE on CioStream socket to 172.16.96.116:42845: Link has been severed
APPSEV 1126351149 2005.09.10 R02-M1-NC-I:J18-U11 2005-09-10-04.19.09.157581 R02-M1-NC-I:J18-U11 RAS APP FATAL ciod: Error reading message prefix after LOGIN_MESSAGE on CioStream socket to 172.16.96.116:43543: Link has been severed
APPSEV 1126351149 2005.09.10 R00-M0-N8-I:J18-U11 2005-09-10-04.19.09.350189 R00-M0-N8-I:J18-U11 RAS APP FATAL ciod: Error reading message prefix after LOGIN_MESSAGE on CioStream socket to 172.16.96.116:42585: Link has been severed
APPSEV 1126351149 2005.09.10 R00-M1-NC-I:J18-U11 2005-09-10-04.19.09.546674 R00-M1-NC-I:J18-U11 RAS APP FATAL ciod: Error reading message prefix after LOGIN_MESSAGE on CioStream socket to 172.16.96.116:43351: Link has been severed
APPSEV 1126351149 2005.09.10 R11-M0-N0-I:J18-U11 2005-09-10-04.19.09.739537 R11-M0-N0-I:J18-U11 RAS APP FATAL ciod: Error reading message prefix after LOGIN_MESSAGE on CioStream socket to 172.16.96.116:43109: Link has been severed
APPSEV 1126351149 2005.09.10 R11-M0-N4-I:J18-U11 2005-09-10-04.19.09.925300 R11-M0-N4-I:J18-U11 RAS APP FATAL ciod: Error reading message prefix after LOGIN_MESSAGE on CioStream socket to 172.16.96.116:43107: Link has been severed
APPSEV 1126351150 2005.09.10 R04-M1-N0-I:J18-U11 2005-09-10-04.19.10.114923 R04-M1-N0-I:J18-U11 RAS APP FATAL ciod: Error reading message prefix after LOGIN_MESSAGE on CioStream socket to 172.16.96.116:43421: Link has been severed
APPSEV 1126351150 2005.09.10 R01-M0-N4-I:J18-U11 2005-09-10-04.19.10.294465 R01-M0-N4-I:J18-U11 RAS APP FATAL ciod: Error reading message prefix after LOGIN_MESSAGE on CioStream socket to 172.16.96.116:42843: Link has been severed
APPSEV 1126351150 2005.09.10 R01-M1-N0-I:J18-U11 2005-09-10-04.19.10.467957 R01-M1-N0-I:J18-U11 RAS APP FATAL ciod: Error reading message prefix after LOGIN_MESSAGE on CioStream socket to 172.16.96.116:43101: Link has been severed
APPSEV 1126351150 2005.09.10 R11-M1-N8-I:J18-U11 2005-09-10-04.19.10.641775 R11-M1-N8-I:J18-U11 RAS APP FATAL ciod: Error reading message prefix after LOGIN_MESSAGE on CioStream socket to 172.16.96.116:42849: Link has been severed
APPSEV 1126351150 2005.09.10 R03-M0-N8-I:J18-U11 2005-09-10-04.19.10.834769 R03-M0-N8-I:J18-U11 RAS APP FATAL ciod: Error reading message prefix after LOGIN_MESSAGE on CioStream socket to 172.16.96.116:43033: Link has been severed
APPSEV 1126351151 2005.09.10 R07-M0-N8-I:J18-U11 2005-09-10-04.19.11.015446 R07-M0-N8-I:J18-U11 RAS APP FATAL ciod: Error reading message prefix after LOGIN_MESSAGE on CioStream socket to 172.16.96.116:42969: Link has been severed
APPSEV 1126351151 2005.09.10 R03-M1-N0-I:J18-U11 2005-09-10-04.19.11.370179 R03-M1-N0-I:J18-U11 RAS APP FATAL ciod: Error reading message prefix after LOGIN_MESSAGE on CioStream socket to 172.16.96.116:43293: Link has been severed
APPSEV 1126351151 2005.09.10 R11-M1-N0-I:J18-U11 2005-09-10-04.19.11.666473 R11-M1-N0-I:J18-U11 RAS APP FATAL ciod: Error reading message prefix after LOGIN_MESSAGE on CioStream socket to 172.16.96.116:42853: Link has been severed
APPSEV 1126351151 2005.09.10 R01-M1-N4-I:J18-U11 2005-09-10-04.19.11.858184 R01-M1-N4-I:J18-U11 RAS APP FATAL ciod: Error reading message prefix after LOGIN_MESSAGE on CioStream socket to 172.16.96.116:43099: Link has been severed
APPSEV 1126351152 2005.09.10 R01-M1-NC-I:J18-U11 2005-09-10-04.19.12.083752 R01-M1-NC-I:J18-U11 RAS APP FATAL ciod: Error reading message prefix after LOGIN_MESSAGE on CioStream socket to 172.16.96.116:43095: Link has been severed
APPSEV 1126351152 2005.09.10 R02-M1-N8-I:J18-U11 2005-09-10-04.19.12.281346 R02-M1-N8-I:J18-U11 RAS APP FATAL ciod: Error reading message prefix after LOGIN_MESSAGE on CioStream socket to 172.16.96.116:43545: Link has been severed
APPSEV 1126351152 2005.09.10 R17-M1-N4-I:J18-U11 2005-09-10-04.19.12.473888 R17-M1-N4-I:J18-U11 RAS APP FATAL ciod: Error reading message prefix after LOGIN_MESSAGE on CioStream socket to 172.16.96.116:42979: Link has been severed
APPSEV 1126351152 2005.09.10 R17-M0-N0-I:J18-U11 2005-09-10-04.19.12.665490 R17-M0-N0-I:J18-U11 RAS APP FATAL ciod: Error reading message prefix after LOGIN_MESSAGE on CioStream socket to 172.16.96.116:43237: Link has been severed
APPSEV 1126351152 2005.09.10 R04-M1-N8-I:J18-U11 2005-09-10-04.19.12.856563 R04-M1-N8-I:J18-U11 RAS APP FATAL ciod: Error reading message prefix after LOGIN_MESSAGE on CioStream socket to 172.16.96.116:43417: Link has been severed
APPSEV 1126351153 2005.09.10 R17-M0-NC-I:J18-U11 2005-09-10-04.19.13.058684 R17-M0-NC-I:J18-U11 RAS APP FATAL ciod: Error reading message prefix after LOGIN_MESSAGE on CioStream socket to 172.16.96.116:43231: Link has been severed
APPSEV 1126351153 2005.09.10 R07-M0-NC-I:J18-U11 2005-09-10-04.19.13.238816 R07-M0-NC-I:J18-U11 RAS APP FATAL ciod: Error reading message prefix after LOGIN_MESSAGE on CioStream socket to 172.16.96.116:42967: Link has been severed
APPSEV 1126351153 2005.09.10 R17-M0-N4-I:J18-U11 2005-09-10-04.19.13.419805 R17-M0-N4-I:J18-U11 RAS APP FATAL ciod: Error reading message prefix after LOGIN_MESSAGE on CioStream socket to 172.16.96.116:43235: Link has been severed
APPSEV 1126351153 2005.09.10 R07-M0-N0-I:J18-U11 2005-09-10-04.19.13.609596 R07-M0-N0-I:J18-U11 RAS APP FATAL ciod: Error reading message prefix after LOGIN_MESSAGE on CioStream socket to 172.16.96.116:42973: Link has been severed
APPSEV 1126351153 2005.09.10 R17-M1-N0-I:J18-U11 2005-09-10-04.19.13.777885 R17-M1-N0-I:J18-U11 RAS APP FATAL ciod: Error reading message prefix after LOGIN_MESSAGE on CioStream socket to 172.16.96.116:42981: Link has been severed
APPSEV 1126351153 2005.09.10 R71-M0-N8-I:J18-U11 2005-09-10-04.19.13.961933 R71-M0-N8-I:J18-U11 RAS APP FATAL ciod: Error reading message prefix after LOGIN_MESSAGE on CioStream socket to 172.16.96.116:42873: Link has been severed
APPSEV 1126351154 2005.09.10 R02-M0-N0-I:J18-U11 2005-09-10-04.19.14.154245 R02-M0-N0-I:J18-U11 RAS APP FATAL ciod: Error reading message prefix after LOGIN_MESSAGE on CioStream socket to 172.16.96.116:42781: Link has been severed
APPSEV 1126351154 2005.09.10 R13-M1-NC-I:J18-U11 2005-09-10-04.19.14.335001 R13-M1-NC-I:J18-U11 RAS APP FATAL ciod: Error reading message prefix after LOGIN_MESSAGE on CioStream socket to 172.16.96.116:43039: Link has been severed
APPSEV 1126351154 2005.09.10 R07-M1-N8-I:J18-U11 2005-09-10-04.19.14.536955 R07-M1-N8-I:J18-U11 RAS APP FATAL ciod: Error reading message prefix after LOGIN_MESSAGE on CioStream socket to 172.16.96.116:43225: Link has been severed
APPSEV 1126351154 2005.09.10 R07-M1-NC-I:J18-U11 2005-09-10-04.19.14.752764 R07-M1-NC-I:J18-U11 RAS APP FATAL ciod: Error reading message prefix after LOGIN_MESSAGE on CioStream socket to 172.16.96.116:43223: Link has been severed
APPSEV 1126351154 2005.09.10 R07-M1-N0-I:J18-U11 2005-09-10-04.19.14.932440 R07-M1-N0-I:J18-U11 RAS APP FATAL ciod: Error reading message prefix after LOGIN_MESSAGE on CioStream socket to 172.16.96.116:43229: Link has been severed
APPSEV 1126351155 2005.09.10 R06-M1-NC-I:J18-U11 2005-09-10-04.19.15.122631 R06-M1-NC-I:J18-U11 RAS APP FATAL ciod: Error reading message prefix after LOGIN_MESSAGE on CioStream socket to 172.16.96.116:43479: Link has been severed
APPSEV 1126351155 2005.09.10 R07-M0-N4-I:J18-U11 2005-09-10-04.19.15.314455 R07-M0-N4-I:J18-U11 RAS APP FATAL ciod: Error reading message prefix after LOGIN_MESSAGE on CioStream socket to 172.16.96.116:42971: Link has been severed
APPSEV 1126351155 2005.09.10 R02-M1-N4-I:J18-U11 2005-09-10-04.19.15.519210 R02-M1-N4-I:J18-U11 RAS APP FATAL ciod: Error reading message prefix after LOGIN_MESSAGE on CioStream socket to 172.16.96.116:43547: Link has been severed
APPSEV 1126351155 2005.09.10 R01-M1-N8-I:J18-U11 2005-09-10-04.19.15.709275 R01-M1-N8-I:J18-U11 RAS APP FATAL ciod: Error reading message prefix after LOGIN_MESSAGE on CioStream socket to 172.16.96.116:43097: Link has been severed
APPSEV 1126351155 2005.09.10 R13-M0-N4-I:J18-U11 2005-09-10-04.19.15.908532 R13-M0-N4-I:J18-U11 RAS APP FATAL ciod: Error reading message prefix after LOGIN_MESSAGE on CioStream socket to 172.16.96.116:43299: Link has been severed
APPSEV 1126351156 2005.09.10 R02-M0-N4-I:J18-U11 2005-09-10-04.19.16.098796 R02-M0-N4-I:J18-U11 RAS APP FATAL ciod: Error reading message prefix after LOGIN_MESSAGE on CioStream socket to 172.16.96.116:42779: Link has been severed
APPSEV 1126351156 2005.09.10 R05-M1-N0-I:J18-U11 2005-09-10-04.19.16.407893 R05-M1-N0-I:J18-U11 RAS APP FATAL ciod: Error reading message prefix after LOGIN_MESSAGE on CioStream socket to 172.16.96.116:43165: Link has been severed
APPSEV 1126351156 2005.09.10 R05-M0-N8-I:J18-U11 2005-09-10-04.19.16.680204 R05-M0-N8-I:J18-U11 RAS APP FATAL ciod: Error reading message prefix after LOGIN_MESSAGE on CioStream socket to 172.16.96.116:42905: Link has been severed
APPSEV 1126351156 2005.09.10 R01-M0-N8-I:J18-U11 2005-09-10-04.19.16.853042 R01-M0-N8-I:J18-U11 RAS APP FATAL ciod: Error reading message prefix after LOGIN_MESSAGE on CioStream socket to 172.16.96.116:42841: Link has been severed
APPSEV 1126351157 2005.09.10 R01-M0-NC-I:J18-U11 2005-09-10-04.19.17.044060 R01-M0-NC-I:J18-U11 RAS APP FATAL ciod: Error reading message prefix after LOGIN_MESSAGE on CioStream socket to 172.16.96.116:42839: Link has been severed
APPSEV 1126351157 2005.09.10 R11-M1-N4-I:J18-U11 2005-09-10-04.19.17.223962 R11-M1-N4-I:J18-U11 RAS APP FATAL ciod: Error reading message prefix after LOGIN_MESSAGE on CioStream socket to 172.16.96.116:42851: Link has been severed
APPSEV 1126351157 2005.09.10 R05-M0-NC-I:J18-U11 2005-09-10-04.19.17.397893 R05-M0-NC-I:J18-U11 RAS APP FATAL ciod: Error reading message prefix after LOGIN_MESSAGE on CioStream socket to 172.16.96.116:42903: Link has been severed
APPSEV 1126351157 2005.09.10 R05-M1-N8-I:J18-U11 2005-09-10-04.19.17.564439 R05-M1-N8-I:J18-U11 RAS APP FATAL ciod: Error reading message prefix after LOGIN_MESSAGE on CioStream socket to 172.16.96.116:43161: Link has been severed
APPSEV 1126351157 2005.09.10 R05-M1-N4-I:J18-U11 2005-09-10-04.19.17.744400 R05-M1-N4-I:J18-U11 RAS APP FATAL ciod: Error reading message prefix after LOGIN_MESSAGE on CioStream socket to 172.16.96.116:43163: Link has been severed
APPSEV 1126351157 2005.09.10 R04-M0-N8-I:J18-U11 2005-09-10-04.19.17.919503 R04-M0-N8-I:J18-U11 RAS APP FATAL ciod: Error reading message prefix after LOGIN_MESSAGE on CioStream socket to 172.16.96.116:42649: Link has been severed
APPSEV 1126351158 2005.09.10 R13-M1-N0-I:J18-U11 2005-09-10-04.19.18.086379 R13-M1-N0-I:J18-U11 RAS APP FATAL ciod: Error reading message prefix after LOGIN_MESSAGE on CioStream socket to 172.16.96.116:43045: Link has been severed
APPSEV 1126351158 2005.09.10 R05-M0-N0-I:J18-U11 2005-09-10-04.19.18.265190 R05-M0-N0-I:J18-U11 RAS APP FATAL ciod: Error reading message prefix after LOGIN_MESSAGE on CioStream socket to 172.16.96.116:42909: Link has been severed
APPSEV 1126351158 2005.09.10 R13-M1-N4-I:J18-U11 2005-09-10-04.19.18.451015 R13-M1-N4-I:J18-U11 RAS APP FATAL ciod: Error reading message prefix after LOGIN_MESSAGE on CioStream socket to 172.16.96.116:43043: Link has been severed
APPSEV 1126351158 2005.09.10 R06-M1-N4-I:J18-U11 2005-09-10-04.19.18.642530 R06-M1-N4-I:J18-U11 RAS APP FATAL ciod: Error reading message prefix after LOGIN_MESSAGE on CioStream socket to 172.16.96.116:43483: Link has been severed
APPSEV 1126351158 2005.09.10 R12-M1-NC-I:J18-U11 2005-09-10-04.19.18.827811 R12-M1-NC-I:J18-U11 RAS APP FATAL ciod: Error reading message prefix after LOGIN_MESSAGE on CioStream socket to 172.16.96.116:42783: Link has been severed
APPSEV 1126351159 2005.09.10 R06-M0-N0-I:J18-U11 2005-09-10-04.19.19.008403 R06-M0-N0-I:J18-U11 RAS APP FATAL ciod: Error reading message prefix after LOGIN_MESSAGE on CioStream socket to 172.16.96.116:42717: Link has been severed
APPSEV 1126351159 2005.09.10 R06-M1-N0-I:J18-U11 2005-09-10-04.19.19.180664 R06-M1-N0-I:J18-U11 RAS APP FATAL ciod: Error reading message prefix after LOGIN_MESSAGE on CioStream socket to 172.16.96.116:43485: Link has been severed
APPSEV 1126351159 2005.09.10 R13-M0-N8-I:J18-U11 2005-09-10-04.19.19.359949 R13-M0-N8-I:J18-U11 RAS APP FATAL ciod: Error reading message prefix after LOGIN_MESSAGE on CioStream socket to 172.16.96.116:43297: Link has been severed
APPSEV 1126351159 2005.09.10 R04-M1-NC-I:J18-U11 2005-09-10-04.19.19.553522 R04-M1-NC-I:J18-U11 RAS APP FATAL ciod: Error reading message prefix after LOGIN_MESSAGE on CioStream socket to 172.16.96.116:43415: Link has been severed
APPSEV 1126351159 2005.09.10 R06-M1-N8-I:J18-U11 2005-09-10-04.19.19.726450 R06-M1-N8-I:J18-U11 RAS APP FATAL ciod: Error reading message prefix after LOGIN_MESSAGE on CioStream socket to 172.16.96.116:43481: Link has been severed
APPSEV 1126351159 2005.09.10 R06-M0-N8-I:J18-U11 2005-09-10-04.19.19.895312 R06-M0-N8-I:J18-U11 RAS APP FATAL ciod: Error reading message prefix after LOGIN_MESSAGE on CioStream socket to 172.16.96.116:42713: Link has been severed
APPSEV 1126351160 2005.09.10 R75-M1-NC-I:J18-U11 2005-09-10-04.19.20.075805 R75-M1-NC-I:J18-U11 RAS APP FATAL ciod: Error reading message prefix after LOGIN_MESSAGE on CioStream socket to 172.16.96.116:43191: Link has been severed
APPSEV 1126351160 2005.09.10 R13-M0-N0-I:J18-U11 2005-09-10-04.19.20.253542 R13-M0-N0-I:J18-U11 RAS APP FATAL ciod: Error reading message prefix after LOGIN_MESSAGE on CioStream socket to 172.16.96.116:43301: Link has been severed
APPSEV 1126351160 2005.09.10 R17-M0-N8-I:J18-U11 2005-09-10-04.19.20.420959 R17-M0-N8-I:J18-U11 RAS APP FATAL ciod: Error reading message prefix after LOGIN_MESSAGE on CioStream socket to 172.16.96.116:43233: Link has been severed
APPSEV 1126351160 2005.09.10 R06-M0-NC-I:J18-U11 2005-09-10-04.19.20.589424 R06-M0-NC-I:J18-U11 RAS APP FATAL ciod: Error reading message prefix after LOGIN_MESSAGE on CioStream socket to 172.16.96.116:42711: Link has been severed
APPSEV 1126351160 2005.09.10 R75-M1-N4-I:J18-U11 2005-09-10-04.19.20.756218 R75-M1-N4-I:J18-U11 RAS APP FATAL ciod: Error reading message prefix after LOGIN_MESSAGE on CioStream socket to 172.16.96.116:43195: Link has been severed
